[2026-09-21T11:51:52.641+0000] {processor.py:186} INFO - Started process (PID=163) to work on /opt/airflow/dags/dss150p_pipeline.py
[2026-09-21T11:51:52.657+0000] {processor.py:914} INFO - Processing file /opt/airflow/dags/dss150p_pipeline.py for tasks to queue
[2026-09-21T11:51:52.703+0000] {logging_mixin.py:190} INFO - [2026-09-21T11:51:52.699+0000] {dagbag.py:588} INFO - Filling up the DagBag from /opt/airflow/dags/dss150p_pipeline.py
[2026-09-21T11:51:53.148+0000] {processor.py:925} INFO - DAG(s) 'dss150p_sales_pipeline' retrieved from /opt/airflow/dags/dss150p_pipeline.py
[2026-09-21T11:51:54.561+0000] {logging_mixin.py:190} INFO - [2026-09-21T11:51:54.546+0000] {override.py:1912} INFO - Created Permission View: can delete on DAG:dss150p_sales_pipeline
[2026-09-21T11:51:54.754+0000] {logging_mixin.py:190} INFO - [2026-09-21T11:51:54.753+0000] {override.py:1912} INFO - Created Permission View: can edit on DAG:dss150p_sales_pipeline
[2026-09-21T11:51:54.807+0000] {logging_mixin.py:190} INFO - [2026-09-21T11:51:54.803+0000] {override.py:1912} INFO - Created Permission View: can read on DAG:dss150p_sales_pipeline
[2026-09-21T11:51:54.851+0000] {logging_mixin.py:190} INFO - [2026-09-21T11:51:54.850+0000] {override.py:1912} INFO - Created Permission View: menu access on DAG Run:dss150p_sales_pipeline
[2026-09-21T11:51:54.888+0000] {logging_mixin.py:190} INFO - [2026-09-21T11:51:54.887+0000] {override.py:1912} INFO - Created Permission View: can delete on DAG Run:dss150p_sales_pipeline
[2026-09-21T11:51:54.939+0000] {logging_mixin.py:190} INFO - [2026-09-21T11:51:54.937+0000] {override.py:1912} INFO - Created Permission View: can create on DAG Run:dss150p_sales_pipeline
[2026-09-21T11:51:54.979+0000] {logging_mixin.py:190} INFO - [2026-09-21T11:51:54.978+0000] {override.py:1912} INFO - Created Permission View: can read on DAG Run:dss150p_sales_pipeline
[2026-09-21T11:51:54.986+0000] {logging_mixin.py:190} INFO - [2026-09-21T11:51:54.986+0000] {dag.py:3239} INFO - Sync 1 DAGs
[2026-09-21T11:51:55.051+0000] {logging_mixin.py:190} INFO - [2026-09-21T11:51:55.051+0000] {dag.py:3262} INFO - Creating ORM DAG for dss150p_sales_pipeline
[2026-09-21T11:51:55.100+0000] {logging_mixin.py:190} INFO - [2026-09-21T11:51:55.099+0000] {dag.py:4180} INFO - Setting next_dagrun for dss150p_sales_pipeline to 2026-09-20 02:00:00+00:00, run_after=2026-09-21 02:00:00+00:00
[2026-09-21T11:51:55.163+0000] {processor.py:208} INFO - Processing /opt/airflow/dags/dss150p_pipeline.py took 2.627 seconds
[2026-09-21T11:52:36.255+0000] {processor.py:186} INFO - Started process (PID=168) to work on /opt/airflow/dags/dss150p_pipeline.py
[2026-09-21T11:52:36.287+0000] {processor.py:914} INFO - Processing file /opt/airflow/dags/dss150p_pipeline.py for tasks to queue
[2026-09-21T11:52:36.315+0000] {logging_mixin.py:190} INFO - [2026-09-21T11:52:36.314+0000] {dagbag.py:588} INFO - Filling up the DagBag from /opt/airflow/dags/dss150p_pipeline.py
[2026-09-21T11:52:36.625+0000] {processor.py:925} INFO - DAG(s) 'dss150p_sales_pipeline' retrieved from /opt/airflow/dags/dss150p_pipeline.py
[2026-09-21T11:52:38.128+0000] {logging_mixin.py:190} INFO - [2026-09-21T11:52:38.127+0000] {dag.py:3239} INFO - Sync 1 DAGs
[2026-09-21T11:52:39.437+0000] {logging_mixin.py:190} INFO - [2026-09-21T11:52:39.435+0000] {dag.py:4180} INFO - Setting next_dagrun for dss150p_sales_pipeline to 2026-09-20 02:00:00+00:00, run_after=2026-09-21 02:00:00+00:00
[2026-09-21T11:52:40.669+0000] {processor.py:208} INFO - Processing /opt/airflow/dags/dss150p_pipeline.py took 4.705 seconds
[2026-09-21T11:53:11.412+0000] {processor.py:186} INFO - Started process (PID=173) to work on /opt/airflow/dags/dss150p_pipeline.py
[2026-09-21T11:53:11.441+0000] {processor.py:914} INFO - Processing file /opt/airflow/dags/dss150p_pipeline.py for tasks to queue
[2026-09-21T11:53:11.497+0000] {logging_mixin.py:190} INFO - [2026-09-21T11:53:11.494+0000] {dagbag.py:588} INFO - Filling up the DagBag from /opt/airflow/dags/dss150p_pipeline.py
[2026-09-21T11:53:12.069+0000] {processor.py:925} INFO - DAG(s) 'dss150p_sales_pipeline' retrieved from /opt/airflow/dags/dss150p_pipeline.py
[2026-09-21T11:53:16.017+0000] {logging_mixin.py:190} INFO - [2026-09-21T11:53:16.016+0000] {dag.py:3239} INFO - Sync 1 DAGs
[2026-09-21T11:53:16.886+0000] {logging_mixin.py:190} INFO - [2026-09-21T11:53:16.886+0000] {dag.py:4180} INFO - Setting next_dagrun for dss150p_sales_pipeline to 2026-09-20 02:00:00+00:00, run_after=2026-09-21 02:00:00+00:00
[2026-09-21T11:53:17.070+0000] {processor.py:208} INFO - Processing /opt/airflow/dags/dss150p_pipeline.py took 5.834 seconds
[2026-09-21T11:53:47.459+0000] {processor.py:186} INFO - Started process (PID=178) to work on /opt/airflow/dags/dss150p_pipeline.py
[2026-09-21T11:53:47.463+0000] {processor.py:914} INFO - Processing file /opt/airflow/dags/dss150p_pipeline.py for tasks to queue
[2026-09-21T11:53:47.473+0000] {logging_mixin.py:190} INFO - [2026-09-21T11:53:47.472+0000] {dagbag.py:588} INFO - Filling up the DagBag from /opt/airflow/dags/dss150p_pipeline.py
[2026-09-21T11:53:47.550+0000] {processor.py:925} INFO - DAG(s) 'dss150p_sales_pipeline' retrieved from /opt/airflow/dags/dss150p_pipeline.py
[2026-09-21T11:53:47.641+0000] {logging_mixin.py:190} INFO - [2026-09-21T11:53:47.641+0000] {dag.py:3239} INFO - Sync 1 DAGs
[2026-09-21T11:53:47.696+0000] {logging_mixin.py:190} INFO - [2026-09-21T11:53:47.696+0000] {dag.py:4180} INFO - Setting next_dagrun for dss150p_sales_pipeline to 2026-09-20 02:00:00+00:00, run_after=2026-09-21 02:00:00+00:00
[2026-09-21T11:53:47.740+0000] {processor.py:208} INFO - Processing /opt/airflow/dags/dss150p_pipeline.py took 0.303 seconds
[2026-09-21T11:54:18.213+0000] {processor.py:186} INFO - Started process (PID=183) to work on /opt/airflow/dags/dss150p_pipeline.py
[2026-09-21T11:54:18.216+0000] {processor.py:914} INFO - Processing file /opt/airflow/dags/dss150p_pipeline.py for tasks to queue
[2026-09-21T11:54:18.224+0000] {logging_mixin.py:190} INFO - [2026-09-21T11:54:18.223+0000] {dagbag.py:588} INFO - Filling up the DagBag from /opt/airflow/dags/dss150p_pipeline.py
[2026-09-21T11:54:18.271+0000] {processor.py:925} INFO - DAG(s) 'dss150p_sales_pipeline' retrieved from /opt/airflow/dags/dss150p_pipeline.py
[2026-09-21T11:54:18.379+0000] {logging_mixin.py:190} INFO - [2026-09-21T11:54:18.379+0000] {dag.py:3239} INFO - Sync 1 DAGs
[2026-09-21T11:54:18.419+0000] {logging_mixin.py:190} INFO - [2026-09-21T11:54:18.419+0000] {dag.py:4180} INFO - Setting next_dagrun for dss150p_sales_pipeline to 2026-09-20 02:00:00+00:00, run_after=2026-09-21 02:00:00+00:00
[2026-09-21T11:54:18.463+0000] {processor.py:208} INFO - Processing /opt/airflow/dags/dss150p_pipeline.py took 0.265 seconds
[2026-09-21T11:54:49.131+0000] {processor.py:186} INFO - Started process (PID=188) to work on /opt/airflow/dags/dss150p_pipeline.py
[2026-09-21T11:54:49.135+0000] {processor.py:914} INFO - Processing file /opt/airflow/dags/dss150p_pipeline.py for tasks to queue
[2026-09-21T11:54:49.143+0000] {logging_mixin.py:190} INFO - [2026-09-21T11:54:49.142+0000] {dagbag.py:588} INFO - Filling up the DagBag from /opt/airflow/dags/dss150p_pipeline.py
[2026-09-21T11:54:49.202+0000] {processor.py:925} INFO - DAG(s) 'dss150p_sales_pipeline' retrieved from /opt/airflow/dags/dss150p_pipeline.py
[2026-09-21T11:54:49.317+0000] {logging_mixin.py:190} INFO - [2026-09-21T11:54:49.317+0000] {dag.py:3239} INFO - Sync 1 DAGs
[2026-09-21T11:54:49.373+0000] {logging_mixin.py:190} INFO - [2026-09-21T11:54:49.372+0000] {dag.py:4180} INFO - Setting next_dagrun for dss150p_sales_pipeline to 2026-09-20 02:00:00+00:00, run_after=2026-09-21 02:00:00+00:00
[2026-09-21T11:54:49.449+0000] {processor.py:208} INFO - Processing /opt/airflow/dags/dss150p_pipeline.py took 0.337 seconds
[2026-09-21T11:55:20.164+0000] {processor.py:186} INFO - Started process (PID=193) to work on /opt/airflow/dags/dss150p_pipeline.py
[2026-09-21T11:55:20.177+0000] {processor.py:914} INFO - Processing file /opt/airflow/dags/dss150p_pipeline.py for tasks to queue
[2026-09-21T11:55:20.193+0000] {logging_mixin.py:190} INFO - [2026-09-21T11:55:20.192+0000] {dagbag.py:588} INFO - Filling up the DagBag from /opt/airflow/dags/dss150p_pipeline.py
[2026-09-21T11:55:20.243+0000] {processor.py:925} INFO - DAG(s) 'dss150p_sales_pipeline' retrieved from /opt/airflow/dags/dss150p_pipeline.py
[2026-09-21T11:55:20.342+0000] {logging_mixin.py:190} INFO - [2026-09-21T11:55:20.342+0000] {dag.py:3239} INFO - Sync 1 DAGs
[2026-09-21T11:55:20.381+0000] {logging_mixin.py:190} INFO - [2026-09-21T11:55:20.381+0000] {dag.py:4180} INFO - Setting next_dagrun for dss150p_sales_pipeline to 2026-09-20 02:00:00+00:00, run_after=2026-09-21 02:00:00+00:00
[2026-09-21T11:55:20.414+0000] {processor.py:208} INFO - Processing /opt/airflow/dags/dss150p_pipeline.py took 0.326 seconds
[2026-09-21T11:55:51.534+0000] {processor.py:186} INFO - Started process (PID=198) to work on /opt/airflow/dags/dss150p_pipeline.py
[2026-09-21T11:55:51.537+0000] {processor.py:914} INFO - Processing file /opt/airflow/dags/dss150p_pipeline.py for tasks to queue
[2026-09-21T11:55:51.548+0000] {logging_mixin.py:190} INFO - [2026-09-21T11:55:51.547+0000] {dagbag.py:588} INFO - Filling up the DagBag from /opt/airflow/dags/dss150p_pipeline.py
[2026-09-21T11:55:51.603+0000] {processor.py:925} INFO - DAG(s) 'dss150p_sales_pipeline' retrieved from /opt/airflow/dags/dss150p_pipeline.py
[2026-09-21T11:55:51.691+0000] {logging_mixin.py:190} INFO - [2026-09-21T11:55:51.691+0000] {dag.py:3239} INFO - Sync 1 DAGs
[2026-09-21T11:55:51.733+0000] {logging_mixin.py:190} INFO - [2026-09-21T11:55:51.733+0000] {dag.py:4180} INFO - Setting next_dagrun for dss150p_sales_pipeline to 2026-09-20 02:00:00+00:00, run_after=2026-09-21 02:00:00+00:00
[2026-09-21T11:55:51.769+0000] {processor.py:208} INFO - Processing /opt/airflow/dags/dss150p_pipeline.py took 0.261 seconds
[2026-09-21T11:56:22.093+0000] {processor.py:186} INFO - Started process (PID=203) to work on /opt/airflow/dags/dss150p_pipeline.py
[2026-09-21T11:56:22.098+0000] {processor.py:914} INFO - Processing file /opt/airflow/dags/dss150p_pipeline.py for tasks to queue
[2026-09-21T11:56:22.107+0000] {logging_mixin.py:190} INFO - [2026-09-21T11:56:22.106+0000] {dagbag.py:588} INFO - Filling up the DagBag from /opt/airflow/dags/dss150p_pipeline.py
[2026-09-21T11:56:22.295+0000] {processor.py:925} INFO - DAG(s) 'dss150p_sales_pipeline' retrieved from /opt/airflow/dags/dss150p_pipeline.py
[2026-09-21T11:56:22.752+0000] {logging_mixin.py:190} INFO - [2026-09-21T11:56:22.751+0000] {dag.py:3239} INFO - Sync 1 DAGs
[2026-09-21T11:56:23.017+0000] {logging_mixin.py:190} INFO - [2026-09-21T11:56:23.017+0000] {dag.py:4180} INFO - Setting next_dagrun for dss150p_sales_pipeline to 2026-09-20 02:00:00+00:00, run_after=2026-09-21 02:00:00+00:00
[2026-09-21T11:56:23.306+0000] {processor.py:208} INFO - Processing /opt/airflow/dags/dss150p_pipeline.py took 1.239 seconds
[2026-09-21T11:56:56.978+0000] {processor.py:186} INFO - Started process (PID=208) to work on /opt/airflow/dags/dss150p_pipeline.py
[2026-09-21T11:56:56.981+0000] {processor.py:914} INFO - Processing file /opt/airflow/dags/dss150p_pipeline.py for tasks to queue
[2026-09-21T11:56:56.987+0000] {logging_mixin.py:190} INFO - [2026-09-21T11:56:56.987+0000] {dagbag.py:588} INFO - Filling up the DagBag from /opt/airflow/dags/dss150p_pipeline.py
[2026-09-21T11:56:57.053+0000] {processor.py:925} INFO - DAG(s) 'dss150p_sales_pipeline' retrieved from /opt/airflow/dags/dss150p_pipeline.py
[2026-09-21T11:56:57.398+0000] {logging_mixin.py:190} INFO - [2026-09-21T11:56:57.397+0000] {dag.py:3239} INFO - Sync 1 DAGs
[2026-09-21T11:56:57.796+0000] {logging_mixin.py:190} INFO - [2026-09-21T11:56:57.796+0000] {dag.py:4180} INFO - Setting next_dagrun for dss150p_sales_pipeline to 2026-09-20 02:00:00+00:00, run_after=2026-09-21 02:00:00+00:00
[2026-09-21T11:56:58.320+0000] {processor.py:208} INFO - Processing /opt/airflow/dags/dss150p_pipeline.py took 1.374 seconds
[2026-09-21T11:57:29.223+0000] {processor.py:186} INFO - Started process (PID=213) to work on /opt/airflow/dags/dss150p_pipeline.py
[2026-09-21T11:57:29.229+0000] {processor.py:914} INFO - Processing file /opt/airflow/dags/dss150p_pipeline.py for tasks to queue
[2026-09-21T11:57:29.270+0000] {logging_mixin.py:190} INFO - [2026-09-21T11:57:29.258+0000] {dagbag.py:588} INFO - Filling up the DagBag from /opt/airflow/dags/dss150p_pipeline.py
[2026-09-21T11:57:29.451+0000] {processor.py:925} INFO - DAG(s) 'dss150p_sales_pipeline' retrieved from /opt/airflow/dags/dss150p_pipeline.py
[2026-09-21T11:57:29.832+0000] {logging_mixin.py:190} INFO - [2026-09-21T11:57:29.832+0000] {dag.py:3239} INFO - Sync 1 DAGs
[2026-09-21T11:57:30.003+0000] {logging_mixin.py:190} INFO - [2026-09-21T11:57:30.003+0000] {dag.py:4180} INFO - Setting next_dagrun for dss150p_sales_pipeline to 2026-09-20 02:00:00+00:00, run_after=2026-09-21 02:00:00+00:00
[2026-09-21T11:57:30.105+0000] {processor.py:208} INFO - Processing /opt/airflow/dags/dss150p_pipeline.py took 0.915 seconds
[2026-09-21T11:58:01.143+0000] {processor.py:186} INFO - Started process (PID=218) to work on /opt/airflow/dags/dss150p_pipeline.py
[2026-09-21T11:58:01.146+0000] {processor.py:914} INFO - Processing file /opt/airflow/dags/dss150p_pipeline.py for tasks to queue
[2026-09-21T11:58:01.154+0000] {logging_mixin.py:190} INFO - [2026-09-21T11:58:01.153+0000] {dagbag.py:588} INFO - Filling up the DagBag from /opt/airflow/dags/dss150p_pipeline.py
[2026-09-21T11:58:01.202+0000] {processor.py:925} INFO - DAG(s) 'dss150p_sales_pipeline' retrieved from /opt/airflow/dags/dss150p_pipeline.py
[2026-09-21T11:58:01.353+0000] {logging_mixin.py:190} INFO - [2026-09-21T11:58:01.352+0000] {dag.py:3239} INFO - Sync 1 DAGs
[2026-09-21T11:58:01.403+0000] {logging_mixin.py:190} INFO - [2026-09-21T11:58:01.402+0000] {dag.py:4180} INFO - Setting next_dagrun for dss150p_sales_pipeline to 2026-09-20 02:00:00+00:00, run_after=2026-09-21 02:00:00+00:00
[2026-09-21T11:58:01.441+0000] {processor.py:208} INFO - Processing /opt/airflow/dags/dss150p_pipeline.py took 0.318 seconds
[2026-09-21T11:58:31.892+0000] {processor.py:186} INFO - Started process (PID=223) to work on /opt/airflow/dags/dss150p_pipeline.py
[2026-09-21T11:58:31.894+0000] {processor.py:914} INFO - Processing file /opt/airflow/dags/dss150p_pipeline.py for tasks to queue
[2026-09-21T11:58:31.901+0000] {logging_mixin.py:190} INFO - [2026-09-21T11:58:31.900+0000] {dagbag.py:588} INFO - Filling up the DagBag from /opt/airflow/dags/dss150p_pipeline.py
[2026-09-21T11:58:32.049+0000] {processor.py:925} INFO - DAG(s) 'dss150p_sales_pipeline' retrieved from /opt/airflow/dags/dss150p_pipeline.py
[2026-09-21T11:58:32.410+0000] {logging_mixin.py:190} INFO - [2026-09-21T11:58:32.410+0000] {dag.py:3239} INFO - Sync 1 DAGs
[2026-09-21T11:58:32.479+0000] {logging_mixin.py:190} INFO - [2026-09-21T11:58:32.478+0000] {dag.py:4180} INFO - Setting next_dagrun for dss150p_sales_pipeline to 2026-09-20 02:00:00+00:00, run_after=2026-09-21 02:00:00+00:00
[2026-09-21T11:58:32.540+0000] {processor.py:208} INFO - Processing /opt/airflow/dags/dss150p_pipeline.py took 0.663 seconds
[2026-09-21T11:59:03.012+0000] {processor.py:186} INFO - Started process (PID=228) to work on /opt/airflow/dags/dss150p_pipeline.py
[2026-09-21T11:59:03.023+0000] {processor.py:914} INFO - Processing file /opt/airflow/dags/dss150p_pipeline.py for tasks to queue
[2026-09-21T11:59:03.052+0000] {logging_mixin.py:190} INFO - [2026-09-21T11:59:03.048+0000] {dagbag.py:588} INFO - Filling up the DagBag from /opt/airflow/dags/dss150p_pipeline.py
[2026-09-21T11:59:03.161+0000] {processor.py:925} INFO - DAG(s) 'dss150p_sales_pipeline' retrieved from /opt/airflow/dags/dss150p_pipeline.py
[2026-09-21T11:59:03.304+0000] {logging_mixin.py:190} INFO - [2026-09-21T11:59:03.304+0000] {dag.py:3239} INFO - Sync 1 DAGs
[2026-09-21T11:59:03.407+0000] {logging_mixin.py:190} INFO - [2026-09-21T11:59:03.406+0000] {dag.py:4180} INFO - Setting next_dagrun for dss150p_sales_pipeline to 2026-09-20 02:00:00+00:00, run_after=2026-09-21 02:00:00+00:00
[2026-09-21T11:59:03.458+0000] {processor.py:208} INFO - Processing /opt/airflow/dags/dss150p_pipeline.py took 0.510 seconds
[2026-09-21T11:59:34.328+0000] {processor.py:186} INFO - Started process (PID=233) to work on /opt/airflow/dags/dss150p_pipeline.py
[2026-09-21T11:59:34.330+0000] {processor.py:914} INFO - Processing file /opt/airflow/dags/dss150p_pipeline.py for tasks to queue
[2026-09-21T11:59:34.352+0000] {logging_mixin.py:190} INFO - [2026-09-21T11:59:34.351+0000] {dagbag.py:588} INFO - Filling up the DagBag from /opt/airflow/dags/dss150p_pipeline.py
[2026-09-21T11:59:34.458+0000] {processor.py:925} INFO - DAG(s) 'dss150p_sales_pipeline' retrieved from /opt/airflow/dags/dss150p_pipeline.py
[2026-09-21T11:59:35.054+0000] {logging_mixin.py:190} INFO - [2026-09-21T11:59:35.053+0000] {dag.py:3239} INFO - Sync 1 DAGs
[2026-09-21T11:59:35.207+0000] {logging_mixin.py:190} INFO - [2026-09-21T11:59:35.206+0000] {dag.py:4180} INFO - Setting next_dagrun for dss150p_sales_pipeline to 2026-09-20 02:00:00+00:00, run_after=2026-09-21 02:00:00+00:00
[2026-09-21T11:59:35.353+0000] {processor.py:208} INFO - Processing /opt/airflow/dags/dss150p_pipeline.py took 1.057 seconds
[2026-09-21T12:00:06.412+0000] {processor.py:186} INFO - Started process (PID=238) to work on /opt/airflow/dags/dss150p_pipeline.py
[2026-09-21T12:00:06.415+0000] {processor.py:914} INFO - Processing file /opt/airflow/dags/dss150p_pipeline.py for tasks to queue
[2026-09-21T12:00:06.422+0000] {logging_mixin.py:190} INFO - [2026-09-21T12:00:06.422+0000] {dagbag.py:588} INFO - Filling up the DagBag from /opt/airflow/dags/dss150p_pipeline.py
[2026-09-21T12:00:06.491+0000] {processor.py:925} INFO - DAG(s) 'dss150p_sales_pipeline' retrieved from /opt/airflow/dags/dss150p_pipeline.py
[2026-09-21T12:00:06.694+0000] {logging_mixin.py:190} INFO - [2026-09-21T12:00:06.694+0000] {dag.py:3239} INFO - Sync 1 DAGs
[2026-09-21T12:00:06.817+0000] {logging_mixin.py:190} INFO - [2026-09-21T12:00:06.816+0000] {dag.py:4180} INFO - Setting next_dagrun for dss150p_sales_pipeline to 2026-09-20 02:00:00+00:00, run_after=2026-09-21 02:00:00+00:00
[2026-09-21T12:00:06.921+0000] {processor.py:208} INFO - Processing /opt/airflow/dags/dss150p_pipeline.py took 0.521 seconds
[2026-09-21T12:00:37.625+0000] {processor.py:186} INFO - Started process (PID=243) to work on /opt/airflow/dags/dss150p_pipeline.py
[2026-09-21T12:00:37.628+0000] {processor.py:914} INFO - Processing file /opt/airflow/dags/dss150p_pipeline.py for tasks to queue
[2026-09-21T12:00:37.634+0000] {logging_mixin.py:190} INFO - [2026-09-21T12:00:37.633+0000] {dagbag.py:588} INFO - Filling up the DagBag from /opt/airflow/dags/dss150p_pipeline.py
[2026-09-21T12:00:37.684+0000] {processor.py:925} INFO - DAG(s) 'dss150p_sales_pipeline' retrieved from /opt/airflow/dags/dss150p_pipeline.py
[2026-09-21T12:00:37.760+0000] {logging_mixin.py:190} INFO - [2026-09-21T12:00:37.760+0000] {dag.py:3239} INFO - Sync 1 DAGs
[2026-09-21T12:00:37.801+0000] {logging_mixin.py:190} INFO - [2026-09-21T12:00:37.801+0000] {dag.py:4180} INFO - Setting next_dagrun for dss150p_sales_pipeline to 2026-09-20 02:00:00+00:00, run_after=2026-09-21 02:00:00+00:00
[2026-09-21T12:00:37.837+0000] {processor.py:208} INFO - Processing /opt/airflow/dags/dss150p_pipeline.py took 0.231 seconds
[2026-09-21T12:01:08.578+0000] {processor.py:186} INFO - Started process (PID=248) to work on /opt/airflow/dags/dss150p_pipeline.py
[2026-09-21T12:01:08.592+0000] {processor.py:914} INFO - Processing file /opt/airflow/dags/dss150p_pipeline.py for tasks to queue
[2026-09-21T12:01:08.626+0000] {logging_mixin.py:190} INFO - [2026-09-21T12:01:08.623+0000] {dagbag.py:588} INFO - Filling up the DagBag from /opt/airflow/dags/dss150p_pipeline.py
[2026-09-21T12:01:08.715+0000] {processor.py:925} INFO - DAG(s) 'dss150p_sales_pipeline' retrieved from /opt/airflow/dags/dss150p_pipeline.py
[2026-09-21T12:01:09.070+0000] {logging_mixin.py:190} INFO - [2026-09-21T12:01:09.069+0000] {dag.py:3239} INFO - Sync 1 DAGs
[2026-09-21T12:01:09.463+0000] {logging_mixin.py:190} INFO - [2026-09-21T12:01:09.462+0000] {dag.py:4180} INFO - Setting next_dagrun for dss150p_sales_pipeline to 2026-09-20 02:00:00+00:00, run_after=2026-09-21 02:00:00+00:00
[2026-09-21T12:01:09.621+0000] {processor.py:208} INFO - Processing /opt/airflow/dags/dss150p_pipeline.py took 1.092 seconds
[2026-09-21T12:01:40.653+0000] {processor.py:186} INFO - Started process (PID=253) to work on /opt/airflow/dags/dss150p_pipeline.py
[2026-09-21T12:01:40.656+0000] {processor.py:914} INFO - Processing file /opt/airflow/dags/dss150p_pipeline.py for tasks to queue
[2026-09-21T12:01:40.662+0000] {logging_mixin.py:190} INFO - [2026-09-21T12:01:40.662+0000] {dagbag.py:588} INFO - Filling up the DagBag from /opt/airflow/dags/dss150p_pipeline.py
[2026-09-21T12:01:40.703+0000] {processor.py:925} INFO - DAG(s) 'dss150p_sales_pipeline' retrieved from /opt/airflow/dags/dss150p_pipeline.py
[2026-09-21T12:01:41.005+0000] {logging_mixin.py:190} INFO - [2026-09-21T12:01:41.005+0000] {dag.py:3239} INFO - Sync 1 DAGs
[2026-09-21T12:01:41.222+0000] {logging_mixin.py:190} INFO - [2026-09-21T12:01:41.221+0000] {dag.py:4180} INFO - Setting next_dagrun for dss150p_sales_pipeline to 2026-09-20 02:00:00+00:00, run_after=2026-09-21 02:00:00+00:00
[2026-09-21T12:01:41.288+0000] {processor.py:208} INFO - Processing /opt/airflow/dags/dss150p_pipeline.py took 0.647 seconds
[2026-09-21T12:02:11.477+0000] {processor.py:186} INFO - Started process (PID=258) to work on /opt/airflow/dags/dss150p_pipeline.py
[2026-09-21T12:02:11.481+0000] {processor.py:914} INFO - Processing file /opt/airflow/dags/dss150p_pipeline.py for tasks to queue
[2026-09-21T12:02:11.489+0000] {logging_mixin.py:190} INFO - [2026-09-21T12:02:11.488+0000] {dagbag.py:588} INFO - Filling up the DagBag from /opt/airflow/dags/dss150p_pipeline.py
[2026-09-21T12:02:11.584+0000] {processor.py:925} INFO - DAG(s) 'dss150p_sales_pipeline' retrieved from /opt/airflow/dags/dss150p_pipeline.py
[2026-09-21T12:02:11.846+0000] {logging_mixin.py:190} INFO - [2026-09-21T12:02:11.845+0000] {dag.py:3239} INFO - Sync 1 DAGs
[2026-09-21T12:02:11.949+0000] {logging_mixin.py:190} INFO - [2026-09-21T12:02:11.948+0000] {dag.py:4180} INFO - Setting next_dagrun for dss150p_sales_pipeline to 2026-09-20 02:00:00+00:00, run_after=2026-09-21 02:00:00+00:00
[2026-09-21T12:02:12.028+0000] {processor.py:208} INFO - Processing /opt/airflow/dags/dss150p_pipeline.py took 0.568 seconds
[2026-09-21T12:02:42.290+0000] {processor.py:186} INFO - Started process (PID=263) to work on /opt/airflow/dags/dss150p_pipeline.py
[2026-09-21T12:02:42.293+0000] {processor.py:914} INFO - Processing file /opt/airflow/dags/dss150p_pipeline.py for tasks to queue
[2026-09-21T12:02:42.299+0000] {logging_mixin.py:190} INFO - [2026-09-21T12:02:42.298+0000] {dagbag.py:588} INFO - Filling up the DagBag from /opt/airflow/dags/dss150p_pipeline.py
[2026-09-21T12:02:42.363+0000] {processor.py:925} INFO - DAG(s) 'dss150p_sales_pipeline' retrieved from /opt/airflow/dags/dss150p_pipeline.py
[2026-09-21T12:02:42.475+0000] {logging_mixin.py:190} INFO - [2026-09-21T12:02:42.474+0000] {dag.py:3239} INFO - Sync 1 DAGs
[2026-09-21T12:02:42.544+0000] {logging_mixin.py:190} INFO - [2026-09-21T12:02:42.543+0000] {dag.py:4180} INFO - Setting next_dagrun for dss150p_sales_pipeline to 2026-09-20 02:00:00+00:00, run_after=2026-09-21 02:00:00+00:00
[2026-09-21T12:02:42.584+0000] {processor.py:208} INFO - Processing /opt/airflow/dags/dss150p_pipeline.py took 0.311 seconds
[2026-09-21T12:03:13.325+0000] {processor.py:186} INFO - Started process (PID=268) to work on /opt/airflow/dags/dss150p_pipeline.py
[2026-09-21T12:03:13.329+0000] {processor.py:914} INFO - Processing file /opt/airflow/dags/dss150p_pipeline.py for tasks to queue
[2026-09-21T12:03:13.361+0000] {logging_mixin.py:190} INFO - [2026-09-21T12:03:13.358+0000] {dagbag.py:588} INFO - Filling up the DagBag from /opt/airflow/dags/dss150p_pipeline.py
[2026-09-21T12:03:13.768+0000] {processor.py:925} INFO - DAG(s) 'dss150p_sales_pipeline' retrieved from /opt/airflow/dags/dss150p_pipeline.py
[2026-09-21T12:03:14.032+0000] {logging_mixin.py:190} INFO - [2026-09-21T12:03:14.031+0000] {dag.py:3239} INFO - Sync 1 DAGs
[2026-09-21T12:03:14.128+0000] {logging_mixin.py:190} INFO - [2026-09-21T12:03:14.127+0000] {dag.py:4180} INFO - Setting next_dagrun for dss150p_sales_pipeline to 2026-09-20 02:00:00+00:00, run_after=2026-09-21 02:00:00+00:00
[2026-09-21T12:03:14.369+0000] {processor.py:208} INFO - Processing /opt/airflow/dags/dss150p_pipeline.py took 1.073 seconds
[2026-09-21T12:03:45.296+0000] {processor.py:186} INFO - Started process (PID=273) to work on /opt/airflow/dags/dss150p_pipeline.py
[2026-09-21T12:03:45.300+0000] {processor.py:914} INFO - Processing file /opt/airflow/dags/dss150p_pipeline.py for tasks to queue
[2026-09-21T12:03:45.306+0000] {logging_mixin.py:190} INFO - [2026-09-21T12:03:45.305+0000] {dagbag.py:588} INFO - Filling up the DagBag from /opt/airflow/dags/dss150p_pipeline.py
[2026-09-21T12:03:45.367+0000] {processor.py:925} INFO - DAG(s) 'dss150p_sales_pipeline' retrieved from /opt/airflow/dags/dss150p_pipeline.py
[2026-09-21T12:03:45.608+0000] {logging_mixin.py:190} INFO - [2026-09-21T12:03:45.607+0000] {dag.py:3239} INFO - Sync 1 DAGs
[2026-09-21T12:03:45.740+0000] {logging_mixin.py:190} INFO - [2026-09-21T12:03:45.739+0000] {dag.py:4180} INFO - Setting next_dagrun for dss150p_sales_pipeline to 2026-09-20 02:00:00+00:00, run_after=2026-09-21 02:00:00+00:00
[2026-09-21T12:03:45.843+0000] {processor.py:208} INFO - Processing /opt/airflow/dags/dss150p_pipeline.py took 0.562 seconds
[2026-09-21T12:04:16.205+0000] {processor.py:186} INFO - Started process (PID=278) to work on /opt/airflow/dags/dss150p_pipeline.py
[2026-09-21T12:04:16.208+0000] {processor.py:914} INFO - Processing file /opt/airflow/dags/dss150p_pipeline.py for tasks to queue
[2026-09-21T12:04:16.214+0000] {logging_mixin.py:190} INFO - [2026-09-21T12:04:16.214+0000] {dagbag.py:588} INFO - Filling up the DagBag from /opt/airflow/dags/dss150p_pipeline.py
[2026-09-21T12:04:16.267+0000] {processor.py:925} INFO - DAG(s) 'dss150p_sales_pipeline' retrieved from /opt/airflow/dags/dss150p_pipeline.py
[2026-09-21T12:04:16.377+0000] {logging_mixin.py:190} INFO - [2026-09-21T12:04:16.376+0000] {dag.py:3239} INFO - Sync 1 DAGs
[2026-09-21T12:04:16.436+0000] {logging_mixin.py:190} INFO - [2026-09-21T12:04:16.435+0000] {dag.py:4180} INFO - Setting next_dagrun for dss150p_sales_pipeline to 2026-09-20 02:00:00+00:00, run_after=2026-09-21 02:00:00+00:00
[2026-09-21T12:04:16.492+0000] {processor.py:208} INFO - Processing /opt/airflow/dags/dss150p_pipeline.py took 0.302 seconds
[2026-09-21T12:04:47.130+0000] {processor.py:186} INFO - Started process (PID=283) to work on /opt/airflow/dags/dss150p_pipeline.py
[2026-09-21T12:04:47.134+0000] {processor.py:914} INFO - Processing file /opt/airflow/dags/dss150p_pipeline.py for tasks to queue
[2026-09-21T12:04:47.145+0000] {logging_mixin.py:190} INFO - [2026-09-21T12:04:47.143+0000] {dagbag.py:588} INFO - Filling up the DagBag from /opt/airflow/dags/dss150p_pipeline.py
[2026-09-21T12:04:47.274+0000] {processor.py:925} INFO - DAG(s) 'dss150p_sales_pipeline' retrieved from /opt/airflow/dags/dss150p_pipeline.py
[2026-09-21T12:04:47.382+0000] {logging_mixin.py:190} INFO - [2026-09-21T12:04:47.382+0000] {dag.py:3239} INFO - Sync 1 DAGs
[2026-09-21T12:04:47.446+0000] {logging_mixin.py:190} INFO - [2026-09-21T12:04:47.446+0000] {dag.py:4180} INFO - Setting next_dagrun for dss150p_sales_pipeline to 2026-09-20 02:00:00+00:00, run_after=2026-09-21 02:00:00+00:00
[2026-09-21T12:04:47.497+0000] {processor.py:208} INFO - Processing /opt/airflow/dags/dss150p_pipeline.py took 0.408 seconds
[2026-09-21T12:05:18.109+0000] {processor.py:186} INFO - Started process (PID=288) to work on /opt/airflow/dags/dss150p_pipeline.py
[2026-09-21T12:05:18.114+0000] {processor.py:914} INFO - Processing file /opt/airflow/dags/dss150p_pipeline.py for tasks to queue
[2026-09-21T12:05:18.133+0000] {logging_mixin.py:190} INFO - [2026-09-21T12:05:18.132+0000] {dagbag.py:588} INFO - Filling up the DagBag from /opt/airflow/dags/dss150p_pipeline.py
[2026-09-21T12:05:18.264+0000] {processor.py:925} INFO - DAG(s) 'dss150p_sales_pipeline' retrieved from /opt/airflow/dags/dss150p_pipeline.py
[2026-09-21T12:05:18.528+0000] {logging_mixin.py:190} INFO - [2026-09-21T12:05:18.527+0000] {dag.py:3239} INFO - Sync 1 DAGs
[2026-09-21T12:05:18.566+0000] {logging_mixin.py:190} INFO - [2026-09-21T12:05:18.566+0000] {dag.py:4180} INFO - Setting next_dagrun for dss150p_sales_pipeline to 2026-09-20 02:00:00+00:00, run_after=2026-09-21 02:00:00+00:00
[2026-09-21T12:05:18.600+0000] {processor.py:208} INFO - Processing /opt/airflow/dags/dss150p_pipeline.py took 0.539 seconds
[2026-09-21T12:05:49.575+0000] {processor.py:186} INFO - Started process (PID=293) to work on /opt/airflow/dags/dss150p_pipeline.py
[2026-09-21T12:05:49.578+0000] {processor.py:914} INFO - Processing file /opt/airflow/dags/dss150p_pipeline.py for tasks to queue
[2026-09-21T12:05:49.586+0000] {logging_mixin.py:190} INFO - [2026-09-21T12:05:49.585+0000] {dagbag.py:588} INFO - Filling up the DagBag from /opt/airflow/dags/dss150p_pipeline.py
[2026-09-21T12:05:49.633+0000] {processor.py:925} INFO - DAG(s) 'dss150p_sales_pipeline' retrieved from /opt/airflow/dags/dss150p_pipeline.py
[2026-09-21T12:05:49.758+0000] {logging_mixin.py:190} INFO - [2026-09-21T12:05:49.757+0000] {dag.py:3239} INFO - Sync 1 DAGs
[2026-09-21T12:05:49.819+0000] {logging_mixin.py:190} INFO - [2026-09-21T12:05:49.818+0000] {dag.py:4180} INFO - Setting next_dagrun for dss150p_sales_pipeline to 2026-09-20 02:00:00+00:00, run_after=2026-09-21 02:00:00+00:00
[2026-09-21T12:05:49.898+0000] {processor.py:208} INFO - Processing /opt/airflow/dags/dss150p_pipeline.py took 0.340 seconds
[2026-09-21T12:06:20.541+0000] {processor.py:186} INFO - Started process (PID=298) to work on /opt/airflow/dags/dss150p_pipeline.py
[2026-09-21T12:06:20.545+0000] {processor.py:914} INFO - Processing file /opt/airflow/dags/dss150p_pipeline.py for tasks to queue
[2026-09-21T12:06:20.567+0000] {logging_mixin.py:190} INFO - [2026-09-21T12:06:20.566+0000] {dagbag.py:588} INFO - Filling up the DagBag from /opt/airflow/dags/dss150p_pipeline.py
[2026-09-21T12:06:20.665+0000] {processor.py:925} INFO - DAG(s) 'dss150p_sales_pipeline' retrieved from /opt/airflow/dags/dss150p_pipeline.py
[2026-09-21T12:06:20.983+0000] {logging_mixin.py:190} INFO - [2026-09-21T12:06:20.983+0000] {dag.py:3239} INFO - Sync 1 DAGs
[2026-09-21T12:06:21.027+0000] {logging_mixin.py:190} INFO - [2026-09-21T12:06:21.027+0000] {dag.py:4180} INFO - Setting next_dagrun for dss150p_sales_pipeline to 2026-09-20 02:00:00+00:00, run_after=2026-09-21 02:00:00+00:00
[2026-09-21T12:06:21.059+0000] {processor.py:208} INFO - Processing /opt/airflow/dags/dss150p_pipeline.py took 0.555 seconds
[2026-09-21T12:06:51.494+0000] {processor.py:186} INFO - Started process (PID=303) to work on /opt/airflow/dags/dss150p_pipeline.py
[2026-09-21T12:06:51.497+0000] {processor.py:914} INFO - Processing file /opt/airflow/dags/dss150p_pipeline.py for tasks to queue
[2026-09-21T12:06:51.502+0000] {logging_mixin.py:190} INFO - [2026-09-21T12:06:51.501+0000] {dagbag.py:588} INFO - Filling up the DagBag from /opt/airflow/dags/dss150p_pipeline.py
[2026-09-21T12:06:51.545+0000] {processor.py:925} INFO - DAG(s) 'dss150p_sales_pipeline' retrieved from /opt/airflow/dags/dss150p_pipeline.py
[2026-09-21T12:06:51.655+0000] {logging_mixin.py:190} INFO - [2026-09-21T12:06:51.655+0000] {dag.py:3239} INFO - Sync 1 DAGs
[2026-09-21T12:06:51.709+0000] {logging_mixin.py:190} INFO - [2026-09-21T12:06:51.708+0000] {dag.py:4180} INFO - Setting next_dagrun for dss150p_sales_pipeline to 2026-09-20 02:00:00+00:00, run_after=2026-09-21 02:00:00+00:00
[2026-09-21T12:06:51.748+0000] {processor.py:208} INFO - Processing /opt/airflow/dags/dss150p_pipeline.py took 0.269 seconds
[2026-09-21T12:07:22.469+0000] {processor.py:186} INFO - Started process (PID=308) to work on /opt/airflow/dags/dss150p_pipeline.py
[2026-09-21T12:07:22.472+0000] {processor.py:914} INFO - Processing file /opt/airflow/dags/dss150p_pipeline.py for tasks to queue
[2026-09-21T12:07:22.477+0000] {logging_mixin.py:190} INFO - [2026-09-21T12:07:22.477+0000] {dagbag.py:588} INFO - Filling up the DagBag from /opt/airflow/dags/dss150p_pipeline.py
[2026-09-21T12:07:22.524+0000] {processor.py:925} INFO - DAG(s) 'dss150p_sales_pipeline' retrieved from /opt/airflow/dags/dss150p_pipeline.py
[2026-09-21T12:07:22.608+0000] {logging_mixin.py:190} INFO - [2026-09-21T12:07:22.607+0000] {dag.py:3239} INFO - Sync 1 DAGs
[2026-09-21T12:07:22.649+0000] {logging_mixin.py:190} INFO - [2026-09-21T12:07:22.648+0000] {dag.py:4180} INFO - Setting next_dagrun for dss150p_sales_pipeline to 2026-09-20 02:00:00+00:00, run_after=2026-09-21 02:00:00+00:00
[2026-09-21T12:07:22.696+0000] {processor.py:208} INFO - Processing /opt/airflow/dags/dss150p_pipeline.py took 0.247 seconds
[2026-09-21T12:07:53.026+0000] {processor.py:186} INFO - Started process (PID=313) to work on /opt/airflow/dags/dss150p_pipeline.py
[2026-09-21T12:07:53.029+0000] {processor.py:914} INFO - Processing file /opt/airflow/dags/dss150p_pipeline.py for tasks to queue
[2026-09-21T12:07:53.065+0000] {logging_mixin.py:190} INFO - [2026-09-21T12:07:53.064+0000] {dagbag.py:588} INFO - Filling up the DagBag from /opt/airflow/dags/dss150p_pipeline.py
[2026-09-21T12:07:53.455+0000] {processor.py:925} INFO - DAG(s) 'dss150p_sales_pipeline' retrieved from /opt/airflow/dags/dss150p_pipeline.py
[2026-09-21T12:07:53.768+0000] {logging_mixin.py:190} INFO - [2026-09-21T12:07:53.767+0000] {dag.py:3239} INFO - Sync 1 DAGs
[2026-09-21T12:07:53.902+0000] {logging_mixin.py:190} INFO - [2026-09-21T12:07:53.901+0000] {dag.py:4180} INFO - Setting next_dagrun for dss150p_sales_pipeline to 2026-09-20 02:00:00+00:00, run_after=2026-09-21 02:00:00+00:00
[2026-09-21T12:07:54.070+0000] {processor.py:208} INFO - Processing /opt/airflow/dags/dss150p_pipeline.py took 1.077 seconds
[2026-09-21T12:08:24.495+0000] {processor.py:186} INFO - Started process (PID=318) to work on /opt/airflow/dags/dss150p_pipeline.py
[2026-09-21T12:08:24.499+0000] {processor.py:914} INFO - Processing file /opt/airflow/dags/dss150p_pipeline.py for tasks to queue
[2026-09-21T12:08:24.519+0000] {logging_mixin.py:190} INFO - [2026-09-21T12:08:24.517+0000] {dagbag.py:588} INFO - Filling up the DagBag from /opt/airflow/dags/dss150p_pipeline.py
[2026-09-21T12:08:24.674+0000] {processor.py:925} INFO - DAG(s) 'dss150p_sales_pipeline' retrieved from /opt/airflow/dags/dss150p_pipeline.py
[2026-09-21T12:08:25.058+0000] {logging_mixin.py:190} INFO - [2026-09-21T12:08:25.057+0000] {dag.py:3239} INFO - Sync 1 DAGs
[2026-09-21T12:08:25.254+0000] {logging_mixin.py:190} INFO - [2026-09-21T12:08:25.254+0000] {dag.py:4180} INFO - Setting next_dagrun for dss150p_sales_pipeline to 2026-09-20 02:00:00+00:00, run_after=2026-09-21 02:00:00+00:00
[2026-09-21T12:08:25.375+0000] {processor.py:208} INFO - Processing /opt/airflow/dags/dss150p_pipeline.py took 0.914 seconds
[2026-09-21T12:08:55.911+0000] {processor.py:186} INFO - Started process (PID=323) to work on /opt/airflow/dags/dss150p_pipeline.py
[2026-09-21T12:08:55.924+0000] {processor.py:914} INFO - Processing file /opt/airflow/dags/dss150p_pipeline.py for tasks to queue
[2026-09-21T12:08:55.940+0000] {logging_mixin.py:190} INFO - [2026-09-21T12:08:55.931+0000] {dagbag.py:588} INFO - Filling up the DagBag from /opt/airflow/dags/dss150p_pipeline.py
[2026-09-21T12:08:56.088+0000] {processor.py:925} INFO - DAG(s) 'dss150p_sales_pipeline' retrieved from /opt/airflow/dags/dss150p_pipeline.py
[2026-09-21T12:08:56.408+0000] {logging_mixin.py:190} INFO - [2026-09-21T12:08:56.407+0000] {dag.py:3239} INFO - Sync 1 DAGs
[2026-09-21T12:08:56.558+0000] {logging_mixin.py:190} INFO - [2026-09-21T12:08:56.558+0000] {dag.py:4180} INFO - Setting next_dagrun for dss150p_sales_pipeline to 2026-09-20 02:00:00+00:00, run_after=2026-09-21 02:00:00+00:00
[2026-09-21T12:08:56.695+0000] {processor.py:208} INFO - Processing /opt/airflow/dags/dss150p_pipeline.py took 0.835 seconds
[2026-09-21T12:09:26.838+0000] {processor.py:186} INFO - Started process (PID=328) to work on /opt/airflow/dags/dss150p_pipeline.py
[2026-09-21T12:09:26.841+0000] {processor.py:914} INFO - Processing file /opt/airflow/dags/dss150p_pipeline.py for tasks to queue
[2026-09-21T12:09:26.847+0000] {logging_mixin.py:190} INFO - [2026-09-21T12:09:26.846+0000] {dagbag.py:588} INFO - Filling up the DagBag from /opt/airflow/dags/dss150p_pipeline.py
[2026-09-21T12:09:26.904+0000] {processor.py:925} INFO - DAG(s) 'dss150p_sales_pipeline' retrieved from /opt/airflow/dags/dss150p_pipeline.py
[2026-09-21T12:09:27.046+0000] {logging_mixin.py:190} INFO - [2026-09-21T12:09:27.046+0000] {dag.py:3239} INFO - Sync 1 DAGs
[2026-09-21T12:09:27.110+0000] {logging_mixin.py:190} INFO - [2026-09-21T12:09:27.109+0000] {dag.py:4180} INFO - Setting next_dagrun for dss150p_sales_pipeline to 2026-09-20 02:00:00+00:00, run_after=2026-09-21 02:00:00+00:00
[2026-09-21T12:09:27.158+0000] {processor.py:208} INFO - Processing /opt/airflow/dags/dss150p_pipeline.py took 0.341 seconds
[2026-09-21T12:09:57.455+0000] {processor.py:186} INFO - Started process (PID=333) to work on /opt/airflow/dags/dss150p_pipeline.py
[2026-09-21T12:09:57.458+0000] {processor.py:914} INFO - Processing file /opt/airflow/dags/dss150p_pipeline.py for tasks to queue
[2026-09-21T12:09:57.466+0000] {logging_mixin.py:190} INFO - [2026-09-21T12:09:57.465+0000] {dagbag.py:588} INFO - Filling up the DagBag from /opt/airflow/dags/dss150p_pipeline.py
[2026-09-21T12:09:57.548+0000] {processor.py:925} INFO - DAG(s) 'dss150p_sales_pipeline' retrieved from /opt/airflow/dags/dss150p_pipeline.py
[2026-09-21T12:09:57.744+0000] {logging_mixin.py:190} INFO - [2026-09-21T12:09:57.744+0000] {dag.py:3239} INFO - Sync 1 DAGs
[2026-09-21T12:09:57.837+0000] {logging_mixin.py:190} INFO - [2026-09-21T12:09:57.837+0000] {dag.py:4180} INFO - Setting next_dagrun for dss150p_sales_pipeline to 2026-09-20 02:00:00+00:00, run_after=2026-09-21 02:00:00+00:00
[2026-09-21T12:09:57.908+0000] {processor.py:208} INFO - Processing /opt/airflow/dags/dss150p_pipeline.py took 0.471 seconds
[2026-09-21T12:10:28.618+0000] {processor.py:186} INFO - Started process (PID=338) to work on /opt/airflow/dags/dss150p_pipeline.py
[2026-09-21T12:10:28.621+0000] {processor.py:914} INFO - Processing file /opt/airflow/dags/dss150p_pipeline.py for tasks to queue
[2026-09-21T12:10:28.634+0000] {logging_mixin.py:190} INFO - [2026-09-21T12:10:28.633+0000] {dagbag.py:588} INFO - Filling up the DagBag from /opt/airflow/dags/dss150p_pipeline.py
[2026-09-21T12:10:28.720+0000] {processor.py:925} INFO - DAG(s) 'dss150p_sales_pipeline' retrieved from /opt/airflow/dags/dss150p_pipeline.py
[2026-09-21T12:10:28.925+0000] {logging_mixin.py:190} INFO - [2026-09-21T12:10:28.925+0000] {dag.py:3239} INFO - Sync 1 DAGs
[2026-09-21T12:10:28.992+0000] {logging_mixin.py:190} INFO - [2026-09-21T12:10:28.992+0000] {dag.py:4180} INFO - Setting next_dagrun for dss150p_sales_pipeline to 2026-09-20 02:00:00+00:00, run_after=2026-09-21 02:00:00+00:00
[2026-09-21T12:10:29.042+0000] {processor.py:208} INFO - Processing /opt/airflow/dags/dss150p_pipeline.py took 0.443 seconds
[2026-09-21T12:11:00.487+0000] {processor.py:186} INFO - Started process (PID=343) to work on /opt/airflow/dags/dss150p_pipeline.py
[2026-09-21T12:11:00.500+0000] {processor.py:914} INFO - Processing file /opt/airflow/dags/dss150p_pipeline.py for tasks to queue
[2026-09-21T12:11:00.527+0000] {logging_mixin.py:190} INFO - [2026-09-21T12:11:00.526+0000] {dagbag.py:588} INFO - Filling up the DagBag from /opt/airflow/dags/dss150p_pipeline.py
[2026-09-21T12:11:01.111+0000] {processor.py:925} INFO - DAG(s) 'dss150p_sales_pipeline' retrieved from /opt/airflow/dags/dss150p_pipeline.py
[2026-09-21T12:11:02.147+0000] {logging_mixin.py:190} INFO - [2026-09-21T12:11:02.146+0000] {dag.py:3239} INFO - Sync 1 DAGs
[2026-09-21T12:11:02.344+0000] {logging_mixin.py:190} INFO - [2026-09-21T12:11:02.343+0000] {dag.py:4180} INFO - Setting next_dagrun for dss150p_sales_pipeline to 2026-09-20 02:00:00+00:00, run_after=2026-09-21 02:00:00+00:00
[2026-09-21T12:11:02.554+0000] {processor.py:208} INFO - Processing /opt/airflow/dags/dss150p_pipeline.py took 2.106 seconds
[2026-09-21T12:11:32.806+0000] {processor.py:186} INFO - Started process (PID=348) to work on /opt/airflow/dags/dss150p_pipeline.py
[2026-09-21T12:11:32.809+0000] {processor.py:914} INFO - Processing file /opt/airflow/dags/dss150p_pipeline.py for tasks to queue
[2026-09-21T12:11:32.816+0000] {logging_mixin.py:190} INFO - [2026-09-21T12:11:32.815+0000] {dagbag.py:588} INFO - Filling up the DagBag from /opt/airflow/dags/dss150p_pipeline.py
[2026-09-21T12:11:32.870+0000] {processor.py:925} INFO - DAG(s) 'dss150p_sales_pipeline' retrieved from /opt/airflow/dags/dss150p_pipeline.py
[2026-09-21T12:11:32.974+0000] {logging_mixin.py:190} INFO - [2026-09-21T12:11:32.974+0000] {dag.py:3239} INFO - Sync 1 DAGs
[2026-09-21T12:11:33.088+0000] {logging_mixin.py:190} INFO - [2026-09-21T12:11:33.087+0000] {dag.py:4180} INFO - Setting next_dagrun for dss150p_sales_pipeline to 2026-09-20 02:00:00+00:00, run_after=2026-09-21 02:00:00+00:00
[2026-09-21T12:11:33.128+0000] {processor.py:208} INFO - Processing /opt/airflow/dags/dss150p_pipeline.py took 0.338 seconds
[2026-09-21T12:12:03.904+0000] {processor.py:186} INFO - Started process (PID=353) to work on /opt/airflow/dags/dss150p_pipeline.py
[2026-09-21T12:12:03.909+0000] {processor.py:914} INFO - Processing file /opt/airflow/dags/dss150p_pipeline.py for tasks to queue
[2026-09-21T12:12:03.918+0000] {logging_mixin.py:190} INFO - [2026-09-21T12:12:03.917+0000] {dagbag.py:588} INFO - Filling up the DagBag from /opt/airflow/dags/dss150p_pipeline.py
[2026-09-21T12:12:03.980+0000] {processor.py:925} INFO - DAG(s) 'dss150p_sales_pipeline' retrieved from /opt/airflow/dags/dss150p_pipeline.py
[2026-09-21T12:12:04.228+0000] {logging_mixin.py:190} INFO - [2026-09-21T12:12:04.227+0000] {dag.py:3239} INFO - Sync 1 DAGs
[2026-09-21T12:12:04.363+0000] {logging_mixin.py:190} INFO - [2026-09-21T12:12:04.362+0000] {dag.py:4180} INFO - Setting next_dagrun for dss150p_sales_pipeline to 2026-09-20 02:00:00+00:00, run_after=2026-09-21 02:00:00+00:00
[2026-09-21T12:12:04.430+0000] {processor.py:208} INFO - Processing /opt/airflow/dags/dss150p_pipeline.py took 0.542 seconds
[2026-09-21T12:12:28.351+0000] {processor.py:186} INFO - Started process (PID=358) to work on /opt/airflow/dags/dss150p_pipeline.py
[2026-09-21T12:12:28.354+0000] {processor.py:914} INFO - Processing file /opt/airflow/dags/dss150p_pipeline.py for tasks to queue
[2026-09-21T12:12:28.360+0000] {logging_mixin.py:190} INFO - [2026-09-21T12:12:28.360+0000] {dagbag.py:588} INFO - Filling up the DagBag from /opt/airflow/dags/dss150p_pipeline.py
[2026-09-21T12:12:28.444+0000] {processor.py:925} INFO - DAG(s) 'dss150p_sales_pipeline' retrieved from /opt/airflow/dags/dss150p_pipeline.py
[2026-09-21T12:12:30.579+0000] {logging_mixin.py:190} INFO - [2026-09-21T12:12:30.574+0000] {dag.py:3239} INFO - Sync 1 DAGs
[2026-09-21T12:12:30.772+0000] {logging_mixin.py:190} INFO - [2026-09-21T12:12:30.772+0000] {dag.py:4180} INFO - Setting next_dagrun for dss150p_sales_pipeline to 2026-09-20 02:00:00+00:00, run_after=2026-09-21 02:00:00+00:00
[2026-09-21T12:12:30.922+0000] {processor.py:208} INFO - Processing /opt/airflow/dags/dss150p_pipeline.py took 2.587 seconds
[2026-09-21T12:13:01.643+0000] {processor.py:186} INFO - Started process (PID=363) to work on /opt/airflow/dags/dss150p_pipeline.py
[2026-09-21T12:13:01.646+0000] {processor.py:914} INFO - Processing file /opt/airflow/dags/dss150p_pipeline.py for tasks to queue
[2026-09-21T12:13:01.654+0000] {logging_mixin.py:190} INFO - [2026-09-21T12:13:01.653+0000] {dagbag.py:588} INFO - Filling up the DagBag from /opt/airflow/dags/dss150p_pipeline.py
[2026-09-21T12:13:01.709+0000] {processor.py:925} INFO - DAG(s) 'dss150p_sales_pipeline' retrieved from /opt/airflow/dags/dss150p_pipeline.py
[2026-09-21T12:13:01.855+0000] {logging_mixin.py:190} INFO - [2026-09-21T12:13:01.854+0000] {dag.py:3239} INFO - Sync 1 DAGs
[2026-09-21T12:13:01.915+0000] {logging_mixin.py:190} INFO - [2026-09-21T12:13:01.915+0000] {dag.py:4180} INFO - Setting next_dagrun for dss150p_sales_pipeline to 2026-09-20 02:00:00+00:00, run_after=2026-09-21 02:00:00+00:00
[2026-09-21T12:13:01.954+0000] {processor.py:208} INFO - Processing /opt/airflow/dags/dss150p_pipeline.py took 0.336 seconds
[2026-09-21T12:13:32.114+0000] {processor.py:186} INFO - Started process (PID=368) to work on /opt/airflow/dags/dss150p_pipeline.py
[2026-09-21T12:13:32.118+0000] {processor.py:914} INFO - Processing file /opt/airflow/dags/dss150p_pipeline.py for tasks to queue
[2026-09-21T12:13:32.125+0000] {logging_mixin.py:190} INFO - [2026-09-21T12:13:32.124+0000] {dagbag.py:588} INFO - Filling up the DagBag from /opt/airflow/dags/dss150p_pipeline.py
[2026-09-21T12:13:32.192+0000] {processor.py:925} INFO - DAG(s) 'dss150p_sales_pipeline' retrieved from /opt/airflow/dags/dss150p_pipeline.py
[2026-09-21T12:13:32.316+0000] {logging_mixin.py:190} INFO - [2026-09-21T12:13:32.316+0000] {dag.py:3239} INFO - Sync 1 DAGs
[2026-09-21T12:13:32.363+0000] {logging_mixin.py:190} INFO - [2026-09-21T12:13:32.362+0000] {dag.py:4180} INFO - Setting next_dagrun for dss150p_sales_pipeline to 2026-09-20 02:00:00+00:00, run_after=2026-09-21 02:00:00+00:00
[2026-09-21T12:13:32.398+0000] {processor.py:208} INFO - Processing /opt/airflow/dags/dss150p_pipeline.py took 0.302 seconds
[2026-09-21T12:14:03.234+0000] {processor.py:186} INFO - Started process (PID=373) to work on /opt/airflow/dags/dss150p_pipeline.py
[2026-09-21T12:14:03.237+0000] {processor.py:914} INFO - Processing file /opt/airflow/dags/dss150p_pipeline.py for tasks to queue
[2026-09-21T12:14:03.243+0000] {logging_mixin.py:190} INFO - [2026-09-21T12:14:03.242+0000] {dagbag.py:588} INFO - Filling up the DagBag from /opt/airflow/dags/dss150p_pipeline.py
[2026-09-21T12:14:03.304+0000] {processor.py:925} INFO - DAG(s) 'dss150p_sales_pipeline' retrieved from /opt/airflow/dags/dss150p_pipeline.py
[2026-09-21T12:14:03.559+0000] {logging_mixin.py:190} INFO - [2026-09-21T12:14:03.558+0000] {dag.py:3239} INFO - Sync 1 DAGs
[2026-09-21T12:14:03.676+0000] {logging_mixin.py:190} INFO - [2026-09-21T12:14:03.676+0000] {dag.py:4180} INFO - Setting next_dagrun for dss150p_sales_pipeline to 2026-09-20 02:00:00+00:00, run_after=2026-09-21 02:00:00+00:00
[2026-09-21T12:14:03.713+0000] {processor.py:208} INFO - Processing /opt/airflow/dags/dss150p_pipeline.py took 0.494 seconds
[2026-09-21T12:14:34.019+0000] {processor.py:186} INFO - Started process (PID=378) to work on /opt/airflow/dags/dss150p_pipeline.py
[2026-09-21T12:14:34.027+0000] {processor.py:914} INFO - Processing file /opt/airflow/dags/dss150p_pipeline.py for tasks to queue
[2026-09-21T12:14:34.047+0000] {logging_mixin.py:190} INFO - [2026-09-21T12:14:34.045+0000] {dagbag.py:588} INFO - Filling up the DagBag from /opt/airflow/dags/dss150p_pipeline.py
[2026-09-21T12:14:34.154+0000] {processor.py:925} INFO - DAG(s) 'dss150p_sales_pipeline' retrieved from /opt/airflow/dags/dss150p_pipeline.py
[2026-09-21T12:14:34.258+0000] {logging_mixin.py:190} INFO - [2026-09-21T12:14:34.258+0000] {dag.py:3239} INFO - Sync 1 DAGs
[2026-09-21T12:14:34.311+0000] {logging_mixin.py:190} INFO - [2026-09-21T12:14:34.311+0000] {dag.py:4180} INFO - Setting next_dagrun for dss150p_sales_pipeline to 2026-09-20 02:00:00+00:00, run_after=2026-09-21 02:00:00+00:00
[2026-09-21T12:14:34.364+0000] {processor.py:208} INFO - Processing /opt/airflow/dags/dss150p_pipeline.py took 0.383 seconds
[2026-09-21T12:15:04.684+0000] {processor.py:186} INFO - Started process (PID=383) to work on /opt/airflow/dags/dss150p_pipeline.py
[2026-09-21T12:15:04.692+0000] {processor.py:914} INFO - Processing file /opt/airflow/dags/dss150p_pipeline.py for tasks to queue
[2026-09-21T12:15:04.708+0000] {logging_mixin.py:190} INFO - [2026-09-21T12:15:04.707+0000] {dagbag.py:588} INFO - Filling up the DagBag from /opt/airflow/dags/dss150p_pipeline.py
[2026-09-21T12:15:04.816+0000] {processor.py:925} INFO - DAG(s) 'dss150p_sales_pipeline' retrieved from /opt/airflow/dags/dss150p_pipeline.py
[2026-09-21T12:15:04.964+0000] {logging_mixin.py:190} INFO - [2026-09-21T12:15:04.964+0000] {dag.py:3239} INFO - Sync 1 DAGs
[2026-09-21T12:15:05.036+0000] {logging_mixin.py:190} INFO - [2026-09-21T12:15:05.035+0000] {dag.py:4180} INFO - Setting next_dagrun for dss150p_sales_pipeline to 2026-09-20 02:00:00+00:00, run_after=2026-09-21 02:00:00+00:00
[2026-09-21T12:15:05.085+0000] {processor.py:208} INFO - Processing /opt/airflow/dags/dss150p_pipeline.py took 0.458 seconds
[2026-09-21T12:15:35.769+0000] {processor.py:186} INFO - Started process (PID=388) to work on /opt/airflow/dags/dss150p_pipeline.py
[2026-09-21T12:15:35.771+0000] {processor.py:914} INFO - Processing file /opt/airflow/dags/dss150p_pipeline.py for tasks to queue
[2026-09-21T12:15:35.779+0000] {logging_mixin.py:190} INFO - [2026-09-21T12:15:35.777+0000] {dagbag.py:588} INFO - Filling up the DagBag from /opt/airflow/dags/dss150p_pipeline.py
[2026-09-21T12:15:35.842+0000] {processor.py:925} INFO - DAG(s) 'dss150p_sales_pipeline' retrieved from /opt/airflow/dags/dss150p_pipeline.py
[2026-09-21T12:15:36.067+0000] {logging_mixin.py:190} INFO - [2026-09-21T12:15:36.067+0000] {dag.py:3239} INFO - Sync 1 DAGs
[2026-09-21T12:15:36.102+0000] {logging_mixin.py:190} INFO - [2026-09-21T12:15:36.101+0000] {dag.py:4180} INFO - Setting next_dagrun for dss150p_sales_pipeline to 2026-09-20 02:00:00+00:00, run_after=2026-09-21 02:00:00+00:00
[2026-09-21T12:15:36.134+0000] {processor.py:208} INFO - Processing /opt/airflow/dags/dss150p_pipeline.py took 0.378 seconds
[2026-09-21T12:16:06.761+0000] {processor.py:186} INFO - Started process (PID=393) to work on /opt/airflow/dags/dss150p_pipeline.py
[2026-09-21T12:16:06.779+0000] {processor.py:914} INFO - Processing file /opt/airflow/dags/dss150p_pipeline.py for tasks to queue
[2026-09-21T12:16:06.806+0000] {logging_mixin.py:190} INFO - [2026-09-21T12:16:06.803+0000] {dagbag.py:588} INFO - Filling up the DagBag from /opt/airflow/dags/dss150p_pipeline.py
[2026-09-21T12:16:06.873+0000] {processor.py:925} INFO - DAG(s) 'dss150p_sales_pipeline' retrieved from /opt/airflow/dags/dss150p_pipeline.py
[2026-09-21T12:16:07.068+0000] {logging_mixin.py:190} INFO - [2026-09-21T12:16:07.068+0000] {dag.py:3239} INFO - Sync 1 DAGs
[2026-09-21T12:16:07.219+0000] {logging_mixin.py:190} INFO - [2026-09-21T12:16:07.218+0000] {dag.py:4180} INFO - Setting next_dagrun for dss150p_sales_pipeline to 2026-09-20 02:00:00+00:00, run_after=2026-09-21 02:00:00+00:00
[2026-09-21T12:16:07.269+0000] {processor.py:208} INFO - Processing /opt/airflow/dags/dss150p_pipeline.py took 0.529 seconds
[2026-09-21T12:16:37.801+0000] {processor.py:186} INFO - Started process (PID=398) to work on /opt/airflow/dags/dss150p_pipeline.py
[2026-09-21T12:16:37.805+0000] {processor.py:914} INFO - Processing file /opt/airflow/dags/dss150p_pipeline.py for tasks to queue
[2026-09-21T12:16:37.815+0000] {logging_mixin.py:190} INFO - [2026-09-21T12:16:37.814+0000] {dagbag.py:588} INFO - Filling up the DagBag from /opt/airflow/dags/dss150p_pipeline.py
[2026-09-21T12:16:37.889+0000] {processor.py:925} INFO - DAG(s) 'dss150p_sales_pipeline' retrieved from /opt/airflow/dags/dss150p_pipeline.py
[2026-09-21T12:16:37.984+0000] {logging_mixin.py:190} INFO - [2026-09-21T12:16:37.984+0000] {dag.py:3239} INFO - Sync 1 DAGs
[2026-09-21T12:16:38.026+0000] {logging_mixin.py:190} INFO - [2026-09-21T12:16:38.026+0000] {dag.py:4180} INFO - Setting next_dagrun for dss150p_sales_pipeline to 2026-09-20 02:00:00+00:00, run_after=2026-09-21 02:00:00+00:00
[2026-09-21T12:16:38.066+0000] {processor.py:208} INFO - Processing /opt/airflow/dags/dss150p_pipeline.py took 0.289 seconds
[2026-09-21T12:17:08.338+0000] {processor.py:186} INFO - Started process (PID=403) to work on /opt/airflow/dags/dss150p_pipeline.py
[2026-09-21T12:17:08.340+0000] {processor.py:914} INFO - Processing file /opt/airflow/dags/dss150p_pipeline.py for tasks to queue
[2026-09-21T12:17:08.355+0000] {logging_mixin.py:190} INFO - [2026-09-21T12:17:08.354+0000] {dagbag.py:588} INFO - Filling up the DagBag from /opt/airflow/dags/dss150p_pipeline.py
[2026-09-21T12:17:08.424+0000] {processor.py:925} INFO - DAG(s) 'dss150p_sales_pipeline' retrieved from /opt/airflow/dags/dss150p_pipeline.py
[2026-09-21T12:17:08.860+0000] {logging_mixin.py:190} INFO - [2026-09-21T12:17:08.859+0000] {dag.py:3239} INFO - Sync 1 DAGs
[2026-09-21T12:17:08.934+0000] {logging_mixin.py:190} INFO - [2026-09-21T12:17:08.934+0000] {dag.py:4180} INFO - Setting next_dagrun for dss150p_sales_pipeline to 2026-09-20 02:00:00+00:00, run_after=2026-09-21 02:00:00+00:00
[2026-09-21T12:17:08.971+0000] {processor.py:208} INFO - Processing /opt/airflow/dags/dss150p_pipeline.py took 0.651 seconds
[2026-09-21T12:17:39.589+0000] {processor.py:186} INFO - Started process (PID=408) to work on /opt/airflow/dags/dss150p_pipeline.py
[2026-09-21T12:17:39.592+0000] {processor.py:914} INFO - Processing file /opt/airflow/dags/dss150p_pipeline.py for tasks to queue
[2026-09-21T12:17:39.605+0000] {logging_mixin.py:190} INFO - [2026-09-21T12:17:39.605+0000] {dagbag.py:588} INFO - Filling up the DagBag from /opt/airflow/dags/dss150p_pipeline.py
[2026-09-21T12:17:39.688+0000] {processor.py:925} INFO - DAG(s) 'dss150p_sales_pipeline' retrieved from /opt/airflow/dags/dss150p_pipeline.py
[2026-09-21T12:17:40.013+0000] {logging_mixin.py:190} INFO - [2026-09-21T12:17:40.003+0000] {dag.py:3239} INFO - Sync 1 DAGs
[2026-09-21T12:17:40.203+0000] {logging_mixin.py:190} INFO - [2026-09-21T12:17:40.203+0000] {dag.py:4180} INFO - Setting next_dagrun for dss150p_sales_pipeline to 2026-09-20 02:00:00+00:00, run_after=2026-09-21 02:00:00+00:00
[2026-09-21T12:17:40.412+0000] {processor.py:208} INFO - Processing /opt/airflow/dags/dss150p_pipeline.py took 0.847 seconds
[2026-09-21T12:18:10.911+0000] {processor.py:186} INFO - Started process (PID=413) to work on /opt/airflow/dags/dss150p_pipeline.py
[2026-09-21T12:18:10.915+0000] {processor.py:914} INFO - Processing file /opt/airflow/dags/dss150p_pipeline.py for tasks to queue
[2026-09-21T12:18:10.928+0000] {logging_mixin.py:190} INFO - [2026-09-21T12:18:10.927+0000] {dagbag.py:588} INFO - Filling up the DagBag from /opt/airflow/dags/dss150p_pipeline.py
[2026-09-21T12:18:11.031+0000] {processor.py:925} INFO - DAG(s) 'dss150p_sales_pipeline' retrieved from /opt/airflow/dags/dss150p_pipeline.py
[2026-09-21T12:18:11.181+0000] {logging_mixin.py:190} INFO - [2026-09-21T12:18:11.181+0000] {dag.py:3239} INFO - Sync 1 DAGs
[2026-09-21T12:18:11.231+0000] {logging_mixin.py:190} INFO - [2026-09-21T12:18:11.231+0000] {dag.py:4180} INFO - Setting next_dagrun for dss150p_sales_pipeline to 2026-09-20 02:00:00+00:00, run_after=2026-09-21 02:00:00+00:00
[2026-09-21T12:18:11.269+0000] {processor.py:208} INFO - Processing /opt/airflow/dags/dss150p_pipeline.py took 0.384 seconds
[2026-09-21T12:18:42.126+0000] {processor.py:186} INFO - Started process (PID=418) to work on /opt/airflow/dags/dss150p_pipeline.py
[2026-09-21T12:18:42.129+0000] {processor.py:914} INFO - Processing file /opt/airflow/dags/dss150p_pipeline.py for tasks to queue
[2026-09-21T12:18:42.137+0000] {logging_mixin.py:190} INFO - [2026-09-21T12:18:42.136+0000] {dagbag.py:588} INFO - Filling up the DagBag from /opt/airflow/dags/dss150p_pipeline.py
[2026-09-21T12:18:42.197+0000] {processor.py:925} INFO - DAG(s) 'dss150p_sales_pipeline' retrieved from /opt/airflow/dags/dss150p_pipeline.py
[2026-09-21T12:18:42.348+0000] {logging_mixin.py:190} INFO - [2026-09-21T12:18:42.348+0000] {dag.py:3239} INFO - Sync 1 DAGs
[2026-09-21T12:18:42.415+0000] {logging_mixin.py:190} INFO - [2026-09-21T12:18:42.415+0000] {dag.py:4180} INFO - Setting next_dagrun for dss150p_sales_pipeline to 2026-09-20 02:00:00+00:00, run_after=2026-09-21 02:00:00+00:00
[2026-09-21T12:18:42.472+0000] {processor.py:208} INFO - Processing /opt/airflow/dags/dss150p_pipeline.py took 0.361 seconds
[2026-09-21T12:19:13.288+0000] {processor.py:186} INFO - Started process (PID=423) to work on /opt/airflow/dags/dss150p_pipeline.py
[2026-09-21T12:19:13.308+0000] {processor.py:914} INFO - Processing file /opt/airflow/dags/dss150p_pipeline.py for tasks to queue
[2026-09-21T12:19:13.335+0000] {logging_mixin.py:190} INFO - [2026-09-21T12:19:13.334+0000] {dagbag.py:588} INFO - Filling up the DagBag from /opt/airflow/dags/dss150p_pipeline.py
[2026-09-21T12:19:13.529+0000] {processor.py:925} INFO - DAG(s) 'dss150p_sales_pipeline' retrieved from /opt/airflow/dags/dss150p_pipeline.py
[2026-09-21T12:19:13.714+0000] {logging_mixin.py:190} INFO - [2026-09-21T12:19:13.714+0000] {dag.py:3239} INFO - Sync 1 DAGs
[2026-09-21T12:19:13.778+0000] {logging_mixin.py:190} INFO - [2026-09-21T12:19:13.778+0000] {dag.py:4180} INFO - Setting next_dagrun for dss150p_sales_pipeline to 2026-09-20 02:00:00+00:00, run_after=2026-09-21 02:00:00+00:00
[2026-09-21T12:19:14.010+0000] {processor.py:208} INFO - Processing /opt/airflow/dags/dss150p_pipeline.py took 0.777 seconds
[2026-09-21T12:19:44.492+0000] {processor.py:186} INFO - Started process (PID=428) to work on /opt/airflow/dags/dss150p_pipeline.py
[2026-09-21T12:19:44.502+0000] {processor.py:914} INFO - Processing file /opt/airflow/dags/dss150p_pipeline.py for tasks to queue
[2026-09-21T12:19:44.519+0000] {logging_mixin.py:190} INFO - [2026-09-21T12:19:44.518+0000] {dagbag.py:588} INFO - Filling up the DagBag from /opt/airflow/dags/dss150p_pipeline.py
[2026-09-21T12:19:44.831+0000] {processor.py:925} INFO - DAG(s) 'dss150p_sales_pipeline' retrieved from /opt/airflow/dags/dss150p_pipeline.py
[2026-09-21T12:19:45.221+0000] {logging_mixin.py:190} INFO - [2026-09-21T12:19:45.220+0000] {dag.py:3239} INFO - Sync 1 DAGs
[2026-09-21T12:19:45.398+0000] {logging_mixin.py:190} INFO - [2026-09-21T12:19:45.397+0000] {dag.py:4180} INFO - Setting next_dagrun for dss150p_sales_pipeline to 2026-09-20 02:00:00+00:00, run_after=2026-09-21 02:00:00+00:00
[2026-09-21T12:19:46.240+0000] {processor.py:208} INFO - Processing /opt/airflow/dags/dss150p_pipeline.py took 1.796 seconds
[2026-09-21T12:20:16.636+0000] {processor.py:186} INFO - Started process (PID=433) to work on /opt/airflow/dags/dss150p_pipeline.py
[2026-09-21T12:20:16.640+0000] {processor.py:914} INFO - Processing file /opt/airflow/dags/dss150p_pipeline.py for tasks to queue
[2026-09-21T12:20:16.653+0000] {logging_mixin.py:190} INFO - [2026-09-21T12:20:16.651+0000] {dagbag.py:588} INFO - Filling up the DagBag from /opt/airflow/dags/dss150p_pipeline.py
[2026-09-21T12:20:16.722+0000] {processor.py:925} INFO - DAG(s) 'dss150p_sales_pipeline' retrieved from /opt/airflow/dags/dss150p_pipeline.py
[2026-09-21T12:20:16.954+0000] {logging_mixin.py:190} INFO - [2026-09-21T12:20:16.954+0000] {dag.py:3239} INFO - Sync 1 DAGs
[2026-09-21T12:20:17.002+0000] {logging_mixin.py:190} INFO - [2026-09-21T12:20:17.002+0000] {dag.py:4180} INFO - Setting next_dagrun for dss150p_sales_pipeline to 2026-09-20 02:00:00+00:00, run_after=2026-09-21 02:00:00+00:00
[2026-09-21T12:20:17.034+0000] {processor.py:208} INFO - Processing /opt/airflow/dags/dss150p_pipeline.py took 0.424 seconds
[2026-09-21T12:20:47.577+0000] {processor.py:186} INFO - Started process (PID=438) to work on /opt/airflow/dags/dss150p_pipeline.py
[2026-09-21T12:20:47.580+0000] {processor.py:914} INFO - Processing file /opt/airflow/dags/dss150p_pipeline.py for tasks to queue
[2026-09-21T12:20:47.587+0000] {logging_mixin.py:190} INFO - [2026-09-21T12:20:47.586+0000] {dagbag.py:588} INFO - Filling up the DagBag from /opt/airflow/dags/dss150p_pipeline.py
[2026-09-21T12:20:47.645+0000] {processor.py:925} INFO - DAG(s) 'dss150p_sales_pipeline' retrieved from /opt/airflow/dags/dss150p_pipeline.py
[2026-09-21T12:20:47.744+0000] {logging_mixin.py:190} INFO - [2026-09-21T12:20:47.744+0000] {dag.py:3239} INFO - Sync 1 DAGs
[2026-09-21T12:20:47.784+0000] {logging_mixin.py:190} INFO - [2026-09-21T12:20:47.784+0000] {dag.py:4180} INFO - Setting next_dagrun for dss150p_sales_pipeline to 2026-09-20 02:00:00+00:00, run_after=2026-09-21 02:00:00+00:00
[2026-09-21T12:20:47.820+0000] {processor.py:208} INFO - Processing /opt/airflow/dags/dss150p_pipeline.py took 0.258 seconds
[2026-09-21T12:21:18.443+0000] {processor.py:186} INFO - Started process (PID=443) to work on /opt/airflow/dags/dss150p_pipeline.py
[2026-09-21T12:21:18.446+0000] {processor.py:914} INFO - Processing file /opt/airflow/dags/dss150p_pipeline.py for tasks to queue
[2026-09-21T12:21:18.451+0000] {logging_mixin.py:190} INFO - [2026-09-21T12:21:18.450+0000] {dagbag.py:588} INFO - Filling up the DagBag from /opt/airflow/dags/dss150p_pipeline.py
[2026-09-21T12:21:18.497+0000] {processor.py:925} INFO - DAG(s) 'dss150p_sales_pipeline' retrieved from /opt/airflow/dags/dss150p_pipeline.py
[2026-09-21T12:21:18.704+0000] {logging_mixin.py:190} INFO - [2026-09-21T12:21:18.704+0000] {dag.py:3239} INFO - Sync 1 DAGs
[2026-09-21T12:21:18.753+0000] {logging_mixin.py:190} INFO - [2026-09-21T12:21:18.753+0000] {dag.py:4180} INFO - Setting next_dagrun for dss150p_sales_pipeline to 2026-09-20 02:00:00+00:00, run_after=2026-09-21 02:00:00+00:00
[2026-09-21T12:21:18.796+0000] {processor.py:208} INFO - Processing /opt/airflow/dags/dss150p_pipeline.py took 0.366 seconds
[2026-09-21T12:21:49.370+0000] {processor.py:186} INFO - Started process (PID=448) to work on /opt/airflow/dags/dss150p_pipeline.py
[2026-09-21T12:21:49.374+0000] {processor.py:914} INFO - Processing file /opt/airflow/dags/dss150p_pipeline.py for tasks to queue
[2026-09-21T12:21:49.382+0000] {logging_mixin.py:190} INFO - [2026-09-21T12:21:49.381+0000] {dagbag.py:588} INFO - Filling up the DagBag from /opt/airflow/dags/dss150p_pipeline.py
[2026-09-21T12:21:49.454+0000] {processor.py:925} INFO - DAG(s) 'dss150p_sales_pipeline' retrieved from /opt/airflow/dags/dss150p_pipeline.py
[2026-09-21T12:21:49.609+0000] {logging_mixin.py:190} INFO - [2026-09-21T12:21:49.609+0000] {dag.py:3239} INFO - Sync 1 DAGs
[2026-09-21T12:21:49.650+0000] {logging_mixin.py:190} INFO - [2026-09-21T12:21:49.650+0000] {dag.py:4180} INFO - Setting next_dagrun for dss150p_sales_pipeline to 2026-09-20 02:00:00+00:00, run_after=2026-09-21 02:00:00+00:00
[2026-09-21T12:21:49.682+0000] {processor.py:208} INFO - Processing /opt/airflow/dags/dss150p_pipeline.py took 0.331 seconds
[2026-09-21T12:22:20.396+0000] {processor.py:186} INFO - Started process (PID=453) to work on /opt/airflow/dags/dss150p_pipeline.py
[2026-09-21T12:22:20.401+0000] {processor.py:914} INFO - Processing file /opt/airflow/dags/dss150p_pipeline.py for tasks to queue
[2026-09-21T12:22:20.409+0000] {logging_mixin.py:190} INFO - [2026-09-21T12:22:20.408+0000] {dagbag.py:588} INFO - Filling up the DagBag from /opt/airflow/dags/dss150p_pipeline.py
[2026-09-21T12:22:20.503+0000] {processor.py:925} INFO - DAG(s) 'dss150p_sales_pipeline' retrieved from /opt/airflow/dags/dss150p_pipeline.py
[2026-09-21T12:22:20.675+0000] {logging_mixin.py:190} INFO - [2026-09-21T12:22:20.674+0000] {dag.py:3239} INFO - Sync 1 DAGs
[2026-09-21T12:22:20.722+0000] {logging_mixin.py:190} INFO - [2026-09-21T12:22:20.722+0000] {dag.py:4180} INFO - Setting next_dagrun for dss150p_sales_pipeline to 2026-09-20 02:00:00+00:00, run_after=2026-09-21 02:00:00+00:00
[2026-09-21T12:22:20.762+0000] {processor.py:208} INFO - Processing /opt/airflow/dags/dss150p_pipeline.py took 0.391 seconds
[2026-09-21T12:22:51.375+0000] {processor.py:186} INFO - Started process (PID=458) to work on /opt/airflow/dags/dss150p_pipeline.py
[2026-09-21T12:22:51.384+0000] {processor.py:914} INFO - Processing file /opt/airflow/dags/dss150p_pipeline.py for tasks to queue
[2026-09-21T12:22:51.392+0000] {logging_mixin.py:190} INFO - [2026-09-21T12:22:51.391+0000] {dagbag.py:588} INFO - Filling up the DagBag from /opt/airflow/dags/dss150p_pipeline.py
[2026-09-21T12:22:51.450+0000] {processor.py:925} INFO - DAG(s) 'dss150p_sales_pipeline' retrieved from /opt/airflow/dags/dss150p_pipeline.py
[2026-09-21T12:22:51.575+0000] {logging_mixin.py:190} INFO - [2026-09-21T12:22:51.574+0000] {dag.py:3239} INFO - Sync 1 DAGs
[2026-09-21T12:22:51.633+0000] {logging_mixin.py:190} INFO - [2026-09-21T12:22:51.633+0000] {dag.py:4180} INFO - Setting next_dagrun for dss150p_sales_pipeline to 2026-09-20 02:00:00+00:00, run_after=2026-09-21 02:00:00+00:00
[2026-09-21T12:22:51.670+0000] {processor.py:208} INFO - Processing /opt/airflow/dags/dss150p_pipeline.py took 0.314 seconds
[2026-09-21T12:23:22.394+0000] {processor.py:186} INFO - Started process (PID=463) to work on /opt/airflow/dags/dss150p_pipeline.py
[2026-09-21T12:23:22.397+0000] {processor.py:914} INFO - Processing file /opt/airflow/dags/dss150p_pipeline.py for tasks to queue
[2026-09-21T12:23:22.402+0000] {logging_mixin.py:190} INFO - [2026-09-21T12:23:22.401+0000] {dagbag.py:588} INFO - Filling up the DagBag from /opt/airflow/dags/dss150p_pipeline.py
[2026-09-21T12:23:22.459+0000] {processor.py:925} INFO - DAG(s) 'dss150p_sales_pipeline' retrieved from /opt/airflow/dags/dss150p_pipeline.py
[2026-09-21T12:23:22.647+0000] {logging_mixin.py:190} INFO - [2026-09-21T12:23:22.647+0000] {dag.py:3239} INFO - Sync 1 DAGs
[2026-09-21T12:23:22.699+0000] {logging_mixin.py:190} INFO - [2026-09-21T12:23:22.699+0000] {dag.py:4180} INFO - Setting next_dagrun for dss150p_sales_pipeline to 2026-09-20 02:00:00+00:00, run_after=2026-09-21 02:00:00+00:00
[2026-09-21T12:23:22.733+0000] {processor.py:208} INFO - Processing /opt/airflow/dags/dss150p_pipeline.py took 0.350 seconds
[2026-09-21T12:23:53.230+0000] {processor.py:186} INFO - Started process (PID=468) to work on /opt/airflow/dags/dss150p_pipeline.py
[2026-09-21T12:23:53.232+0000] {processor.py:914} INFO - Processing file /opt/airflow/dags/dss150p_pipeline.py for tasks to queue
[2026-09-21T12:23:53.236+0000] {logging_mixin.py:190} INFO - [2026-09-21T12:23:53.236+0000] {dagbag.py:588} INFO - Filling up the DagBag from /opt/airflow/dags/dss150p_pipeline.py
[2026-09-21T12:23:53.302+0000] {processor.py:925} INFO - DAG(s) 'dss150p_sales_pipeline' retrieved from /opt/airflow/dags/dss150p_pipeline.py
[2026-09-21T12:23:53.476+0000] {logging_mixin.py:190} INFO - [2026-09-21T12:23:53.475+0000] {dag.py:3239} INFO - Sync 1 DAGs
[2026-09-21T12:23:53.553+0000] {logging_mixin.py:190} INFO - [2026-09-21T12:23:53.552+0000] {dag.py:4180} INFO - Setting next_dagrun for dss150p_sales_pipeline to 2026-09-20 02:00:00+00:00, run_after=2026-09-21 02:00:00+00:00
[2026-09-21T12:23:53.668+0000] {processor.py:208} INFO - Processing /opt/airflow/dags/dss150p_pipeline.py took 0.449 seconds
[2026-09-21T12:24:24.358+0000] {processor.py:186} INFO - Started process (PID=473) to work on /opt/airflow/dags/dss150p_pipeline.py
[2026-09-21T12:24:24.364+0000] {processor.py:914} INFO - Processing file /opt/airflow/dags/dss150p_pipeline.py for tasks to queue
[2026-09-21T12:24:24.376+0000] {logging_mixin.py:190} INFO - [2026-09-21T12:24:24.374+0000] {dagbag.py:588} INFO - Filling up the DagBag from /opt/airflow/dags/dss150p_pipeline.py
[2026-09-21T12:24:24.433+0000] {processor.py:925} INFO - DAG(s) 'dss150p_sales_pipeline' retrieved from /opt/airflow/dags/dss150p_pipeline.py
[2026-09-21T12:24:24.561+0000] {logging_mixin.py:190} INFO - [2026-09-21T12:24:24.561+0000] {dag.py:3239} INFO - Sync 1 DAGs
[2026-09-21T12:24:24.610+0000] {logging_mixin.py:190} INFO - [2026-09-21T12:24:24.610+0000] {dag.py:4180} INFO - Setting next_dagrun for dss150p_sales_pipeline to 2026-09-20 02:00:00+00:00, run_after=2026-09-21 02:00:00+00:00
[2026-09-21T12:24:24.643+0000] {processor.py:208} INFO - Processing /opt/airflow/dags/dss150p_pipeline.py took 0.329 seconds
[2026-09-21T12:24:55.268+0000] {processor.py:186} INFO - Started process (PID=478) to work on /opt/airflow/dags/dss150p_pipeline.py
[2026-09-21T12:24:55.270+0000] {processor.py:914} INFO - Processing file /opt/airflow/dags/dss150p_pipeline.py for tasks to queue
[2026-09-21T12:24:55.275+0000] {logging_mixin.py:190} INFO - [2026-09-21T12:24:55.274+0000] {dagbag.py:588} INFO - Filling up the DagBag from /opt/airflow/dags/dss150p_pipeline.py
[2026-09-21T12:24:55.317+0000] {processor.py:925} INFO - DAG(s) 'dss150p_sales_pipeline' retrieved from /opt/airflow/dags/dss150p_pipeline.py
[2026-09-21T12:24:55.413+0000] {logging_mixin.py:190} INFO - [2026-09-21T12:24:55.412+0000] {dag.py:3239} INFO - Sync 1 DAGs
[2026-09-21T12:24:55.470+0000] {logging_mixin.py:190} INFO - [2026-09-21T12:24:55.470+0000] {dag.py:4180} INFO - Setting next_dagrun for dss150p_sales_pipeline to 2026-09-20 02:00:00+00:00, run_after=2026-09-21 02:00:00+00:00
[2026-09-21T12:24:55.532+0000] {processor.py:208} INFO - Processing /opt/airflow/dags/dss150p_pipeline.py took 0.276 seconds
[2026-09-21T12:25:26.333+0000] {processor.py:186} INFO - Started process (PID=483) to work on /opt/airflow/dags/dss150p_pipeline.py
[2026-09-21T12:25:26.342+0000] {processor.py:914} INFO - Processing file /opt/airflow/dags/dss150p_pipeline.py for tasks to queue
[2026-09-21T12:25:26.362+0000] {logging_mixin.py:190} INFO - [2026-09-21T12:25:26.360+0000] {dagbag.py:588} INFO - Filling up the DagBag from /opt/airflow/dags/dss150p_pipeline.py
[2026-09-21T12:25:26.471+0000] {processor.py:925} INFO - DAG(s) 'dss150p_sales_pipeline' retrieved from /opt/airflow/dags/dss150p_pipeline.py
[2026-09-21T12:25:26.679+0000] {logging_mixin.py:190} INFO - [2026-09-21T12:25:26.679+0000] {dag.py:3239} INFO - Sync 1 DAGs
[2026-09-21T12:25:26.715+0000] {logging_mixin.py:190} INFO - [2026-09-21T12:25:26.715+0000] {dag.py:4180} INFO - Setting next_dagrun for dss150p_sales_pipeline to 2026-09-20 02:00:00+00:00, run_after=2026-09-21 02:00:00+00:00
[2026-09-21T12:25:26.747+0000] {processor.py:208} INFO - Processing /opt/airflow/dags/dss150p_pipeline.py took 0.448 seconds
[2026-09-21T12:25:57.469+0000] {processor.py:186} INFO - Started process (PID=488) to work on /opt/airflow/dags/dss150p_pipeline.py
[2026-09-21T12:25:57.475+0000] {processor.py:914} INFO - Processing file /opt/airflow/dags/dss150p_pipeline.py for tasks to queue
[2026-09-21T12:25:57.493+0000] {logging_mixin.py:190} INFO - [2026-09-21T12:25:57.492+0000] {dagbag.py:588} INFO - Filling up the DagBag from /opt/airflow/dags/dss150p_pipeline.py
[2026-09-21T12:25:57.696+0000] {processor.py:925} INFO - DAG(s) 'dss150p_sales_pipeline' retrieved from /opt/airflow/dags/dss150p_pipeline.py
[2026-09-21T12:25:58.068+0000] {logging_mixin.py:190} INFO - [2026-09-21T12:25:58.067+0000] {dag.py:3239} INFO - Sync 1 DAGs
[2026-09-21T12:25:58.207+0000] {logging_mixin.py:190} INFO - [2026-09-21T12:25:58.207+0000] {dag.py:4180} INFO - Setting next_dagrun for dss150p_sales_pipeline to 2026-09-20 02:00:00+00:00, run_after=2026-09-21 02:00:00+00:00
[2026-09-21T12:25:58.292+0000] {processor.py:208} INFO - Processing /opt/airflow/dags/dss150p_pipeline.py took 0.855 seconds
[2026-09-21T12:26:28.767+0000] {processor.py:186} INFO - Started process (PID=493) to work on /opt/airflow/dags/dss150p_pipeline.py
[2026-09-21T12:26:28.772+0000] {processor.py:914} INFO - Processing file /opt/airflow/dags/dss150p_pipeline.py for tasks to queue
[2026-09-21T12:26:28.786+0000] {logging_mixin.py:190} INFO - [2026-09-21T12:26:28.780+0000] {dagbag.py:588} INFO - Filling up the DagBag from /opt/airflow/dags/dss150p_pipeline.py
[2026-09-21T12:26:28.867+0000] {processor.py:925} INFO - DAG(s) 'dss150p_sales_pipeline' retrieved from /opt/airflow/dags/dss150p_pipeline.py
[2026-09-21T12:26:29.007+0000] {logging_mixin.py:190} INFO - [2026-09-21T12:26:29.007+0000] {dag.py:3239} INFO - Sync 1 DAGs
[2026-09-21T12:26:29.082+0000] {logging_mixin.py:190} INFO - [2026-09-21T12:26:29.081+0000] {dag.py:4180} INFO - Setting next_dagrun for dss150p_sales_pipeline to 2026-09-20 02:00:00+00:00, run_after=2026-09-21 02:00:00+00:00
[2026-09-21T12:26:29.126+0000] {processor.py:208} INFO - Processing /opt/airflow/dags/dss150p_pipeline.py took 0.391 seconds
[2026-09-21T12:26:59.690+0000] {processor.py:186} INFO - Started process (PID=498) to work on /opt/airflow/dags/dss150p_pipeline.py
[2026-09-21T12:26:59.694+0000] {processor.py:914} INFO - Processing file /opt/airflow/dags/dss150p_pipeline.py for tasks to queue
[2026-09-21T12:26:59.705+0000] {logging_mixin.py:190} INFO - [2026-09-21T12:26:59.704+0000] {dagbag.py:588} INFO - Filling up the DagBag from /opt/airflow/dags/dss150p_pipeline.py
[2026-09-21T12:27:00.342+0000] {processor.py:925} INFO - DAG(s) 'dss150p_sales_pipeline' retrieved from /opt/airflow/dags/dss150p_pipeline.py
[2026-09-21T12:27:00.678+0000] {logging_mixin.py:190} INFO - [2026-09-21T12:27:00.677+0000] {dag.py:3239} INFO - Sync 1 DAGs
[2026-09-21T12:27:00.838+0000] {logging_mixin.py:190} INFO - [2026-09-21T12:27:00.838+0000] {dag.py:4180} INFO - Setting next_dagrun for dss150p_sales_pipeline to 2026-09-20 02:00:00+00:00, run_after=2026-09-21 02:00:00+00:00
[2026-09-21T12:27:01.049+0000] {processor.py:208} INFO - Processing /opt/airflow/dags/dss150p_pipeline.py took 1.396 seconds
[2026-09-21T12:27:31.301+0000] {processor.py:186} INFO - Started process (PID=503) to work on /opt/airflow/dags/dss150p_pipeline.py
[2026-09-21T12:27:31.314+0000] {processor.py:914} INFO - Processing file /opt/airflow/dags/dss150p_pipeline.py for tasks to queue
[2026-09-21T12:27:31.331+0000] {logging_mixin.py:190} INFO - [2026-09-21T12:27:31.330+0000] {dagbag.py:588} INFO - Filling up the DagBag from /opt/airflow/dags/dss150p_pipeline.py
[2026-09-21T12:27:31.526+0000] {processor.py:925} INFO - DAG(s) 'dss150p_sales_pipeline' retrieved from /opt/airflow/dags/dss150p_pipeline.py
[2026-09-21T12:27:32.242+0000] {logging_mixin.py:190} INFO - [2026-09-21T12:27:32.242+0000] {dag.py:3239} INFO - Sync 1 DAGs
[2026-09-21T12:27:32.353+0000] {logging_mixin.py:190} INFO - [2026-09-21T12:27:32.352+0000] {dag.py:4180} INFO - Setting next_dagrun for dss150p_sales_pipeline to 2026-09-20 02:00:00+00:00, run_after=2026-09-21 02:00:00+00:00
[2026-09-21T12:27:32.404+0000] {processor.py:208} INFO - Processing /opt/airflow/dags/dss150p_pipeline.py took 1.139 seconds
[2026-09-21T12:28:02.587+0000] {processor.py:186} INFO - Started process (PID=508) to work on /opt/airflow/dags/dss150p_pipeline.py
[2026-09-21T12:28:02.589+0000] {processor.py:914} INFO - Processing file /opt/airflow/dags/dss150p_pipeline.py for tasks to queue
[2026-09-21T12:28:02.595+0000] {logging_mixin.py:190} INFO - [2026-09-21T12:28:02.594+0000] {dagbag.py:588} INFO - Filling up the DagBag from /opt/airflow/dags/dss150p_pipeline.py
[2026-09-21T12:28:02.641+0000] {processor.py:925} INFO - DAG(s) 'dss150p_sales_pipeline' retrieved from /opt/airflow/dags/dss150p_pipeline.py
[2026-09-21T12:28:02.739+0000] {logging_mixin.py:190} INFO - [2026-09-21T12:28:02.739+0000] {dag.py:3239} INFO - Sync 1 DAGs
[2026-09-21T12:28:02.782+0000] {logging_mixin.py:190} INFO - [2026-09-21T12:28:02.781+0000] {dag.py:4180} INFO - Setting next_dagrun for dss150p_sales_pipeline to 2026-09-20 02:00:00+00:00, run_after=2026-09-21 02:00:00+00:00
[2026-09-21T12:28:02.821+0000] {processor.py:208} INFO - Processing /opt/airflow/dags/dss150p_pipeline.py took 0.248 seconds
[2026-09-21T12:28:33.574+0000] {processor.py:186} INFO - Started process (PID=513) to work on /opt/airflow/dags/dss150p_pipeline.py
[2026-09-21T12:28:33.594+0000] {processor.py:914} INFO - Processing file /opt/airflow/dags/dss150p_pipeline.py for tasks to queue
[2026-09-21T12:28:33.602+0000] {logging_mixin.py:190} INFO - [2026-09-21T12:28:33.601+0000] {dagbag.py:588} INFO - Filling up the DagBag from /opt/airflow/dags/dss150p_pipeline.py
[2026-09-21T12:28:33.841+0000] {processor.py:925} INFO - DAG(s) 'dss150p_sales_pipeline' retrieved from /opt/airflow/dags/dss150p_pipeline.py
[2026-09-21T12:28:33.933+0000] {logging_mixin.py:190} INFO - [2026-09-21T12:28:33.933+0000] {dag.py:3239} INFO - Sync 1 DAGs
[2026-09-21T12:28:34.005+0000] {logging_mixin.py:190} INFO - [2026-09-21T12:28:34.005+0000] {dag.py:4180} INFO - Setting next_dagrun for dss150p_sales_pipeline to 2026-09-20 02:00:00+00:00, run_after=2026-09-21 02:00:00+00:00
[2026-09-21T12:28:34.069+0000] {processor.py:208} INFO - Processing /opt/airflow/dags/dss150p_pipeline.py took 0.526 seconds
[2026-09-21T12:29:04.533+0000] {processor.py:186} INFO - Started process (PID=518) to work on /opt/airflow/dags/dss150p_pipeline.py
[2026-09-21T12:29:04.536+0000] {processor.py:914} INFO - Processing file /opt/airflow/dags/dss150p_pipeline.py for tasks to queue
[2026-09-21T12:29:04.545+0000] {logging_mixin.py:190} INFO - [2026-09-21T12:29:04.544+0000] {dagbag.py:588} INFO - Filling up the DagBag from /opt/airflow/dags/dss150p_pipeline.py
[2026-09-21T12:29:04.610+0000] {processor.py:925} INFO - DAG(s) 'dss150p_sales_pipeline' retrieved from /opt/airflow/dags/dss150p_pipeline.py
[2026-09-21T12:29:04.764+0000] {logging_mixin.py:190} INFO - [2026-09-21T12:29:04.763+0000] {dag.py:3239} INFO - Sync 1 DAGs
[2026-09-21T12:29:04.818+0000] {logging_mixin.py:190} INFO - [2026-09-21T12:29:04.817+0000] {dag.py:4180} INFO - Setting next_dagrun for dss150p_sales_pipeline to 2026-09-20 02:00:00+00:00, run_after=2026-09-21 02:00:00+00:00
[2026-09-21T12:29:04.883+0000] {processor.py:208} INFO - Processing /opt/airflow/dags/dss150p_pipeline.py took 0.376 seconds
[2026-09-21T12:29:35.188+0000] {processor.py:186} INFO - Started process (PID=523) to work on /opt/airflow/dags/dss150p_pipeline.py
[2026-09-21T12:29:35.192+0000] {processor.py:914} INFO - Processing file /opt/airflow/dags/dss150p_pipeline.py for tasks to queue
[2026-09-21T12:29:35.197+0000] {logging_mixin.py:190} INFO - [2026-09-21T12:29:35.196+0000] {dagbag.py:588} INFO - Filling up the DagBag from /opt/airflow/dags/dss150p_pipeline.py
[2026-09-21T12:29:35.253+0000] {processor.py:925} INFO - DAG(s) 'dss150p_sales_pipeline' retrieved from /opt/airflow/dags/dss150p_pipeline.py
[2026-09-21T12:29:35.382+0000] {logging_mixin.py:190} INFO - [2026-09-21T12:29:35.381+0000] {dag.py:3239} INFO - Sync 1 DAGs
[2026-09-21T12:29:35.437+0000] {logging_mixin.py:190} INFO - [2026-09-21T12:29:35.437+0000] {dag.py:4180} INFO - Setting next_dagrun for dss150p_sales_pipeline to 2026-09-20 02:00:00+00:00, run_after=2026-09-21 02:00:00+00:00
[2026-09-21T12:29:35.477+0000] {processor.py:208} INFO - Processing /opt/airflow/dags/dss150p_pipeline.py took 0.304 seconds
[2026-09-21T12:30:05.941+0000] {processor.py:186} INFO - Started process (PID=528) to work on /opt/airflow/dags/dss150p_pipeline.py
[2026-09-21T12:30:05.944+0000] {processor.py:914} INFO - Processing file /opt/airflow/dags/dss150p_pipeline.py for tasks to queue
[2026-09-21T12:30:05.951+0000] {logging_mixin.py:190} INFO - [2026-09-21T12:30:05.950+0000] {dagbag.py:588} INFO - Filling up the DagBag from /opt/airflow/dags/dss150p_pipeline.py
[2026-09-21T12:30:06.005+0000] {processor.py:925} INFO - DAG(s) 'dss150p_sales_pipeline' retrieved from /opt/airflow/dags/dss150p_pipeline.py
[2026-09-21T12:30:06.143+0000] {logging_mixin.py:190} INFO - [2026-09-21T12:30:06.142+0000] {dag.py:3239} INFO - Sync 1 DAGs
[2026-09-21T12:30:06.196+0000] {logging_mixin.py:190} INFO - [2026-09-21T12:30:06.196+0000] {dag.py:4180} INFO - Setting next_dagrun for dss150p_sales_pipeline to 2026-09-20 02:00:00+00:00, run_after=2026-09-21 02:00:00+00:00
[2026-09-21T12:30:06.234+0000] {processor.py:208} INFO - Processing /opt/airflow/dags/dss150p_pipeline.py took 0.313 seconds
[2026-09-21T12:30:22.593+0000] {processor.py:186} INFO - Started process (PID=533) to work on /opt/airflow/dags/dss150p_pipeline.py
[2026-09-21T12:30:22.596+0000] {processor.py:914} INFO - Processing file /opt/airflow/dags/dss150p_pipeline.py for tasks to queue
[2026-09-21T12:30:22.603+0000] {logging_mixin.py:190} INFO - [2026-09-21T12:30:22.602+0000] {dagbag.py:588} INFO - Filling up the DagBag from /opt/airflow/dags/dss150p_pipeline.py
[2026-09-21T12:30:22.699+0000] {processor.py:925} INFO - DAG(s) 'dss150p_sales_pipeline' retrieved from /opt/airflow/dags/dss150p_pipeline.py
[2026-09-21T12:30:22.808+0000] {logging_mixin.py:190} INFO - [2026-09-21T12:30:22.808+0000] {dag.py:3239} INFO - Sync 1 DAGs
[2026-09-21T12:30:22.984+0000] {logging_mixin.py:190} INFO - [2026-09-21T12:30:22.984+0000] {dag.py:4180} INFO - Setting next_dagrun for dss150p_sales_pipeline to 2026-09-20 02:00:00+00:00, run_after=2026-09-21 02:00:00+00:00
[2026-09-21T12:30:23.267+0000] {processor.py:208} INFO - Processing /opt/airflow/dags/dss150p_pipeline.py took 0.689 seconds
[2026-09-21T12:30:53.990+0000] {processor.py:186} INFO - Started process (PID=538) to work on /opt/airflow/dags/dss150p_pipeline.py
[2026-09-21T12:30:53.996+0000] {processor.py:914} INFO - Processing file /opt/airflow/dags/dss150p_pipeline.py for tasks to queue
[2026-09-21T12:30:54.005+0000] {logging_mixin.py:190} INFO - [2026-09-21T12:30:54.004+0000] {dagbag.py:588} INFO - Filling up the DagBag from /opt/airflow/dags/dss150p_pipeline.py
[2026-09-21T12:30:54.080+0000] {processor.py:925} INFO - DAG(s) 'dss150p_sales_pipeline' retrieved from /opt/airflow/dags/dss150p_pipeline.py
[2026-09-21T12:30:54.363+0000] {logging_mixin.py:190} INFO - [2026-09-21T12:30:54.362+0000] {dag.py:3239} INFO - Sync 1 DAGs
[2026-09-21T12:30:54.424+0000] {logging_mixin.py:190} INFO - [2026-09-21T12:30:54.424+0000] {dag.py:4180} INFO - Setting next_dagrun for dss150p_sales_pipeline to 2026-09-20 02:00:00+00:00, run_after=2026-09-21 02:00:00+00:00
[2026-09-21T12:30:54.488+0000] {processor.py:208} INFO - Processing /opt/airflow/dags/dss150p_pipeline.py took 0.527 seconds
[2026-09-21T12:31:25.115+0000] {processor.py:186} INFO - Started process (PID=543) to work on /opt/airflow/dags/dss150p_pipeline.py
[2026-09-21T12:31:25.118+0000] {processor.py:914} INFO - Processing file /opt/airflow/dags/dss150p_pipeline.py for tasks to queue
[2026-09-21T12:31:25.126+0000] {logging_mixin.py:190} INFO - [2026-09-21T12:31:25.125+0000] {dagbag.py:588} INFO - Filling up the DagBag from /opt/airflow/dags/dss150p_pipeline.py
[2026-09-21T12:31:25.185+0000] {processor.py:925} INFO - DAG(s) 'dss150p_sales_pipeline' retrieved from /opt/airflow/dags/dss150p_pipeline.py
[2026-09-21T12:31:25.407+0000] {logging_mixin.py:190} INFO - [2026-09-21T12:31:25.406+0000] {dag.py:3239} INFO - Sync 1 DAGs
[2026-09-21T12:31:25.738+0000] {logging_mixin.py:190} INFO - [2026-09-21T12:31:25.737+0000] {dag.py:4180} INFO - Setting next_dagrun for dss150p_sales_pipeline to 2026-09-20 02:00:00+00:00, run_after=2026-09-21 02:00:00+00:00
[2026-09-21T12:31:25.931+0000] {processor.py:208} INFO - Processing /opt/airflow/dags/dss150p_pipeline.py took 0.834 seconds
[2026-09-21T12:31:56.770+0000] {processor.py:186} INFO - Started process (PID=548) to work on /opt/airflow/dags/dss150p_pipeline.py
[2026-09-21T12:31:56.781+0000] {processor.py:914} INFO - Processing file /opt/airflow/dags/dss150p_pipeline.py for tasks to queue
[2026-09-21T12:31:56.799+0000] {logging_mixin.py:190} INFO - [2026-09-21T12:31:56.798+0000] {dagbag.py:588} INFO - Filling up the DagBag from /opt/airflow/dags/dss150p_pipeline.py
[2026-09-21T12:31:56.957+0000] {processor.py:925} INFO - DAG(s) 'dss150p_sales_pipeline' retrieved from /opt/airflow/dags/dss150p_pipeline.py
[2026-09-21T12:31:57.244+0000] {logging_mixin.py:190} INFO - [2026-09-21T12:31:57.244+0000] {dag.py:3239} INFO - Sync 1 DAGs
[2026-09-21T12:31:57.729+0000] {logging_mixin.py:190} INFO - [2026-09-21T12:31:57.728+0000] {dag.py:4180} INFO - Setting next_dagrun for dss150p_sales_pipeline to 2026-09-20 02:00:00+00:00, run_after=2026-09-21 02:00:00+00:00
[2026-09-21T12:31:58.098+0000] {processor.py:208} INFO - Processing /opt/airflow/dags/dss150p_pipeline.py took 1.360 seconds
[2026-09-21T12:32:28.882+0000] {processor.py:186} INFO - Started process (PID=553) to work on /opt/airflow/dags/dss150p_pipeline.py
[2026-09-21T12:32:28.915+0000] {processor.py:914} INFO - Processing file /opt/airflow/dags/dss150p_pipeline.py for tasks to queue
[2026-09-21T12:32:28.931+0000] {logging_mixin.py:190} INFO - [2026-09-21T12:32:28.930+0000] {dagbag.py:588} INFO - Filling up the DagBag from /opt/airflow/dags/dss150p_pipeline.py
[2026-09-21T12:32:29.095+0000] {processor.py:925} INFO - DAG(s) 'dss150p_sales_pipeline' retrieved from /opt/airflow/dags/dss150p_pipeline.py
[2026-09-21T12:32:29.353+0000] {logging_mixin.py:190} INFO - [2026-09-21T12:32:29.353+0000] {dag.py:3239} INFO - Sync 1 DAGs
[2026-09-21T12:32:29.421+0000] {logging_mixin.py:190} INFO - [2026-09-21T12:32:29.421+0000] {dag.py:4180} INFO - Setting next_dagrun for dss150p_sales_pipeline to 2026-09-20 02:00:00+00:00, run_after=2026-09-21 02:00:00+00:00
[2026-09-21T12:32:29.470+0000] {processor.py:208} INFO - Processing /opt/airflow/dags/dss150p_pipeline.py took 0.649 seconds
[2026-09-21T12:33:00.423+0000] {processor.py:186} INFO - Started process (PID=558) to work on /opt/airflow/dags/dss150p_pipeline.py
[2026-09-21T12:33:00.435+0000] {processor.py:914} INFO - Processing file /opt/airflow/dags/dss150p_pipeline.py for tasks to queue
[2026-09-21T12:33:00.449+0000] {logging_mixin.py:190} INFO - [2026-09-21T12:33:00.448+0000] {dagbag.py:588} INFO - Filling up the DagBag from /opt/airflow/dags/dss150p_pipeline.py
[2026-09-21T12:33:00.663+0000] {processor.py:925} INFO - DAG(s) 'dss150p_sales_pipeline' retrieved from /opt/airflow/dags/dss150p_pipeline.py
[2026-09-21T12:33:00.887+0000] {logging_mixin.py:190} INFO - [2026-09-21T12:33:00.887+0000] {dag.py:3239} INFO - Sync 1 DAGs
[2026-09-21T12:33:00.968+0000] {logging_mixin.py:190} INFO - [2026-09-21T12:33:00.967+0000] {dag.py:4180} INFO - Setting next_dagrun for dss150p_sales_pipeline to 2026-09-20 02:00:00+00:00, run_after=2026-09-21 02:00:00+00:00
[2026-09-21T12:33:01.081+0000] {processor.py:208} INFO - Processing /opt/airflow/dags/dss150p_pipeline.py took 0.700 seconds
[2026-09-21T12:33:32.108+0000] {processor.py:186} INFO - Started process (PID=563) to work on /opt/airflow/dags/dss150p_pipeline.py
[2026-09-21T12:33:32.122+0000] {processor.py:914} INFO - Processing file /opt/airflow/dags/dss150p_pipeline.py for tasks to queue
[2026-09-21T12:33:32.160+0000] {logging_mixin.py:190} INFO - [2026-09-21T12:33:32.155+0000] {dagbag.py:588} INFO - Filling up the DagBag from /opt/airflow/dags/dss150p_pipeline.py
[2026-09-21T12:33:32.294+0000] {processor.py:925} INFO - DAG(s) 'dss150p_sales_pipeline' retrieved from /opt/airflow/dags/dss150p_pipeline.py
[2026-09-21T12:33:32.526+0000] {logging_mixin.py:190} INFO - [2026-09-21T12:33:32.525+0000] {dag.py:3239} INFO - Sync 1 DAGs
[2026-09-21T12:33:32.642+0000] {logging_mixin.py:190} INFO - [2026-09-21T12:33:32.638+0000] {dag.py:4180} INFO - Setting next_dagrun for dss150p_sales_pipeline to 2026-09-20 02:00:00+00:00, run_after=2026-09-21 02:00:00+00:00
[2026-09-21T12:33:32.721+0000] {processor.py:208} INFO - Processing /opt/airflow/dags/dss150p_pipeline.py took 0.673 seconds
[2026-09-21T12:34:03.297+0000] {processor.py:186} INFO - Started process (PID=568) to work on /opt/airflow/dags/dss150p_pipeline.py
[2026-09-21T12:34:03.301+0000] {processor.py:914} INFO - Processing file /opt/airflow/dags/dss150p_pipeline.py for tasks to queue
[2026-09-21T12:34:03.310+0000] {logging_mixin.py:190} INFO - [2026-09-21T12:34:03.309+0000] {dagbag.py:588} INFO - Filling up the DagBag from /opt/airflow/dags/dss150p_pipeline.py
[2026-09-21T12:34:03.394+0000] {processor.py:925} INFO - DAG(s) 'dss150p_sales_pipeline' retrieved from /opt/airflow/dags/dss150p_pipeline.py
[2026-09-21T12:34:03.609+0000] {logging_mixin.py:190} INFO - [2026-09-21T12:34:03.608+0000] {dag.py:3239} INFO - Sync 1 DAGs
[2026-09-21T12:34:03.741+0000] {logging_mixin.py:190} INFO - [2026-09-21T12:34:03.741+0000] {dag.py:4180} INFO - Setting next_dagrun for dss150p_sales_pipeline to 2026-09-20 02:00:00+00:00, run_after=2026-09-21 02:00:00+00:00
[2026-09-21T12:34:03.852+0000] {processor.py:208} INFO - Processing /opt/airflow/dags/dss150p_pipeline.py took 0.580 seconds
[2026-09-21T12:34:34.861+0000] {processor.py:186} INFO - Started process (PID=573) to work on /opt/airflow/dags/dss150p_pipeline.py
[2026-09-21T12:34:34.871+0000] {processor.py:914} INFO - Processing file /opt/airflow/dags/dss150p_pipeline.py for tasks to queue
[2026-09-21T12:34:34.901+0000] {logging_mixin.py:190} INFO - [2026-09-21T12:34:34.900+0000] {dagbag.py:588} INFO - Filling up the DagBag from /opt/airflow/dags/dss150p_pipeline.py
[2026-09-21T12:34:35.083+0000] {processor.py:925} INFO - DAG(s) 'dss150p_sales_pipeline' retrieved from /opt/airflow/dags/dss150p_pipeline.py
[2026-09-21T12:34:35.253+0000] {logging_mixin.py:190} INFO - [2026-09-21T12:34:35.252+0000] {dag.py:3239} INFO - Sync 1 DAGs
[2026-09-21T12:34:35.322+0000] {logging_mixin.py:190} INFO - [2026-09-21T12:34:35.322+0000] {dag.py:4180} INFO - Setting next_dagrun for dss150p_sales_pipeline to 2026-09-20 02:00:00+00:00, run_after=2026-09-21 02:00:00+00:00
[2026-09-21T12:34:35.392+0000] {processor.py:208} INFO - Processing /opt/airflow/dags/dss150p_pipeline.py took 0.611 seconds
[2026-09-21T12:35:06.115+0000] {processor.py:186} INFO - Started process (PID=578) to work on /opt/airflow/dags/dss150p_pipeline.py
[2026-09-21T12:35:06.117+0000] {processor.py:914} INFO - Processing file /opt/airflow/dags/dss150p_pipeline.py for tasks to queue
[2026-09-21T12:35:06.123+0000] {logging_mixin.py:190} INFO - [2026-09-21T12:35:06.123+0000] {dagbag.py:588} INFO - Filling up the DagBag from /opt/airflow/dags/dss150p_pipeline.py
[2026-09-21T12:35:06.165+0000] {processor.py:925} INFO - DAG(s) 'dss150p_sales_pipeline' retrieved from /opt/airflow/dags/dss150p_pipeline.py
[2026-09-21T12:35:06.304+0000] {logging_mixin.py:190} INFO - [2026-09-21T12:35:06.304+0000] {dag.py:3239} INFO - Sync 1 DAGs
[2026-09-21T12:35:06.376+0000] {logging_mixin.py:190} INFO - [2026-09-21T12:35:06.376+0000] {dag.py:4180} INFO - Setting next_dagrun for dss150p_sales_pipeline to 2026-09-20 02:00:00+00:00, run_after=2026-09-21 02:00:00+00:00
[2026-09-21T12:35:06.524+0000] {processor.py:208} INFO - Processing /opt/airflow/dags/dss150p_pipeline.py took 0.424 seconds
[2026-09-21T12:35:37.268+0000] {processor.py:186} INFO - Started process (PID=583) to work on /opt/airflow/dags/dss150p_pipeline.py
[2026-09-21T12:35:37.286+0000] {processor.py:914} INFO - Processing file /opt/airflow/dags/dss150p_pipeline.py for tasks to queue
[2026-09-21T12:35:37.294+0000] {logging_mixin.py:190} INFO - [2026-09-21T12:35:37.294+0000] {dagbag.py:588} INFO - Filling up the DagBag from /opt/airflow/dags/dss150p_pipeline.py
[2026-09-21T12:35:37.427+0000] {processor.py:925} INFO - DAG(s) 'dss150p_sales_pipeline' retrieved from /opt/airflow/dags/dss150p_pipeline.py
[2026-09-21T12:35:37.875+0000] {logging_mixin.py:190} INFO - [2026-09-21T12:35:37.875+0000] {dag.py:3239} INFO - Sync 1 DAGs
[2026-09-21T12:35:38.094+0000] {logging_mixin.py:190} INFO - [2026-09-21T12:35:38.093+0000] {dag.py:4180} INFO - Setting next_dagrun for dss150p_sales_pipeline to 2026-09-20 02:00:00+00:00, run_after=2026-09-21 02:00:00+00:00
[2026-09-21T12:35:38.171+0000] {processor.py:208} INFO - Processing /opt/airflow/dags/dss150p_pipeline.py took 0.947 seconds
[2026-09-21T12:36:08.475+0000] {processor.py:186} INFO - Started process (PID=588) to work on /opt/airflow/dags/dss150p_pipeline.py
[2026-09-21T12:36:08.479+0000] {processor.py:914} INFO - Processing file /opt/airflow/dags/dss150p_pipeline.py for tasks to queue
[2026-09-21T12:36:08.492+0000] {logging_mixin.py:190} INFO - [2026-09-21T12:36:08.491+0000] {dagbag.py:588} INFO - Filling up the DagBag from /opt/airflow/dags/dss150p_pipeline.py
[2026-09-21T12:36:08.973+0000] {processor.py:925} INFO - DAG(s) 'dss150p_sales_pipeline' retrieved from /opt/airflow/dags/dss150p_pipeline.py
[2026-09-21T12:36:09.564+0000] {logging_mixin.py:190} INFO - [2026-09-21T12:36:09.554+0000] {dag.py:3239} INFO - Sync 1 DAGs
[2026-09-21T12:36:09.772+0000] {logging_mixin.py:190} INFO - [2026-09-21T12:36:09.761+0000] {dag.py:4180} INFO - Setting next_dagrun for dss150p_sales_pipeline to 2026-09-20 02:00:00+00:00, run_after=2026-09-21 02:00:00+00:00
[2026-09-21T12:36:10.044+0000] {processor.py:208} INFO - Processing /opt/airflow/dags/dss150p_pipeline.py took 1.604 seconds
[2026-09-21T12:36:40.581+0000] {processor.py:186} INFO - Started process (PID=593) to work on /opt/airflow/dags/dss150p_pipeline.py
[2026-09-21T12:36:40.587+0000] {processor.py:914} INFO - Processing file /opt/airflow/dags/dss150p_pipeline.py for tasks to queue
[2026-09-21T12:36:40.594+0000] {logging_mixin.py:190} INFO - [2026-09-21T12:36:40.593+0000] {dagbag.py:588} INFO - Filling up the DagBag from /opt/airflow/dags/dss150p_pipeline.py
[2026-09-21T12:36:40.656+0000] {processor.py:925} INFO - DAG(s) 'dss150p_sales_pipeline' retrieved from /opt/airflow/dags/dss150p_pipeline.py
[2026-09-21T12:36:40.800+0000] {logging_mixin.py:190} INFO - [2026-09-21T12:36:40.800+0000] {dag.py:3239} INFO - Sync 1 DAGs
[2026-09-21T12:36:40.852+0000] {logging_mixin.py:190} INFO - [2026-09-21T12:36:40.852+0000] {dag.py:4180} INFO - Setting next_dagrun for dss150p_sales_pipeline to 2026-09-20 02:00:00+00:00, run_after=2026-09-21 02:00:00+00:00
[2026-09-21T12:36:40.899+0000] {processor.py:208} INFO - Processing /opt/airflow/dags/dss150p_pipeline.py took 0.365 seconds
[2026-09-21T12:37:11.108+0000] {processor.py:186} INFO - Started process (PID=598) to work on /opt/airflow/dags/dss150p_pipeline.py
[2026-09-21T12:37:11.112+0000] {processor.py:914} INFO - Processing file /opt/airflow/dags/dss150p_pipeline.py for tasks to queue
[2026-09-21T12:37:11.123+0000] {logging_mixin.py:190} INFO - [2026-09-21T12:37:11.120+0000] {dagbag.py:588} INFO - Filling up the DagBag from /opt/airflow/dags/dss150p_pipeline.py
[2026-09-21T12:37:11.192+0000] {processor.py:925} INFO - DAG(s) 'dss150p_sales_pipeline' retrieved from /opt/airflow/dags/dss150p_pipeline.py
[2026-09-21T12:37:11.376+0000] {logging_mixin.py:190} INFO - [2026-09-21T12:37:11.375+0000] {dag.py:3239} INFO - Sync 1 DAGs
[2026-09-21T12:37:11.441+0000] {logging_mixin.py:190} INFO - [2026-09-21T12:37:11.440+0000] {dag.py:4180} INFO - Setting next_dagrun for dss150p_sales_pipeline to 2026-09-20 02:00:00+00:00, run_after=2026-09-21 02:00:00+00:00
[2026-09-21T12:37:11.500+0000] {processor.py:208} INFO - Processing /opt/airflow/dags/dss150p_pipeline.py took 0.415 seconds
[2026-09-21T12:37:41.898+0000] {processor.py:186} INFO - Started process (PID=603) to work on /opt/airflow/dags/dss150p_pipeline.py
[2026-09-21T12:37:41.901+0000] {processor.py:914} INFO - Processing file /opt/airflow/dags/dss150p_pipeline.py for tasks to queue
[2026-09-21T12:37:41.908+0000] {logging_mixin.py:190} INFO - [2026-09-21T12:37:41.907+0000] {dagbag.py:588} INFO - Filling up the DagBag from /opt/airflow/dags/dss150p_pipeline.py
[2026-09-21T12:37:41.968+0000] {processor.py:925} INFO - DAG(s) 'dss150p_sales_pipeline' retrieved from /opt/airflow/dags/dss150p_pipeline.py
[2026-09-21T12:37:42.090+0000] {logging_mixin.py:190} INFO - [2026-09-21T12:37:42.090+0000] {dag.py:3239} INFO - Sync 1 DAGs
[2026-09-21T12:37:42.147+0000] {logging_mixin.py:190} INFO - [2026-09-21T12:37:42.146+0000] {dag.py:4180} INFO - Setting next_dagrun for dss150p_sales_pipeline to 2026-09-20 02:00:00+00:00, run_after=2026-09-21 02:00:00+00:00
[2026-09-21T12:37:42.213+0000] {processor.py:208} INFO - Processing /opt/airflow/dags/dss150p_pipeline.py took 0.333 seconds
[2026-09-21T12:38:12.378+0000] {processor.py:186} INFO - Started process (PID=608) to work on /opt/airflow/dags/dss150p_pipeline.py
[2026-09-21T12:38:12.382+0000] {processor.py:914} INFO - Processing file /opt/airflow/dags/dss150p_pipeline.py for tasks to queue
[2026-09-21T12:38:12.389+0000] {logging_mixin.py:190} INFO - [2026-09-21T12:38:12.388+0000] {dagbag.py:588} INFO - Filling up the DagBag from /opt/airflow/dags/dss150p_pipeline.py
[2026-09-21T12:38:12.445+0000] {processor.py:925} INFO - DAG(s) 'dss150p_sales_pipeline' retrieved from /opt/airflow/dags/dss150p_pipeline.py
[2026-09-21T12:38:12.861+0000] {logging_mixin.py:190} INFO - [2026-09-21T12:38:12.860+0000] {dag.py:3239} INFO - Sync 1 DAGs
[2026-09-21T12:38:12.977+0000] {logging_mixin.py:190} INFO - [2026-09-21T12:38:12.976+0000] {dag.py:4180} INFO - Setting next_dagrun for dss150p_sales_pipeline to 2026-09-20 02:00:00+00:00, run_after=2026-09-21 02:00:00+00:00
[2026-09-21T12:38:13.069+0000] {processor.py:208} INFO - Processing /opt/airflow/dags/dss150p_pipeline.py took 0.705 seconds
[2026-09-21T12:38:43.885+0000] {processor.py:186} INFO - Started process (PID=613) to work on /opt/airflow/dags/dss150p_pipeline.py
[2026-09-21T12:38:43.889+0000] {processor.py:914} INFO - Processing file /opt/airflow/dags/dss150p_pipeline.py for tasks to queue
[2026-09-21T12:38:43.898+0000] {logging_mixin.py:190} INFO - [2026-09-21T12:38:43.897+0000] {dagbag.py:588} INFO - Filling up the DagBag from /opt/airflow/dags/dss150p_pipeline.py
[2026-09-21T12:38:43.972+0000] {processor.py:925} INFO - DAG(s) 'dss150p_sales_pipeline' retrieved from /opt/airflow/dags/dss150p_pipeline.py
[2026-09-21T12:38:44.118+0000] {logging_mixin.py:190} INFO - [2026-09-21T12:38:44.118+0000] {dag.py:3239} INFO - Sync 1 DAGs
[2026-09-21T12:38:44.207+0000] {logging_mixin.py:190} INFO - [2026-09-21T12:38:44.207+0000] {dag.py:4180} INFO - Setting next_dagrun for dss150p_sales_pipeline to 2026-09-20 02:00:00+00:00, run_after=2026-09-21 02:00:00+00:00
[2026-09-21T12:38:44.317+0000] {processor.py:208} INFO - Processing /opt/airflow/dags/dss150p_pipeline.py took 0.452 seconds
[2026-09-21T12:39:15.270+0000] {processor.py:186} INFO - Started process (PID=618) to work on /opt/airflow/dags/dss150p_pipeline.py
[2026-09-21T12:39:15.299+0000] {processor.py:914} INFO - Processing file /opt/airflow/dags/dss150p_pipeline.py for tasks to queue
[2026-09-21T12:39:15.413+0000] {logging_mixin.py:190} INFO - [2026-09-21T12:39:15.411+0000] {dagbag.py:588} INFO - Filling up the DagBag from /opt/airflow/dags/dss150p_pipeline.py
[2026-09-21T12:39:15.616+0000] {processor.py:925} INFO - DAG(s) 'dss150p_sales_pipeline' retrieved from /opt/airflow/dags/dss150p_pipeline.py
[2026-09-21T12:39:15.865+0000] {logging_mixin.py:190} INFO - [2026-09-21T12:39:15.864+0000] {dag.py:3239} INFO - Sync 1 DAGs
[2026-09-21T12:39:16.003+0000] {logging_mixin.py:190} INFO - [2026-09-21T12:39:16.003+0000] {dag.py:4180} INFO - Setting next_dagrun for dss150p_sales_pipeline to 2026-09-20 02:00:00+00:00, run_after=2026-09-21 02:00:00+00:00
[2026-09-21T12:39:16.066+0000] {processor.py:208} INFO - Processing /opt/airflow/dags/dss150p_pipeline.py took 0.880 seconds
[2026-09-21T12:39:46.548+0000] {processor.py:186} INFO - Started process (PID=623) to work on /opt/airflow/dags/dss150p_pipeline.py
[2026-09-21T12:39:46.552+0000] {processor.py:914} INFO - Processing file /opt/airflow/dags/dss150p_pipeline.py for tasks to queue
[2026-09-21T12:39:46.567+0000] {logging_mixin.py:190} INFO - [2026-09-21T12:39:46.567+0000] {dagbag.py:588} INFO - Filling up the DagBag from /opt/airflow/dags/dss150p_pipeline.py
[2026-09-21T12:39:46.670+0000] {processor.py:925} INFO - DAG(s) 'dss150p_sales_pipeline' retrieved from /opt/airflow/dags/dss150p_pipeline.py
[2026-09-21T12:39:46.805+0000] {logging_mixin.py:190} INFO - [2026-09-21T12:39:46.805+0000] {dag.py:3239} INFO - Sync 1 DAGs
[2026-09-21T12:39:46.855+0000] {logging_mixin.py:190} INFO - [2026-09-21T12:39:46.855+0000] {dag.py:4180} INFO - Setting next_dagrun for dss150p_sales_pipeline to 2026-09-20 02:00:00+00:00, run_after=2026-09-21 02:00:00+00:00
[2026-09-21T12:39:46.908+0000] {processor.py:208} INFO - Processing /opt/airflow/dags/dss150p_pipeline.py took 0.397 seconds
[2026-09-21T12:40:17.071+0000] {processor.py:186} INFO - Started process (PID=628) to work on /opt/airflow/dags/dss150p_pipeline.py
[2026-09-21T12:40:17.074+0000] {processor.py:914} INFO - Processing file /opt/airflow/dags/dss150p_pipeline.py for tasks to queue
[2026-09-21T12:40:17.080+0000] {logging_mixin.py:190} INFO - [2026-09-21T12:40:17.080+0000] {dagbag.py:588} INFO - Filling up the DagBag from /opt/airflow/dags/dss150p_pipeline.py
[2026-09-21T12:40:17.140+0000] {processor.py:925} INFO - DAG(s) 'dss150p_sales_pipeline' retrieved from /opt/airflow/dags/dss150p_pipeline.py
[2026-09-21T12:40:17.263+0000] {logging_mixin.py:190} INFO - [2026-09-21T12:40:17.262+0000] {dag.py:3239} INFO - Sync 1 DAGs
[2026-09-21T12:40:17.327+0000] {logging_mixin.py:190} INFO - [2026-09-21T12:40:17.326+0000] {dag.py:4180} INFO - Setting next_dagrun for dss150p_sales_pipeline to 2026-09-20 02:00:00+00:00, run_after=2026-09-21 02:00:00+00:00
[2026-09-21T12:40:17.365+0000] {processor.py:208} INFO - Processing /opt/airflow/dags/dss150p_pipeline.py took 0.312 seconds
[2026-09-21T12:40:47.918+0000] {processor.py:186} INFO - Started process (PID=633) to work on /opt/airflow/dags/dss150p_pipeline.py
[2026-09-21T12:40:47.922+0000] {processor.py:914} INFO - Processing file /opt/airflow/dags/dss150p_pipeline.py for tasks to queue
[2026-09-21T12:40:47.928+0000] {logging_mixin.py:190} INFO - [2026-09-21T12:40:47.926+0000] {dagbag.py:588} INFO - Filling up the DagBag from /opt/airflow/dags/dss150p_pipeline.py
[2026-09-21T12:40:47.983+0000] {processor.py:925} INFO - DAG(s) 'dss150p_sales_pipeline' retrieved from /opt/airflow/dags/dss150p_pipeline.py
[2026-09-21T12:40:48.096+0000] {logging_mixin.py:190} INFO - [2026-09-21T12:40:48.096+0000] {dag.py:3239} INFO - Sync 1 DAGs
[2026-09-21T12:40:48.142+0000] {logging_mixin.py:190} INFO - [2026-09-21T12:40:48.141+0000] {dag.py:4180} INFO - Setting next_dagrun for dss150p_sales_pipeline to 2026-09-20 02:00:00+00:00, run_after=2026-09-21 02:00:00+00:00
[2026-09-21T12:40:48.187+0000] {processor.py:208} INFO - Processing /opt/airflow/dags/dss150p_pipeline.py took 0.284 seconds
[2026-09-21T12:41:18.900+0000] {processor.py:186} INFO - Started process (PID=638) to work on /opt/airflow/dags/dss150p_pipeline.py
[2026-09-21T12:41:18.956+0000] {processor.py:914} INFO - Processing file /opt/airflow/dags/dss150p_pipeline.py for tasks to queue
[2026-09-21T12:41:18.978+0000] {logging_mixin.py:190} INFO - [2026-09-21T12:41:18.977+0000] {dagbag.py:588} INFO - Filling up the DagBag from /opt/airflow/dags/dss150p_pipeline.py
[2026-09-21T12:41:19.203+0000] {processor.py:925} INFO - DAG(s) 'dss150p_sales_pipeline' retrieved from /opt/airflow/dags/dss150p_pipeline.py
[2026-09-21T12:41:19.526+0000] {logging_mixin.py:190} INFO - [2026-09-21T12:41:19.524+0000] {dag.py:3239} INFO - Sync 1 DAGs
[2026-09-21T12:41:19.740+0000] {logging_mixin.py:190} INFO - [2026-09-21T12:41:19.739+0000] {dag.py:4180} INFO - Setting next_dagrun for dss150p_sales_pipeline to 2026-09-20 02:00:00+00:00, run_after=2026-09-21 02:00:00+00:00
[2026-09-21T12:41:19.943+0000] {processor.py:208} INFO - Processing /opt/airflow/dags/dss150p_pipeline.py took 1.086 seconds
[2026-09-21T12:41:50.821+0000] {processor.py:186} INFO - Started process (PID=643) to work on /opt/airflow/dags/dss150p_pipeline.py
[2026-09-21T12:41:50.827+0000] {processor.py:914} INFO - Processing file /opt/airflow/dags/dss150p_pipeline.py for tasks to queue
[2026-09-21T12:41:50.836+0000] {logging_mixin.py:190} INFO - [2026-09-21T12:41:50.835+0000] {dagbag.py:588} INFO - Filling up the DagBag from /opt/airflow/dags/dss150p_pipeline.py
[2026-09-21T12:41:50.938+0000] {processor.py:925} INFO - DAG(s) 'dss150p_sales_pipeline' retrieved from /opt/airflow/dags/dss150p_pipeline.py
[2026-09-21T12:41:51.114+0000] {logging_mixin.py:190} INFO - [2026-09-21T12:41:51.113+0000] {dag.py:3239} INFO - Sync 1 DAGs
[2026-09-21T12:41:51.167+0000] {logging_mixin.py:190} INFO - [2026-09-21T12:41:51.167+0000] {dag.py:4180} INFO - Setting next_dagrun for dss150p_sales_pipeline to 2026-09-20 02:00:00+00:00, run_after=2026-09-21 02:00:00+00:00
[2026-09-21T12:41:51.209+0000] {processor.py:208} INFO - Processing /opt/airflow/dags/dss150p_pipeline.py took 0.412 seconds
[2026-09-21T12:42:18.665+0000] {processor.py:186} INFO - Started process (PID=648) to work on /opt/airflow/dags/dss150p_pipeline.py
[2026-09-21T12:42:18.667+0000] {processor.py:914} INFO - Processing file /opt/airflow/dags/dss150p_pipeline.py for tasks to queue
[2026-09-21T12:42:18.672+0000] {logging_mixin.py:190} INFO - [2026-09-21T12:42:18.672+0000] {dagbag.py:588} INFO - Filling up the DagBag from /opt/airflow/dags/dss150p_pipeline.py
[2026-09-21T12:42:18.754+0000] {processor.py:925} INFO - DAG(s) 'dss150p_sales_pipeline' retrieved from /opt/airflow/dags/dss150p_pipeline.py
[2026-09-21T12:42:19.905+0000] {logging_mixin.py:190} INFO - [2026-09-21T12:42:19.904+0000] {dag.py:3239} INFO - Sync 1 DAGs
[2026-09-21T12:42:19.948+0000] {logging_mixin.py:190} INFO - [2026-09-21T12:42:19.947+0000] {dag.py:4180} INFO - Setting next_dagrun for dss150p_sales_pipeline to 2026-09-20 02:00:00+00:00, run_after=2026-09-21 02:00:00+00:00
[2026-09-21T12:42:20.016+0000] {processor.py:208} INFO - Processing /opt/airflow/dags/dss150p_pipeline.py took 1.378 seconds
[2026-09-21T12:42:50.188+0000] {processor.py:186} INFO - Started process (PID=653) to work on /opt/airflow/dags/dss150p_pipeline.py
[2026-09-21T12:42:50.194+0000] {processor.py:914} INFO - Processing file /opt/airflow/dags/dss150p_pipeline.py for tasks to queue
[2026-09-21T12:42:50.201+0000] {logging_mixin.py:190} INFO - [2026-09-21T12:42:50.200+0000] {dagbag.py:588} INFO - Filling up the DagBag from /opt/airflow/dags/dss150p_pipeline.py
[2026-09-21T12:42:50.278+0000] {processor.py:925} INFO - DAG(s) 'dss150p_sales_pipeline' retrieved from /opt/airflow/dags/dss150p_pipeline.py
[2026-09-21T12:42:50.467+0000] {logging_mixin.py:190} INFO - [2026-09-21T12:42:50.467+0000] {dag.py:3239} INFO - Sync 1 DAGs
[2026-09-21T12:42:50.541+0000] {logging_mixin.py:190} INFO - [2026-09-21T12:42:50.540+0000] {dag.py:4180} INFO - Setting next_dagrun for dss150p_sales_pipeline to 2026-09-20 02:00:00+00:00, run_after=2026-09-21 02:00:00+00:00
[2026-09-21T12:42:50.689+0000] {processor.py:208} INFO - Processing /opt/airflow/dags/dss150p_pipeline.py took 0.529 seconds
[2026-09-21T12:43:25.192+0000] {processor.py:186} INFO - Started process (PID=658) to work on /opt/airflow/dags/dss150p_pipeline.py
[2026-09-21T12:43:25.215+0000] {processor.py:914} INFO - Processing file /opt/airflow/dags/dss150p_pipeline.py for tasks to queue
[2026-09-21T12:43:25.264+0000] {logging_mixin.py:190} INFO - [2026-09-21T12:43:25.263+0000] {dagbag.py:588} INFO - Filling up the DagBag from /opt/airflow/dags/dss150p_pipeline.py
[2026-09-21T12:43:26.311+0000] {processor.py:925} INFO - DAG(s) 'dss150p_sales_pipeline' retrieved from /opt/airflow/dags/dss150p_pipeline.py
[2026-09-21T12:43:27.727+0000] {logging_mixin.py:190} INFO - [2026-09-21T12:43:27.726+0000] {dag.py:3239} INFO - Sync 1 DAGs
[2026-09-21T12:43:27.950+0000] {logging_mixin.py:190} INFO - [2026-09-21T12:43:27.941+0000] {dag.py:4180} INFO - Setting next_dagrun for dss150p_sales_pipeline to 2026-09-20 02:00:00+00:00, run_after=2026-09-21 02:00:00+00:00
[2026-09-21T12:43:28.129+0000] {processor.py:208} INFO - Processing /opt/airflow/dags/dss150p_pipeline.py took 3.015 seconds
[2026-09-21T12:43:58.425+0000] {processor.py:186} INFO - Started process (PID=663) to work on /opt/airflow/dags/dss150p_pipeline.py
[2026-09-21T12:43:58.429+0000] {processor.py:914} INFO - Processing file /opt/airflow/dags/dss150p_pipeline.py for tasks to queue
[2026-09-21T12:43:58.439+0000] {logging_mixin.py:190} INFO - [2026-09-21T12:43:58.438+0000] {dagbag.py:588} INFO - Filling up the DagBag from /opt/airflow/dags/dss150p_pipeline.py
[2026-09-21T12:43:58.525+0000] {processor.py:925} INFO - DAG(s) 'dss150p_sales_pipeline' retrieved from /opt/airflow/dags/dss150p_pipeline.py
[2026-09-21T12:43:58.638+0000] {logging_mixin.py:190} INFO - [2026-09-21T12:43:58.638+0000] {dag.py:3239} INFO - Sync 1 DAGs
[2026-09-21T12:43:59.115+0000] {logging_mixin.py:190} INFO - [2026-09-21T12:43:59.113+0000] {dag.py:4180} INFO - Setting next_dagrun for dss150p_sales_pipeline to 2026-09-20 02:00:00+00:00, run_after=2026-09-21 02:00:00+00:00
[2026-09-21T12:43:59.339+0000] {processor.py:208} INFO - Processing /opt/airflow/dags/dss150p_pipeline.py took 0.940 seconds
[2026-09-21T12:44:30.539+0000] {processor.py:186} INFO - Started process (PID=680) to work on /opt/airflow/dags/dss150p_pipeline.py
[2026-09-21T12:44:30.603+0000] {processor.py:914} INFO - Processing file /opt/airflow/dags/dss150p_pipeline.py for tasks to queue
[2026-09-21T12:44:30.730+0000] {logging_mixin.py:190} INFO - [2026-09-21T12:44:30.720+0000] {dagbag.py:588} INFO - Filling up the DagBag from /opt/airflow/dags/dss150p_pipeline.py
[2026-09-21T12:44:31.881+0000] {processor.py:925} INFO - DAG(s) 'dss150p_sales_pipeline' retrieved from /opt/airflow/dags/dss150p_pipeline.py
[2026-09-21T12:44:32.766+0000] {logging_mixin.py:190} INFO - [2026-09-21T12:44:32.765+0000] {dag.py:3239} INFO - Sync 1 DAGs
[2026-09-21T12:44:33.226+0000] {logging_mixin.py:190} INFO - [2026-09-21T12:44:33.226+0000] {dag.py:4180} INFO - Setting next_dagrun for dss150p_sales_pipeline to 2026-09-21 02:00:00+00:00, run_after=2026-09-22 02:00:00+00:00
[2026-09-21T12:44:33.455+0000] {processor.py:208} INFO - Processing /opt/airflow/dags/dss150p_pipeline.py took 3.126 seconds
[2026-09-21T12:45:04.325+0000] {processor.py:186} INFO - Started process (PID=705) to work on /opt/airflow/dags/dss150p_pipeline.py
[2026-09-21T12:45:04.329+0000] {processor.py:914} INFO - Processing file /opt/airflow/dags/dss150p_pipeline.py for tasks to queue
[2026-09-21T12:45:04.340+0000] {logging_mixin.py:190} INFO - [2026-09-21T12:45:04.340+0000] {dagbag.py:588} INFO - Filling up the DagBag from /opt/airflow/dags/dss150p_pipeline.py
[2026-09-21T12:45:04.454+0000] {processor.py:925} INFO - DAG(s) 'dss150p_sales_pipeline' retrieved from /opt/airflow/dags/dss150p_pipeline.py
[2026-09-21T12:45:04.598+0000] {logging_mixin.py:190} INFO - [2026-09-21T12:45:04.597+0000] {dag.py:3239} INFO - Sync 1 DAGs
[2026-09-21T12:45:05.588+0000] {logging_mixin.py:190} INFO - [2026-09-21T12:45:05.583+0000] {dag.py:4180} INFO - Setting next_dagrun for dss150p_sales_pipeline to 2026-09-21 02:00:00+00:00, run_after=2026-09-22 02:00:00+00:00
[2026-09-21T12:45:05.660+0000] {processor.py:208} INFO - Processing /opt/airflow/dags/dss150p_pipeline.py took 1.355 seconds
[2026-09-21T12:45:36.056+0000] {processor.py:186} INFO - Started process (PID=710) to work on /opt/airflow/dags/dss150p_pipeline.py
[2026-09-21T12:45:36.061+0000] {processor.py:914} INFO - Processing file /opt/airflow/dags/dss150p_pipeline.py for tasks to queue
[2026-09-21T12:45:36.075+0000] {logging_mixin.py:190} INFO - [2026-09-21T12:45:36.074+0000] {dagbag.py:588} INFO - Filling up the DagBag from /opt/airflow/dags/dss150p_pipeline.py
[2026-09-21T12:45:36.214+0000] {processor.py:925} INFO - DAG(s) 'dss150p_sales_pipeline' retrieved from /opt/airflow/dags/dss150p_pipeline.py
[2026-09-21T12:45:36.433+0000] {logging_mixin.py:190} INFO - [2026-09-21T12:45:36.433+0000] {dag.py:3239} INFO - Sync 1 DAGs
[2026-09-21T12:45:36.491+0000] {logging_mixin.py:190} INFO - [2026-09-21T12:45:36.491+0000] {dag.py:4180} INFO - Setting next_dagrun for dss150p_sales_pipeline to 2026-09-21 02:00:00+00:00, run_after=2026-09-22 02:00:00+00:00
[2026-09-21T12:45:36.552+0000] {processor.py:208} INFO - Processing /opt/airflow/dags/dss150p_pipeline.py took 0.525 seconds
[2026-09-21T12:46:09.318+0000] {processor.py:186} INFO - Started process (PID=747) to work on /opt/airflow/dags/dss150p_pipeline.py
[2026-09-21T12:46:09.388+0000] {processor.py:914} INFO - Processing file /opt/airflow/dags/dss150p_pipeline.py for tasks to queue
[2026-09-21T12:46:09.511+0000] {logging_mixin.py:190} INFO - [2026-09-21T12:46:09.502+0000] {dagbag.py:588} INFO - Filling up the DagBag from /opt/airflow/dags/dss150p_pipeline.py
[2026-09-21T12:46:17.248+0000] {processor.py:925} INFO - DAG(s) 'dss150p_sales_pipeline' retrieved from /opt/airflow/dags/dss150p_pipeline.py
[2026-09-21T12:46:20.529+0000] {logging_mixin.py:190} INFO - [2026-09-21T12:46:20.528+0000] {dag.py:3239} INFO - Sync 1 DAGs
[2026-09-21T12:46:21.486+0000] {logging_mixin.py:190} INFO - [2026-09-21T12:46:21.452+0000] {dag.py:4180} INFO - Setting next_dagrun for dss150p_sales_pipeline to 2026-09-21 02:00:00+00:00, run_after=2026-09-22 02:00:00+00:00
[2026-09-21T12:46:22.045+0000] {processor.py:208} INFO - Processing /opt/airflow/dags/dss150p_pipeline.py took 13.116 seconds
[2026-09-21T12:46:52.640+0000] {processor.py:186} INFO - Started process (PID=784) to work on /opt/airflow/dags/dss150p_pipeline.py
[2026-09-21T12:46:52.644+0000] {processor.py:914} INFO - Processing file /opt/airflow/dags/dss150p_pipeline.py for tasks to queue
[2026-09-21T12:46:52.664+0000] {logging_mixin.py:190} INFO - [2026-09-21T12:46:52.663+0000] {dagbag.py:588} INFO - Filling up the DagBag from /opt/airflow/dags/dss150p_pipeline.py
[2026-09-21T12:46:52.817+0000] {processor.py:925} INFO - DAG(s) 'dss150p_sales_pipeline' retrieved from /opt/airflow/dags/dss150p_pipeline.py
[2026-09-21T12:46:53.004+0000] {logging_mixin.py:190} INFO - [2026-09-21T12:46:53.004+0000] {dag.py:3239} INFO - Sync 1 DAGs
[2026-09-21T12:46:53.146+0000] {logging_mixin.py:190} INFO - [2026-09-21T12:46:53.145+0000] {dag.py:4180} INFO - Setting next_dagrun for dss150p_sales_pipeline to 2026-09-21 02:00:00+00:00, run_after=2026-09-22 02:00:00+00:00
[2026-09-21T12:46:53.254+0000] {processor.py:208} INFO - Processing /opt/airflow/dags/dss150p_pipeline.py took 0.673 seconds
[2026-09-21T12:47:24.582+0000] {processor.py:186} INFO - Started process (PID=801) to work on /opt/airflow/dags/dss150p_pipeline.py
[2026-09-21T12:47:24.587+0000] {processor.py:914} INFO - Processing file /opt/airflow/dags/dss150p_pipeline.py for tasks to queue
[2026-09-21T12:47:24.616+0000] {logging_mixin.py:190} INFO - [2026-09-21T12:47:24.615+0000] {dagbag.py:588} INFO - Filling up the DagBag from /opt/airflow/dags/dss150p_pipeline.py
[2026-09-21T12:47:25.093+0000] {processor.py:925} INFO - DAG(s) 'dss150p_sales_pipeline' retrieved from /opt/airflow/dags/dss150p_pipeline.py
[2026-09-21T12:47:25.829+0000] {logging_mixin.py:190} INFO - [2026-09-21T12:47:25.829+0000] {dag.py:3239} INFO - Sync 1 DAGs
[2026-09-21T12:47:26.021+0000] {logging_mixin.py:190} INFO - [2026-09-21T12:47:26.021+0000] {dag.py:4180} INFO - Setting next_dagrun for dss150p_sales_pipeline to 2026-09-21 02:00:00+00:00, run_after=2026-09-22 02:00:00+00:00
[2026-09-21T12:47:26.167+0000] {processor.py:208} INFO - Processing /opt/airflow/dags/dss150p_pipeline.py took 1.627 seconds
[2026-09-21T12:47:57.062+0000] {processor.py:186} INFO - Started process (PID=858) to work on /opt/airflow/dags/dss150p_pipeline.py
[2026-09-21T12:47:57.076+0000] {processor.py:914} INFO - Processing file /opt/airflow/dags/dss150p_pipeline.py for tasks to queue
[2026-09-21T12:47:57.093+0000] {logging_mixin.py:190} INFO - [2026-09-21T12:47:57.088+0000] {dagbag.py:588} INFO - Filling up the DagBag from /opt/airflow/dags/dss150p_pipeline.py
[2026-09-21T12:47:57.323+0000] {processor.py:925} INFO - DAG(s) 'dss150p_sales_pipeline' retrieved from /opt/airflow/dags/dss150p_pipeline.py
[2026-09-21T12:47:57.833+0000] {logging_mixin.py:190} INFO - [2026-09-21T12:47:57.832+0000] {dag.py:3239} INFO - Sync 1 DAGs
[2026-09-21T12:47:57.977+0000] {logging_mixin.py:190} INFO - [2026-09-21T12:47:57.976+0000] {dag.py:4180} INFO - Setting next_dagrun for dss150p_sales_pipeline to 2026-09-21 02:00:00+00:00, run_after=2026-09-22 02:00:00+00:00
[2026-09-21T12:47:58.072+0000] {processor.py:208} INFO - Processing /opt/airflow/dags/dss150p_pipeline.py took 1.087 seconds
[2026-09-21T12:48:28.487+0000] {processor.py:186} INFO - Started process (PID=863) to work on /opt/airflow/dags/dss150p_pipeline.py
[2026-09-21T12:48:28.490+0000] {processor.py:914} INFO - Processing file /opt/airflow/dags/dss150p_pipeline.py for tasks to queue
[2026-09-21T12:48:28.498+0000] {logging_mixin.py:190} INFO - [2026-09-21T12:48:28.497+0000] {dagbag.py:588} INFO - Filling up the DagBag from /opt/airflow/dags/dss150p_pipeline.py
[2026-09-21T12:48:28.683+0000] {processor.py:925} INFO - DAG(s) 'dss150p_sales_pipeline' retrieved from /opt/airflow/dags/dss150p_pipeline.py
[2026-09-21T12:48:28.950+0000] {logging_mixin.py:190} INFO - [2026-09-21T12:48:28.949+0000] {dag.py:3239} INFO - Sync 1 DAGs
[2026-09-21T12:48:29.002+0000] {logging_mixin.py:190} INFO - [2026-09-21T12:48:29.001+0000] {dag.py:4180} INFO - Setting next_dagrun for dss150p_sales_pipeline to 2026-09-21 02:00:00+00:00, run_after=2026-09-22 02:00:00+00:00
[2026-09-21T12:48:29.036+0000] {processor.py:208} INFO - Processing /opt/airflow/dags/dss150p_pipeline.py took 0.573 seconds
[2026-09-21T12:49:01.391+0000] {processor.py:186} INFO - Started process (PID=874) to work on /opt/airflow/dags/dss150p_pipeline.py
[2026-09-21T12:49:01.418+0000] {processor.py:914} INFO - Processing file /opt/airflow/dags/dss150p_pipeline.py for tasks to queue
[2026-09-21T12:49:01.482+0000] {logging_mixin.py:190} INFO - [2026-09-21T12:49:01.481+0000] {dagbag.py:588} INFO - Filling up the DagBag from /opt/airflow/dags/dss150p_pipeline.py
[2026-09-21T12:49:02.350+0000] {processor.py:925} INFO - DAG(s) 'dss150p_sales_pipeline' retrieved from /opt/airflow/dags/dss150p_pipeline.py
[2026-09-21T12:49:03.117+0000] {logging_mixin.py:190} INFO - [2026-09-21T12:49:03.116+0000] {dag.py:3239} INFO - Sync 1 DAGs
[2026-09-21T12:49:03.442+0000] {logging_mixin.py:190} INFO - [2026-09-21T12:49:03.441+0000] {dag.py:4180} INFO - Setting next_dagrun for dss150p_sales_pipeline to 2026-09-21 02:00:00+00:00, run_after=2026-09-22 02:00:00+00:00
[2026-09-21T12:49:03.849+0000] {processor.py:208} INFO - Processing /opt/airflow/dags/dss150p_pipeline.py took 2.637 seconds
[2026-09-21T12:49:35.386+0000] {processor.py:186} INFO - Started process (PID=905) to work on /opt/airflow/dags/dss150p_pipeline.py
[2026-09-21T12:49:35.397+0000] {processor.py:914} INFO - Processing file /opt/airflow/dags/dss150p_pipeline.py for tasks to queue
[2026-09-21T12:49:35.426+0000] {logging_mixin.py:190} INFO - [2026-09-21T12:49:35.425+0000] {dagbag.py:588} INFO - Filling up the DagBag from /opt/airflow/dags/dss150p_pipeline.py
[2026-09-21T12:49:35.598+0000] {processor.py:925} INFO - DAG(s) 'dss150p_sales_pipeline' retrieved from /opt/airflow/dags/dss150p_pipeline.py
[2026-09-21T12:49:36.369+0000] {logging_mixin.py:190} INFO - [2026-09-21T12:49:36.368+0000] {dag.py:3239} INFO - Sync 1 DAGs
[2026-09-21T12:49:36.689+0000] {logging_mixin.py:190} INFO - [2026-09-21T12:49:36.688+0000] {dag.py:4180} INFO - Setting next_dagrun for dss150p_sales_pipeline to 2026-09-21 02:00:00+00:00, run_after=2026-09-22 02:00:00+00:00
[2026-09-21T12:49:36.852+0000] {processor.py:208} INFO - Processing /opt/airflow/dags/dss150p_pipeline.py took 1.559 seconds
[2026-09-21T12:50:07.616+0000] {processor.py:186} INFO - Started process (PID=910) to work on /opt/airflow/dags/dss150p_pipeline.py
[2026-09-21T12:50:07.620+0000] {processor.py:914} INFO - Processing file /opt/airflow/dags/dss150p_pipeline.py for tasks to queue
[2026-09-21T12:50:07.648+0000] {logging_mixin.py:190} INFO - [2026-09-21T12:50:07.638+0000] {dagbag.py:588} INFO - Filling up the DagBag from /opt/airflow/dags/dss150p_pipeline.py
[2026-09-21T12:50:07.885+0000] {processor.py:925} INFO - DAG(s) 'dss150p_sales_pipeline' retrieved from /opt/airflow/dags/dss150p_pipeline.py
[2026-09-21T12:50:08.207+0000] {logging_mixin.py:190} INFO - [2026-09-21T12:50:08.207+0000] {dag.py:3239} INFO - Sync 1 DAGs
[2026-09-21T12:50:08.368+0000] {logging_mixin.py:190} INFO - [2026-09-21T12:50:08.367+0000] {dag.py:4180} INFO - Setting next_dagrun for dss150p_sales_pipeline to 2026-09-21 02:00:00+00:00, run_after=2026-09-22 02:00:00+00:00
[2026-09-21T12:50:08.501+0000] {processor.py:208} INFO - Processing /opt/airflow/dags/dss150p_pipeline.py took 0.935 seconds
[2026-09-21T12:50:41.012+0000] {processor.py:186} INFO - Started process (PID=915) to work on /opt/airflow/dags/dss150p_pipeline.py
[2026-09-21T12:50:41.025+0000] {processor.py:914} INFO - Processing file /opt/airflow/dags/dss150p_pipeline.py for tasks to queue
[2026-09-21T12:50:41.041+0000] {logging_mixin.py:190} INFO - [2026-09-21T12:50:41.040+0000] {dagbag.py:588} INFO - Filling up the DagBag from /opt/airflow/dags/dss150p_pipeline.py
[2026-09-21T12:50:43.032+0000] {processor.py:925} INFO - DAG(s) 'dss150p_sales_pipeline' retrieved from /opt/airflow/dags/dss150p_pipeline.py
[2026-09-21T12:50:43.572+0000] {logging_mixin.py:190} INFO - [2026-09-21T12:50:43.572+0000] {dag.py:3239} INFO - Sync 1 DAGs
[2026-09-21T12:50:43.822+0000] {logging_mixin.py:190} INFO - [2026-09-21T12:50:43.822+0000] {dag.py:4180} INFO - Setting next_dagrun for dss150p_sales_pipeline to 2026-09-21 02:00:00+00:00, run_after=2026-09-22 02:00:00+00:00
[2026-09-21T12:50:44.003+0000] {processor.py:208} INFO - Processing /opt/airflow/dags/dss150p_pipeline.py took 3.031 seconds
[2026-09-21T12:51:15.566+0000] {processor.py:186} INFO - Started process (PID=920) to work on /opt/airflow/dags/dss150p_pipeline.py
[2026-09-21T12:51:15.576+0000] {processor.py:914} INFO - Processing file /opt/airflow/dags/dss150p_pipeline.py for tasks to queue
[2026-09-21T12:51:15.601+0000] {logging_mixin.py:190} INFO - [2026-09-21T12:51:15.592+0000] {dagbag.py:588} INFO - Filling up the DagBag from /opt/airflow/dags/dss150p_pipeline.py
[2026-09-21T12:51:15.837+0000] {processor.py:925} INFO - DAG(s) 'dss150p_sales_pipeline' retrieved from /opt/airflow/dags/dss150p_pipeline.py
[2026-09-21T12:51:16.277+0000] {logging_mixin.py:190} INFO - [2026-09-21T12:51:16.276+0000] {dag.py:3239} INFO - Sync 1 DAGs
[2026-09-21T12:51:16.669+0000] {logging_mixin.py:190} INFO - [2026-09-21T12:51:16.668+0000] {dag.py:4180} INFO - Setting next_dagrun for dss150p_sales_pipeline to 2026-09-21 02:00:00+00:00, run_after=2026-09-22 02:00:00+00:00
[2026-09-21T12:51:16.865+0000] {processor.py:208} INFO - Processing /opt/airflow/dags/dss150p_pipeline.py took 1.361 seconds
[2026-09-21T12:51:47.317+0000] {processor.py:186} INFO - Started process (PID=925) to work on /opt/airflow/dags/dss150p_pipeline.py
[2026-09-21T12:51:47.341+0000] {processor.py:914} INFO - Processing file /opt/airflow/dags/dss150p_pipeline.py for tasks to queue
[2026-09-21T12:51:47.351+0000] {logging_mixin.py:190} INFO - [2026-09-21T12:51:47.350+0000] {dagbag.py:588} INFO - Filling up the DagBag from /opt/airflow/dags/dss150p_pipeline.py
[2026-09-21T12:51:47.470+0000] {processor.py:925} INFO - DAG(s) 'dss150p_sales_pipeline' retrieved from /opt/airflow/dags/dss150p_pipeline.py
[2026-09-21T12:51:47.769+0000] {logging_mixin.py:190} INFO - [2026-09-21T12:51:47.769+0000] {dag.py:3239} INFO - Sync 1 DAGs
[2026-09-21T12:51:47.995+0000] {logging_mixin.py:190} INFO - [2026-09-21T12:51:47.995+0000] {dag.py:4180} INFO - Setting next_dagrun for dss150p_sales_pipeline to 2026-09-21 02:00:00+00:00, run_after=2026-09-22 02:00:00+00:00
[2026-09-21T12:51:48.130+0000] {processor.py:208} INFO - Processing /opt/airflow/dags/dss150p_pipeline.py took 0.908 seconds
[2026-09-21T12:52:20.249+0000] {processor.py:186} INFO - Started process (PID=930) to work on /opt/airflow/dags/dss150p_pipeline.py
[2026-09-21T12:52:20.258+0000] {processor.py:914} INFO - Processing file /opt/airflow/dags/dss150p_pipeline.py for tasks to queue
[2026-09-21T12:52:20.280+0000] {logging_mixin.py:190} INFO - [2026-09-21T12:52:20.272+0000] {dagbag.py:588} INFO - Filling up the DagBag from /opt/airflow/dags/dss150p_pipeline.py
[2026-09-21T12:52:20.452+0000] {processor.py:925} INFO - DAG(s) 'dss150p_sales_pipeline' retrieved from /opt/airflow/dags/dss150p_pipeline.py
[2026-09-21T12:52:20.848+0000] {logging_mixin.py:190} INFO - [2026-09-21T12:52:20.847+0000] {dag.py:3239} INFO - Sync 1 DAGs
[2026-09-21T12:52:21.247+0000] {logging_mixin.py:190} INFO - [2026-09-21T12:52:21.247+0000] {dag.py:4180} INFO - Setting next_dagrun for dss150p_sales_pipeline to 2026-09-21 02:00:00+00:00, run_after=2026-09-22 02:00:00+00:00
[2026-09-21T12:52:21.426+0000] {processor.py:208} INFO - Processing /opt/airflow/dags/dss150p_pipeline.py took 1.227 seconds
[2026-09-21T12:52:52.251+0000] {processor.py:186} INFO - Started process (PID=935) to work on /opt/airflow/dags/dss150p_pipeline.py
[2026-09-21T12:52:52.256+0000] {processor.py:914} INFO - Processing file /opt/airflow/dags/dss150p_pipeline.py for tasks to queue
[2026-09-21T12:52:52.263+0000] {logging_mixin.py:190} INFO - [2026-09-21T12:52:52.262+0000] {dagbag.py:588} INFO - Filling up the DagBag from /opt/airflow/dags/dss150p_pipeline.py
[2026-09-21T12:52:52.330+0000] {processor.py:925} INFO - DAG(s) 'dss150p_sales_pipeline' retrieved from /opt/airflow/dags/dss150p_pipeline.py
[2026-09-21T12:52:52.649+0000] {logging_mixin.py:190} INFO - [2026-09-21T12:52:52.648+0000] {dag.py:3239} INFO - Sync 1 DAGs
[2026-09-21T12:52:52.860+0000] {logging_mixin.py:190} INFO - [2026-09-21T12:52:52.859+0000] {dag.py:4180} INFO - Setting next_dagrun for dss150p_sales_pipeline to 2026-09-21 02:00:00+00:00, run_after=2026-09-22 02:00:00+00:00
[2026-09-21T12:52:52.999+0000] {processor.py:208} INFO - Processing /opt/airflow/dags/dss150p_pipeline.py took 0.781 seconds
[2026-09-21T12:53:23.284+0000] {processor.py:186} INFO - Started process (PID=940) to work on /opt/airflow/dags/dss150p_pipeline.py
[2026-09-21T12:53:23.287+0000] {processor.py:914} INFO - Processing file /opt/airflow/dags/dss150p_pipeline.py for tasks to queue
[2026-09-21T12:53:23.292+0000] {logging_mixin.py:190} INFO - [2026-09-21T12:53:23.292+0000] {dagbag.py:588} INFO - Filling up the DagBag from /opt/airflow/dags/dss150p_pipeline.py
[2026-09-21T12:53:23.349+0000] {processor.py:925} INFO - DAG(s) 'dss150p_sales_pipeline' retrieved from /opt/airflow/dags/dss150p_pipeline.py
[2026-09-21T12:53:23.459+0000] {logging_mixin.py:190} INFO - [2026-09-21T12:53:23.459+0000] {dag.py:3239} INFO - Sync 1 DAGs
[2026-09-21T12:53:23.531+0000] {logging_mixin.py:190} INFO - [2026-09-21T12:53:23.530+0000] {dag.py:4180} INFO - Setting next_dagrun for dss150p_sales_pipeline to 2026-09-21 02:00:00+00:00, run_after=2026-09-22 02:00:00+00:00
[2026-09-21T12:53:23.660+0000] {processor.py:208} INFO - Processing /opt/airflow/dags/dss150p_pipeline.py took 0.393 seconds
[2026-09-21T12:53:54.264+0000] {processor.py:186} INFO - Started process (PID=945) to work on /opt/airflow/dags/dss150p_pipeline.py
[2026-09-21T12:53:54.304+0000] {processor.py:914} INFO - Processing file /opt/airflow/dags/dss150p_pipeline.py for tasks to queue
[2026-09-21T12:53:54.324+0000] {logging_mixin.py:190} INFO - [2026-09-21T12:53:54.318+0000] {dagbag.py:588} INFO - Filling up the DagBag from /opt/airflow/dags/dss150p_pipeline.py
[2026-09-21T12:53:54.641+0000] {processor.py:925} INFO - DAG(s) 'dss150p_sales_pipeline' retrieved from /opt/airflow/dags/dss150p_pipeline.py
[2026-09-21T12:53:54.997+0000] {logging_mixin.py:190} INFO - [2026-09-21T12:53:54.997+0000] {dag.py:3239} INFO - Sync 1 DAGs
[2026-09-21T12:53:55.149+0000] {logging_mixin.py:190} INFO - [2026-09-21T12:53:55.145+0000] {dag.py:4180} INFO - Setting next_dagrun for dss150p_sales_pipeline to 2026-09-21 02:00:00+00:00, run_after=2026-09-22 02:00:00+00:00
[2026-09-21T12:53:55.323+0000] {processor.py:208} INFO - Processing /opt/airflow/dags/dss150p_pipeline.py took 1.099 seconds
[2026-09-21T12:54:26.505+0000] {processor.py:186} INFO - Started process (PID=950) to work on /opt/airflow/dags/dss150p_pipeline.py
[2026-09-21T12:54:26.509+0000] {processor.py:914} INFO - Processing file /opt/airflow/dags/dss150p_pipeline.py for tasks to queue
[2026-09-21T12:54:26.533+0000] {logging_mixin.py:190} INFO - [2026-09-21T12:54:26.532+0000] {dagbag.py:588} INFO - Filling up the DagBag from /opt/airflow/dags/dss150p_pipeline.py
[2026-09-21T12:54:27.450+0000] {processor.py:925} INFO - DAG(s) 'dss150p_sales_pipeline' retrieved from /opt/airflow/dags/dss150p_pipeline.py
[2026-09-21T12:54:32.283+0000] {logging_mixin.py:190} INFO - [2026-09-21T12:54:32.268+0000] {dag.py:3239} INFO - Sync 1 DAGs
[2026-09-21T12:54:32.665+0000] {logging_mixin.py:190} INFO - [2026-09-21T12:54:32.662+0000] {dag.py:4180} INFO - Setting next_dagrun for dss150p_sales_pipeline to 2026-09-21 02:00:00+00:00, run_after=2026-09-22 02:00:00+00:00
[2026-09-21T12:54:33.370+0000] {processor.py:208} INFO - Processing /opt/airflow/dags/dss150p_pipeline.py took 6.932 seconds
[2026-09-21T12:55:04.407+0000] {processor.py:186} INFO - Started process (PID=955) to work on /opt/airflow/dags/dss150p_pipeline.py
[2026-09-21T12:55:04.410+0000] {processor.py:914} INFO - Processing file /opt/airflow/dags/dss150p_pipeline.py for tasks to queue
[2026-09-21T12:55:04.418+0000] {logging_mixin.py:190} INFO - [2026-09-21T12:55:04.417+0000] {dagbag.py:588} INFO - Filling up the DagBag from /opt/airflow/dags/dss150p_pipeline.py
[2026-09-21T12:55:04.476+0000] {processor.py:925} INFO - DAG(s) 'dss150p_sales_pipeline' retrieved from /opt/airflow/dags/dss150p_pipeline.py
[2026-09-21T12:55:04.614+0000] {logging_mixin.py:190} INFO - [2026-09-21T12:55:04.613+0000] {dag.py:3239} INFO - Sync 1 DAGs
[2026-09-21T12:55:04.710+0000] {logging_mixin.py:190} INFO - [2026-09-21T12:55:04.709+0000] {dag.py:4180} INFO - Setting next_dagrun for dss150p_sales_pipeline to 2026-09-21 02:00:00+00:00, run_after=2026-09-22 02:00:00+00:00
[2026-09-21T12:55:04.779+0000] {processor.py:208} INFO - Processing /opt/airflow/dags/dss150p_pipeline.py took 0.391 seconds
[2026-09-21T12:55:35.057+0000] {processor.py:186} INFO - Started process (PID=960) to work on /opt/airflow/dags/dss150p_pipeline.py
[2026-09-21T12:55:35.061+0000] {processor.py:914} INFO - Processing file /opt/airflow/dags/dss150p_pipeline.py for tasks to queue
[2026-09-21T12:55:35.069+0000] {logging_mixin.py:190} INFO - [2026-09-21T12:55:35.066+0000] {dagbag.py:588} INFO - Filling up the DagBag from /opt/airflow/dags/dss150p_pipeline.py
[2026-09-21T12:55:35.212+0000] {processor.py:925} INFO - DAG(s) 'dss150p_sales_pipeline' retrieved from /opt/airflow/dags/dss150p_pipeline.py
[2026-09-21T12:55:36.208+0000] {logging_mixin.py:190} INFO - [2026-09-21T12:55:36.207+0000] {dag.py:3239} INFO - Sync 1 DAGs
[2026-09-21T12:55:36.497+0000] {logging_mixin.py:190} INFO - [2026-09-21T12:55:36.495+0000] {dag.py:4180} INFO - Setting next_dagrun for dss150p_sales_pipeline to 2026-09-21 02:00:00+00:00, run_after=2026-09-22 02:00:00+00:00
[2026-09-21T12:55:36.722+0000] {processor.py:208} INFO - Processing /opt/airflow/dags/dss150p_pipeline.py took 1.686 seconds
[2026-09-21T12:56:07.362+0000] {processor.py:186} INFO - Started process (PID=965) to work on /opt/airflow/dags/dss150p_pipeline.py
[2026-09-21T12:56:07.398+0000] {processor.py:914} INFO - Processing file /opt/airflow/dags/dss150p_pipeline.py for tasks to queue
[2026-09-21T12:56:07.416+0000] {logging_mixin.py:190} INFO - [2026-09-21T12:56:07.415+0000] {dagbag.py:588} INFO - Filling up the DagBag from /opt/airflow/dags/dss150p_pipeline.py
[2026-09-21T12:56:07.644+0000] {processor.py:925} INFO - DAG(s) 'dss150p_sales_pipeline' retrieved from /opt/airflow/dags/dss150p_pipeline.py
[2026-09-21T12:56:09.914+0000] {logging_mixin.py:190} INFO - [2026-09-21T12:56:09.913+0000] {dag.py:3239} INFO - Sync 1 DAGs
[2026-09-21T12:56:10.271+0000] {logging_mixin.py:190} INFO - [2026-09-21T12:56:10.271+0000] {dag.py:4180} INFO - Setting next_dagrun for dss150p_sales_pipeline to 2026-09-21 02:00:00+00:00, run_after=2026-09-22 02:00:00+00:00
[2026-09-21T12:56:10.371+0000] {processor.py:208} INFO - Processing /opt/airflow/dags/dss150p_pipeline.py took 3.060 seconds
[2026-09-21T12:56:41.097+0000] {processor.py:186} INFO - Started process (PID=970) to work on /opt/airflow/dags/dss150p_pipeline.py
[2026-09-21T12:56:41.099+0000] {processor.py:914} INFO - Processing file /opt/airflow/dags/dss150p_pipeline.py for tasks to queue
[2026-09-21T12:56:41.106+0000] {logging_mixin.py:190} INFO - [2026-09-21T12:56:41.105+0000] {dagbag.py:588} INFO - Filling up the DagBag from /opt/airflow/dags/dss150p_pipeline.py
[2026-09-21T12:56:41.154+0000] {processor.py:925} INFO - DAG(s) 'dss150p_sales_pipeline' retrieved from /opt/airflow/dags/dss150p_pipeline.py
[2026-09-21T12:56:41.282+0000] {logging_mixin.py:190} INFO - [2026-09-21T12:56:41.281+0000] {dag.py:3239} INFO - Sync 1 DAGs
[2026-09-21T12:56:41.361+0000] {logging_mixin.py:190} INFO - [2026-09-21T12:56:41.360+0000] {dag.py:4180} INFO - Setting next_dagrun for dss150p_sales_pipeline to 2026-09-21 02:00:00+00:00, run_after=2026-09-22 02:00:00+00:00
[2026-09-21T12:56:41.426+0000] {processor.py:208} INFO - Processing /opt/airflow/dags/dss150p_pipeline.py took 0.346 seconds
[2026-09-21T12:57:12.291+0000] {processor.py:186} INFO - Started process (PID=975) to work on /opt/airflow/dags/dss150p_pipeline.py
[2026-09-21T12:57:12.295+0000] {processor.py:914} INFO - Processing file /opt/airflow/dags/dss150p_pipeline.py for tasks to queue
[2026-09-21T12:57:12.304+0000] {logging_mixin.py:190} INFO - [2026-09-21T12:57:12.303+0000] {dagbag.py:588} INFO - Filling up the DagBag from /opt/airflow/dags/dss150p_pipeline.py
[2026-09-21T12:57:12.393+0000] {processor.py:925} INFO - DAG(s) 'dss150p_sales_pipeline' retrieved from /opt/airflow/dags/dss150p_pipeline.py
[2026-09-21T12:57:12.848+0000] {logging_mixin.py:190} INFO - [2026-09-21T12:57:12.847+0000] {dag.py:3239} INFO - Sync 1 DAGs
[2026-09-21T12:57:13.118+0000] {logging_mixin.py:190} INFO - [2026-09-21T12:57:13.116+0000] {dag.py:4180} INFO - Setting next_dagrun for dss150p_sales_pipeline to 2026-09-21 02:00:00+00:00, run_after=2026-09-22 02:00:00+00:00
[2026-09-21T12:57:13.239+0000] {processor.py:208} INFO - Processing /opt/airflow/dags/dss150p_pipeline.py took 0.973 seconds
[2026-09-21T12:57:43.571+0000] {processor.py:186} INFO - Started process (PID=980) to work on /opt/airflow/dags/dss150p_pipeline.py
[2026-09-21T12:57:43.575+0000] {processor.py:914} INFO - Processing file /opt/airflow/dags/dss150p_pipeline.py for tasks to queue
[2026-09-21T12:57:43.581+0000] {logging_mixin.py:190} INFO - [2026-09-21T12:57:43.580+0000] {dagbag.py:588} INFO - Filling up the DagBag from /opt/airflow/dags/dss150p_pipeline.py
[2026-09-21T12:57:43.637+0000] {processor.py:925} INFO - DAG(s) 'dss150p_sales_pipeline' retrieved from /opt/airflow/dags/dss150p_pipeline.py
[2026-09-21T12:57:43.735+0000] {logging_mixin.py:190} INFO - [2026-09-21T12:57:43.735+0000] {dag.py:3239} INFO - Sync 1 DAGs
[2026-09-21T12:57:43.779+0000] {logging_mixin.py:190} INFO - [2026-09-21T12:57:43.778+0000] {dag.py:4180} INFO - Setting next_dagrun for dss150p_sales_pipeline to 2026-09-21 02:00:00+00:00, run_after=2026-09-22 02:00:00+00:00
[2026-09-21T12:57:43.824+0000] {processor.py:208} INFO - Processing /opt/airflow/dags/dss150p_pipeline.py took 0.275 seconds
[2026-09-21T12:58:14.322+0000] {processor.py:186} INFO - Started process (PID=985) to work on /opt/airflow/dags/dss150p_pipeline.py
[2026-09-21T12:58:14.325+0000] {processor.py:914} INFO - Processing file /opt/airflow/dags/dss150p_pipeline.py for tasks to queue
[2026-09-21T12:58:14.330+0000] {logging_mixin.py:190} INFO - [2026-09-21T12:58:14.330+0000] {dagbag.py:588} INFO - Filling up the DagBag from /opt/airflow/dags/dss150p_pipeline.py
[2026-09-21T12:58:14.382+0000] {processor.py:925} INFO - DAG(s) 'dss150p_sales_pipeline' retrieved from /opt/airflow/dags/dss150p_pipeline.py
[2026-09-21T12:58:14.480+0000] {logging_mixin.py:190} INFO - [2026-09-21T12:58:14.480+0000] {dag.py:3239} INFO - Sync 1 DAGs
[2026-09-21T12:58:14.559+0000] {logging_mixin.py:190} INFO - [2026-09-21T12:58:14.558+0000] {dag.py:4180} INFO - Setting next_dagrun for dss150p_sales_pipeline to 2026-09-21 02:00:00+00:00, run_after=2026-09-22 02:00:00+00:00
[2026-09-21T12:58:14.650+0000] {processor.py:208} INFO - Processing /opt/airflow/dags/dss150p_pipeline.py took 0.340 seconds
[2026-09-21T12:58:45.215+0000] {processor.py:186} INFO - Started process (PID=990) to work on /opt/airflow/dags/dss150p_pipeline.py
[2026-09-21T12:58:45.217+0000] {processor.py:914} INFO - Processing file /opt/airflow/dags/dss150p_pipeline.py for tasks to queue
[2026-09-21T12:58:45.226+0000] {logging_mixin.py:190} INFO - [2026-09-21T12:58:45.226+0000] {dagbag.py:588} INFO - Filling up the DagBag from /opt/airflow/dags/dss150p_pipeline.py
[2026-09-21T12:58:45.286+0000] {processor.py:925} INFO - DAG(s) 'dss150p_sales_pipeline' retrieved from /opt/airflow/dags/dss150p_pipeline.py
[2026-09-21T12:58:45.680+0000] {logging_mixin.py:190} INFO - [2026-09-21T12:58:45.680+0000] {dag.py:3239} INFO - Sync 1 DAGs
[2026-09-21T12:58:46.229+0000] {logging_mixin.py:190} INFO - [2026-09-21T12:58:46.225+0000] {dag.py:4180} INFO - Setting next_dagrun for dss150p_sales_pipeline to 2026-09-21 02:00:00+00:00, run_after=2026-09-22 02:00:00+00:00
[2026-09-21T12:58:46.300+0000] {processor.py:208} INFO - Processing /opt/airflow/dags/dss150p_pipeline.py took 1.107 seconds
[2026-09-21T12:59:16.417+0000] {processor.py:186} INFO - Started process (PID=995) to work on /opt/airflow/dags/dss150p_pipeline.py
[2026-09-21T12:59:16.421+0000] {processor.py:914} INFO - Processing file /opt/airflow/dags/dss150p_pipeline.py for tasks to queue
[2026-09-21T12:59:16.427+0000] {logging_mixin.py:190} INFO - [2026-09-21T12:59:16.426+0000] {dagbag.py:588} INFO - Filling up the DagBag from /opt/airflow/dags/dss150p_pipeline.py
[2026-09-21T12:59:16.518+0000] {processor.py:925} INFO - DAG(s) 'dss150p_sales_pipeline' retrieved from /opt/airflow/dags/dss150p_pipeline.py
[2026-09-21T12:59:16.692+0000] {logging_mixin.py:190} INFO - [2026-09-21T12:59:16.692+0000] {dag.py:3239} INFO - Sync 1 DAGs
[2026-09-21T12:59:16.798+0000] {logging_mixin.py:190} INFO - [2026-09-21T12:59:16.797+0000] {dag.py:4180} INFO - Setting next_dagrun for dss150p_sales_pipeline to 2026-09-21 02:00:00+00:00, run_after=2026-09-22 02:00:00+00:00
[2026-09-21T12:59:16.855+0000] {processor.py:208} INFO - Processing /opt/airflow/dags/dss150p_pipeline.py took 0.458 seconds
[2026-09-21T12:59:47.264+0000] {processor.py:186} INFO - Started process (PID=1000) to work on /opt/airflow/dags/dss150p_pipeline.py
[2026-09-21T12:59:47.266+0000] {processor.py:914} INFO - Processing file /opt/airflow/dags/dss150p_pipeline.py for tasks to queue
[2026-09-21T12:59:47.273+0000] {logging_mixin.py:190} INFO - [2026-09-21T12:59:47.272+0000] {dagbag.py:588} INFO - Filling up the DagBag from /opt/airflow/dags/dss150p_pipeline.py
[2026-09-21T12:59:47.344+0000] {processor.py:925} INFO - DAG(s) 'dss150p_sales_pipeline' retrieved from /opt/airflow/dags/dss150p_pipeline.py
[2026-09-21T12:59:47.476+0000] {logging_mixin.py:190} INFO - [2026-09-21T12:59:47.475+0000] {dag.py:3239} INFO - Sync 1 DAGs
[2026-09-21T12:59:47.563+0000] {logging_mixin.py:190} INFO - [2026-09-21T12:59:47.563+0000] {dag.py:4180} INFO - Setting next_dagrun for dss150p_sales_pipeline to 2026-09-21 02:00:00+00:00, run_after=2026-09-22 02:00:00+00:00
[2026-09-21T12:59:47.638+0000] {processor.py:208} INFO - Processing /opt/airflow/dags/dss150p_pipeline.py took 0.408 seconds
[2026-09-21T13:00:17.970+0000] {processor.py:186} INFO - Started process (PID=1005) to work on /opt/airflow/dags/dss150p_pipeline.py
[2026-09-21T13:00:17.975+0000] {processor.py:914} INFO - Processing file /opt/airflow/dags/dss150p_pipeline.py for tasks to queue
[2026-09-21T13:00:17.983+0000] {logging_mixin.py:190} INFO - [2026-09-21T13:00:17.982+0000] {dagbag.py:588} INFO - Filling up the DagBag from /opt/airflow/dags/dss150p_pipeline.py
[2026-09-21T13:00:18.056+0000] {processor.py:925} INFO - DAG(s) 'dss150p_sales_pipeline' retrieved from /opt/airflow/dags/dss150p_pipeline.py
[2026-09-21T13:00:18.169+0000] {logging_mixin.py:190} INFO - [2026-09-21T13:00:18.168+0000] {dag.py:3239} INFO - Sync 1 DAGs
[2026-09-21T13:00:18.225+0000] {logging_mixin.py:190} INFO - [2026-09-21T13:00:18.224+0000] {dag.py:4180} INFO - Setting next_dagrun for dss150p_sales_pipeline to 2026-09-21 02:00:00+00:00, run_after=2026-09-22 02:00:00+00:00
[2026-09-21T13:00:18.305+0000] {processor.py:208} INFO - Processing /opt/airflow/dags/dss150p_pipeline.py took 0.353 seconds
[2026-09-21T13:00:48.769+0000] {processor.py:186} INFO - Started process (PID=1010) to work on /opt/airflow/dags/dss150p_pipeline.py
[2026-09-21T13:00:48.779+0000] {processor.py:914} INFO - Processing file /opt/airflow/dags/dss150p_pipeline.py for tasks to queue
[2026-09-21T13:00:48.788+0000] {logging_mixin.py:190} INFO - [2026-09-21T13:00:48.787+0000] {dagbag.py:588} INFO - Filling up the DagBag from /opt/airflow/dags/dss150p_pipeline.py
[2026-09-21T13:00:48.886+0000] {processor.py:925} INFO - DAG(s) 'dss150p_sales_pipeline' retrieved from /opt/airflow/dags/dss150p_pipeline.py
[2026-09-21T13:00:49.185+0000] {logging_mixin.py:190} INFO - [2026-09-21T13:00:49.184+0000] {dag.py:3239} INFO - Sync 1 DAGs
[2026-09-21T13:00:49.346+0000] {logging_mixin.py:190} INFO - [2026-09-21T13:00:49.345+0000] {dag.py:4180} INFO - Setting next_dagrun for dss150p_sales_pipeline to 2026-09-21 02:00:00+00:00, run_after=2026-09-22 02:00:00+00:00
[2026-09-21T13:00:49.429+0000] {processor.py:208} INFO - Processing /opt/airflow/dags/dss150p_pipeline.py took 0.689 seconds
[2026-09-21T13:01:20.024+0000] {processor.py:186} INFO - Started process (PID=1015) to work on /opt/airflow/dags/dss150p_pipeline.py
[2026-09-21T13:01:20.030+0000] {processor.py:914} INFO - Processing file /opt/airflow/dags/dss150p_pipeline.py for tasks to queue
[2026-09-21T13:01:20.048+0000] {logging_mixin.py:190} INFO - [2026-09-21T13:01:20.047+0000] {dagbag.py:588} INFO - Filling up the DagBag from /opt/airflow/dags/dss150p_pipeline.py
[2026-09-21T13:01:20.224+0000] {processor.py:925} INFO - DAG(s) 'dss150p_sales_pipeline' retrieved from /opt/airflow/dags/dss150p_pipeline.py
[2026-09-21T13:01:20.570+0000] {logging_mixin.py:190} INFO - [2026-09-21T13:01:20.569+0000] {dag.py:3239} INFO - Sync 1 DAGs
[2026-09-21T13:01:20.739+0000] {logging_mixin.py:190} INFO - [2026-09-21T13:01:20.738+0000] {dag.py:4180} INFO - Setting next_dagrun for dss150p_sales_pipeline to 2026-09-21 02:00:00+00:00, run_after=2026-09-22 02:00:00+00:00
[2026-09-21T13:01:20.846+0000] {processor.py:208} INFO - Processing /opt/airflow/dags/dss150p_pipeline.py took 0.859 seconds
[2026-09-21T13:01:51.684+0000] {processor.py:186} INFO - Started process (PID=1020) to work on /opt/airflow/dags/dss150p_pipeline.py
[2026-09-21T13:01:51.688+0000] {processor.py:914} INFO - Processing file /opt/airflow/dags/dss150p_pipeline.py for tasks to queue
[2026-09-21T13:01:51.711+0000] {logging_mixin.py:190} INFO - [2026-09-21T13:01:51.701+0000] {dagbag.py:588} INFO - Filling up the DagBag from /opt/airflow/dags/dss150p_pipeline.py
[2026-09-21T13:01:51.960+0000] {processor.py:925} INFO - DAG(s) 'dss150p_sales_pipeline' retrieved from /opt/airflow/dags/dss150p_pipeline.py
[2026-09-21T13:01:52.504+0000] {logging_mixin.py:190} INFO - [2026-09-21T13:01:52.503+0000] {dag.py:3239} INFO - Sync 1 DAGs
[2026-09-21T13:01:52.638+0000] {logging_mixin.py:190} INFO - [2026-09-21T13:01:52.636+0000] {dag.py:4180} INFO - Setting next_dagrun for dss150p_sales_pipeline to 2026-09-21 02:00:00+00:00, run_after=2026-09-22 02:00:00+00:00
[2026-09-21T13:01:52.735+0000] {processor.py:208} INFO - Processing /opt/airflow/dags/dss150p_pipeline.py took 1.088 seconds
[2026-09-21T13:02:24.023+0000] {processor.py:186} INFO - Started process (PID=1025) to work on /opt/airflow/dags/dss150p_pipeline.py
[2026-09-21T13:02:24.027+0000] {processor.py:914} INFO - Processing file /opt/airflow/dags/dss150p_pipeline.py for tasks to queue
[2026-09-21T13:02:24.054+0000] {logging_mixin.py:190} INFO - [2026-09-21T13:02:24.053+0000] {dagbag.py:588} INFO - Filling up the DagBag from /opt/airflow/dags/dss150p_pipeline.py
[2026-09-21T13:02:24.194+0000] {processor.py:925} INFO - DAG(s) 'dss150p_sales_pipeline' retrieved from /opt/airflow/dags/dss150p_pipeline.py
[2026-09-21T13:02:24.621+0000] {logging_mixin.py:190} INFO - [2026-09-21T13:02:24.620+0000] {dag.py:3239} INFO - Sync 1 DAGs
[2026-09-21T13:02:24.889+0000] {logging_mixin.py:190} INFO - [2026-09-21T13:02:24.888+0000] {dag.py:4180} INFO - Setting next_dagrun for dss150p_sales_pipeline to 2026-09-21 02:00:00+00:00, run_after=2026-09-22 02:00:00+00:00
[2026-09-21T13:02:26.120+0000] {processor.py:208} INFO - Processing /opt/airflow/dags/dss150p_pipeline.py took 2.141 seconds
[2026-09-21T13:02:57.570+0000] {processor.py:186} INFO - Started process (PID=1030) to work on /opt/airflow/dags/dss150p_pipeline.py
[2026-09-21T13:02:57.576+0000] {processor.py:914} INFO - Processing file /opt/airflow/dags/dss150p_pipeline.py for tasks to queue
[2026-09-21T13:02:57.600+0000] {logging_mixin.py:190} INFO - [2026-09-21T13:02:57.598+0000] {dagbag.py:588} INFO - Filling up the DagBag from /opt/airflow/dags/dss150p_pipeline.py
[2026-09-21T13:02:57.903+0000] {processor.py:925} INFO - DAG(s) 'dss150p_sales_pipeline' retrieved from /opt/airflow/dags/dss150p_pipeline.py
[2026-09-21T13:02:58.502+0000] {logging_mixin.py:190} INFO - [2026-09-21T13:02:58.492+0000] {dag.py:3239} INFO - Sync 1 DAGs
[2026-09-21T13:02:58.719+0000] {logging_mixin.py:190} INFO - [2026-09-21T13:02:58.718+0000] {dag.py:4180} INFO - Setting next_dagrun for dss150p_sales_pipeline to 2026-09-21 02:00:00+00:00, run_after=2026-09-22 02:00:00+00:00
[2026-09-21T13:02:59.018+0000] {processor.py:208} INFO - Processing /opt/airflow/dags/dss150p_pipeline.py took 1.505 seconds
[2026-09-21T13:03:30.663+0000] {processor.py:186} INFO - Started process (PID=1035) to work on /opt/airflow/dags/dss150p_pipeline.py
[2026-09-21T13:03:30.667+0000] {processor.py:914} INFO - Processing file /opt/airflow/dags/dss150p_pipeline.py for tasks to queue
[2026-09-21T13:03:30.694+0000] {logging_mixin.py:190} INFO - [2026-09-21T13:03:30.683+0000] {dagbag.py:588} INFO - Filling up the DagBag from /opt/airflow/dags/dss150p_pipeline.py
[2026-09-21T13:03:30.830+0000] {processor.py:925} INFO - DAG(s) 'dss150p_sales_pipeline' retrieved from /opt/airflow/dags/dss150p_pipeline.py
[2026-09-21T13:03:31.110+0000] {logging_mixin.py:190} INFO - [2026-09-21T13:03:31.110+0000] {dag.py:3239} INFO - Sync 1 DAGs
[2026-09-21T13:03:31.282+0000] {logging_mixin.py:190} INFO - [2026-09-21T13:03:31.271+0000] {dag.py:4180} INFO - Setting next_dagrun for dss150p_sales_pipeline to 2026-09-21 02:00:00+00:00, run_after=2026-09-22 02:00:00+00:00
[2026-09-21T13:03:31.373+0000] {processor.py:208} INFO - Processing /opt/airflow/dags/dss150p_pipeline.py took 0.765 seconds
[2026-09-21T13:04:02.406+0000] {processor.py:186} INFO - Started process (PID=1040) to work on /opt/airflow/dags/dss150p_pipeline.py
[2026-09-21T13:04:02.408+0000] {processor.py:914} INFO - Processing file /opt/airflow/dags/dss150p_pipeline.py for tasks to queue
[2026-09-21T13:04:02.416+0000] {logging_mixin.py:190} INFO - [2026-09-21T13:04:02.415+0000] {dagbag.py:588} INFO - Filling up the DagBag from /opt/airflow/dags/dss150p_pipeline.py
[2026-09-21T13:04:02.483+0000] {processor.py:925} INFO - DAG(s) 'dss150p_sales_pipeline' retrieved from /opt/airflow/dags/dss150p_pipeline.py
[2026-09-21T13:04:02.662+0000] {logging_mixin.py:190} INFO - [2026-09-21T13:04:02.662+0000] {dag.py:3239} INFO - Sync 1 DAGs
[2026-09-21T13:04:02.704+0000] {logging_mixin.py:190} INFO - [2026-09-21T13:04:02.704+0000] {dag.py:4180} INFO - Setting next_dagrun for dss150p_sales_pipeline to 2026-09-21 02:00:00+00:00, run_after=2026-09-22 02:00:00+00:00
[2026-09-21T13:04:02.813+0000] {processor.py:208} INFO - Processing /opt/airflow/dags/dss150p_pipeline.py took 0.424 seconds
[2026-09-21T13:04:33.153+0000] {processor.py:186} INFO - Started process (PID=1045) to work on /opt/airflow/dags/dss150p_pipeline.py
[2026-09-21T13:04:33.156+0000] {processor.py:914} INFO - Processing file /opt/airflow/dags/dss150p_pipeline.py for tasks to queue
[2026-09-21T13:04:33.163+0000] {logging_mixin.py:190} INFO - [2026-09-21T13:04:33.162+0000] {dagbag.py:588} INFO - Filling up the DagBag from /opt/airflow/dags/dss150p_pipeline.py
[2026-09-21T13:04:33.225+0000] {processor.py:925} INFO - DAG(s) 'dss150p_sales_pipeline' retrieved from /opt/airflow/dags/dss150p_pipeline.py
[2026-09-21T13:04:33.329+0000] {logging_mixin.py:190} INFO - [2026-09-21T13:04:33.329+0000] {dag.py:3239} INFO - Sync 1 DAGs
[2026-09-21T13:04:33.378+0000] {logging_mixin.py:190} INFO - [2026-09-21T13:04:33.378+0000] {dag.py:4180} INFO - Setting next_dagrun for dss150p_sales_pipeline to 2026-09-21 02:00:00+00:00, run_after=2026-09-22 02:00:00+00:00
[2026-09-21T13:04:33.413+0000] {processor.py:208} INFO - Processing /opt/airflow/dags/dss150p_pipeline.py took 0.281 seconds
[2026-09-21T13:05:04.034+0000] {processor.py:186} INFO - Started process (PID=1050) to work on /opt/airflow/dags/dss150p_pipeline.py
[2026-09-21T13:05:04.038+0000] {processor.py:914} INFO - Processing file /opt/airflow/dags/dss150p_pipeline.py for tasks to queue
[2026-09-21T13:05:04.046+0000] {logging_mixin.py:190} INFO - [2026-09-21T13:05:04.045+0000] {dagbag.py:588} INFO - Filling up the DagBag from /opt/airflow/dags/dss150p_pipeline.py
[2026-09-21T13:05:04.100+0000] {processor.py:925} INFO - DAG(s) 'dss150p_sales_pipeline' retrieved from /opt/airflow/dags/dss150p_pipeline.py
[2026-09-21T13:05:04.206+0000] {logging_mixin.py:190} INFO - [2026-09-21T13:05:04.205+0000] {dag.py:3239} INFO - Sync 1 DAGs
[2026-09-21T13:05:04.262+0000] {logging_mixin.py:190} INFO - [2026-09-21T13:05:04.262+0000] {dag.py:4180} INFO - Setting next_dagrun for dss150p_sales_pipeline to 2026-09-21 02:00:00+00:00, run_after=2026-09-22 02:00:00+00:00
[2026-09-21T13:05:04.298+0000] {processor.py:208} INFO - Processing /opt/airflow/dags/dss150p_pipeline.py took 0.285 seconds
[2026-09-21T13:05:34.935+0000] {processor.py:186} INFO - Started process (PID=1055) to work on /opt/airflow/dags/dss150p_pipeline.py
[2026-09-21T13:05:34.939+0000] {processor.py:914} INFO - Processing file /opt/airflow/dags/dss150p_pipeline.py for tasks to queue
[2026-09-21T13:05:34.945+0000] {logging_mixin.py:190} INFO - [2026-09-21T13:05:34.945+0000] {dagbag.py:588} INFO - Filling up the DagBag from /opt/airflow/dags/dss150p_pipeline.py
[2026-09-21T13:05:35.005+0000] {processor.py:925} INFO - DAG(s) 'dss150p_sales_pipeline' retrieved from /opt/airflow/dags/dss150p_pipeline.py
[2026-09-21T13:05:35.120+0000] {logging_mixin.py:190} INFO - [2026-09-21T13:05:35.120+0000] {dag.py:3239} INFO - Sync 1 DAGs
[2026-09-21T13:05:35.173+0000] {logging_mixin.py:190} INFO - [2026-09-21T13:05:35.172+0000] {dag.py:4180} INFO - Setting next_dagrun for dss150p_sales_pipeline to 2026-09-21 02:00:00+00:00, run_after=2026-09-22 02:00:00+00:00
[2026-09-21T13:05:35.214+0000] {processor.py:208} INFO - Processing /opt/airflow/dags/dss150p_pipeline.py took 0.297 seconds
[2026-09-21T13:05:59.971+0000] {processor.py:186} INFO - Started process (PID=1060) to work on /opt/airflow/dags/dss150p_pipeline.py
[2026-09-21T13:05:59.974+0000] {processor.py:914} INFO - Processing file /opt/airflow/dags/dss150p_pipeline.py for tasks to queue
[2026-09-21T13:05:59.980+0000] {logging_mixin.py:190} INFO - [2026-09-21T13:05:59.980+0000] {dagbag.py:588} INFO - Filling up the DagBag from /opt/airflow/dags/dss150p_pipeline.py
[2026-09-21T13:06:00.072+0000] {processor.py:925} INFO - DAG(s) 'dss150p_sales_pipeline' retrieved from /opt/airflow/dags/dss150p_pipeline.py
[2026-09-21T13:06:01.740+0000] {logging_mixin.py:190} INFO - [2026-09-21T13:06:01.739+0000] {dag.py:3239} INFO - Sync 1 DAGs
[2026-09-21T13:06:01.785+0000] {logging_mixin.py:190} INFO - [2026-09-21T13:06:01.785+0000] {dag.py:4180} INFO - Setting next_dagrun for dss150p_sales_pipeline to 2026-09-21 02:00:00+00:00, run_after=2026-09-22 02:00:00+00:00
[2026-09-21T13:06:01.835+0000] {processor.py:208} INFO - Processing /opt/airflow/dags/dss150p_pipeline.py took 1.883 seconds
[2026-09-21T13:06:32.173+0000] {processor.py:186} INFO - Started process (PID=1065) to work on /opt/airflow/dags/dss150p_pipeline.py
[2026-09-21T13:06:32.175+0000] {processor.py:914} INFO - Processing file /opt/airflow/dags/dss150p_pipeline.py for tasks to queue
[2026-09-21T13:06:32.183+0000] {logging_mixin.py:190} INFO - [2026-09-21T13:06:32.183+0000] {dagbag.py:588} INFO - Filling up the DagBag from /opt/airflow/dags/dss150p_pipeline.py
[2026-09-21T13:06:32.238+0000] {processor.py:925} INFO - DAG(s) 'dss150p_sales_pipeline' retrieved from /opt/airflow/dags/dss150p_pipeline.py
[2026-09-21T13:06:32.648+0000] {logging_mixin.py:190} INFO - [2026-09-21T13:06:32.647+0000] {dag.py:3239} INFO - Sync 1 DAGs
[2026-09-21T13:06:33.011+0000] {logging_mixin.py:190} INFO - [2026-09-21T13:06:33.010+0000] {dag.py:4180} INFO - Setting next_dagrun for dss150p_sales_pipeline to 2026-09-21 02:00:00+00:00, run_after=2026-09-22 02:00:00+00:00
[2026-09-21T13:06:33.142+0000] {processor.py:208} INFO - Processing /opt/airflow/dags/dss150p_pipeline.py took 0.983 seconds
[2026-09-21T13:07:03.826+0000] {processor.py:186} INFO - Started process (PID=1078) to work on /opt/airflow/dags/dss150p_pipeline.py
[2026-09-21T13:07:03.829+0000] {processor.py:914} INFO - Processing file /opt/airflow/dags/dss150p_pipeline.py for tasks to queue
[2026-09-21T13:07:03.836+0000] {logging_mixin.py:190} INFO - [2026-09-21T13:07:03.835+0000] {dagbag.py:588} INFO - Filling up the DagBag from /opt/airflow/dags/dss150p_pipeline.py
[2026-09-21T13:07:03.888+0000] {processor.py:925} INFO - DAG(s) 'dss150p_sales_pipeline' retrieved from /opt/airflow/dags/dss150p_pipeline.py
[2026-09-21T13:07:03.982+0000] {logging_mixin.py:190} INFO - [2026-09-21T13:07:03.982+0000] {dag.py:3239} INFO - Sync 1 DAGs
[2026-09-21T13:07:04.025+0000] {logging_mixin.py:190} INFO - [2026-09-21T13:07:04.025+0000] {dag.py:4180} INFO - Setting next_dagrun for dss150p_sales_pipeline to 2026-09-21 02:00:00+00:00, run_after=2026-09-22 02:00:00+00:00
[2026-09-21T13:07:04.060+0000] {processor.py:208} INFO - Processing /opt/airflow/dags/dss150p_pipeline.py took 0.265 seconds
[2026-09-21T13:07:34.646+0000] {processor.py:186} INFO - Started process (PID=1083) to work on /opt/airflow/dags/dss150p_pipeline.py
[2026-09-21T13:07:34.649+0000] {processor.py:914} INFO - Processing file /opt/airflow/dags/dss150p_pipeline.py for tasks to queue
[2026-09-21T13:07:34.654+0000] {logging_mixin.py:190} INFO - [2026-09-21T13:07:34.653+0000] {dagbag.py:588} INFO - Filling up the DagBag from /opt/airflow/dags/dss150p_pipeline.py
[2026-09-21T13:07:34.703+0000] {processor.py:925} INFO - DAG(s) 'dss150p_sales_pipeline' retrieved from /opt/airflow/dags/dss150p_pipeline.py
[2026-09-21T13:07:34.798+0000] {logging_mixin.py:190} INFO - [2026-09-21T13:07:34.798+0000] {dag.py:3239} INFO - Sync 1 DAGs
[2026-09-21T13:07:34.838+0000] {logging_mixin.py:190} INFO - [2026-09-21T13:07:34.838+0000] {dag.py:4180} INFO - Setting next_dagrun for dss150p_sales_pipeline to 2026-09-21 02:00:00+00:00, run_after=2026-09-22 02:00:00+00:00
[2026-09-21T13:07:34.873+0000] {processor.py:208} INFO - Processing /opt/airflow/dags/dss150p_pipeline.py took 0.244 seconds
[2026-09-21T13:08:05.565+0000] {processor.py:186} INFO - Started process (PID=1096) to work on /opt/airflow/dags/dss150p_pipeline.py
[2026-09-21T13:08:05.573+0000] {processor.py:914} INFO - Processing file /opt/airflow/dags/dss150p_pipeline.py for tasks to queue
[2026-09-21T13:08:05.580+0000] {logging_mixin.py:190} INFO - [2026-09-21T13:08:05.580+0000] {dagbag.py:588} INFO - Filling up the DagBag from /opt/airflow/dags/dss150p_pipeline.py
[2026-09-21T13:08:05.662+0000] {processor.py:925} INFO - DAG(s) 'dss150p_sales_pipeline' retrieved from /opt/airflow/dags/dss150p_pipeline.py
[2026-09-21T13:08:05.757+0000] {logging_mixin.py:190} INFO - [2026-09-21T13:08:05.757+0000] {dag.py:3239} INFO - Sync 1 DAGs
[2026-09-21T13:08:05.799+0000] {logging_mixin.py:190} INFO - [2026-09-21T13:08:05.798+0000] {dag.py:4180} INFO - Setting next_dagrun for dss150p_sales_pipeline to 2026-09-21 02:00:00+00:00, run_after=2026-09-22 02:00:00+00:00
[2026-09-21T13:08:05.834+0000] {processor.py:208} INFO - Processing /opt/airflow/dags/dss150p_pipeline.py took 0.298 seconds
[2026-09-21T13:08:35.975+0000] {processor.py:186} INFO - Started process (PID=1101) to work on /opt/airflow/dags/dss150p_pipeline.py
[2026-09-21T13:08:35.979+0000] {processor.py:914} INFO - Processing file /opt/airflow/dags/dss150p_pipeline.py for tasks to queue
[2026-09-21T13:08:35.989+0000] {logging_mixin.py:190} INFO - [2026-09-21T13:08:35.988+0000] {dagbag.py:588} INFO - Filling up the DagBag from /opt/airflow/dags/dss150p_pipeline.py
[2026-09-21T13:08:36.091+0000] {processor.py:925} INFO - DAG(s) 'dss150p_sales_pipeline' retrieved from /opt/airflow/dags/dss150p_pipeline.py
[2026-09-21T13:08:36.286+0000] {logging_mixin.py:190} INFO - [2026-09-21T13:08:36.285+0000] {dag.py:3239} INFO - Sync 1 DAGs
[2026-09-21T13:08:36.369+0000] {logging_mixin.py:190} INFO - [2026-09-21T13:08:36.368+0000] {dag.py:4180} INFO - Setting next_dagrun for dss150p_sales_pipeline to 2026-09-21 02:00:00+00:00, run_after=2026-09-22 02:00:00+00:00
[2026-09-21T13:08:36.402+0000] {processor.py:208} INFO - Processing /opt/airflow/dags/dss150p_pipeline.py took 0.453 seconds
[2026-09-21T13:09:06.566+0000] {processor.py:186} INFO - Started process (PID=1114) to work on /opt/airflow/dags/dss150p_pipeline.py
[2026-09-21T13:09:06.570+0000] {processor.py:914} INFO - Processing file /opt/airflow/dags/dss150p_pipeline.py for tasks to queue
[2026-09-21T13:09:06.576+0000] {logging_mixin.py:190} INFO - [2026-09-21T13:09:06.576+0000] {dagbag.py:588} INFO - Filling up the DagBag from /opt/airflow/dags/dss150p_pipeline.py
[2026-09-21T13:09:06.641+0000] {processor.py:925} INFO - DAG(s) 'dss150p_sales_pipeline' retrieved from /opt/airflow/dags/dss150p_pipeline.py
[2026-09-21T13:09:06.729+0000] {logging_mixin.py:190} INFO - [2026-09-21T13:09:06.728+0000] {dag.py:3239} INFO - Sync 1 DAGs
[2026-09-21T13:09:06.776+0000] {logging_mixin.py:190} INFO - [2026-09-21T13:09:06.776+0000] {dag.py:4180} INFO - Setting next_dagrun for dss150p_sales_pipeline to 2026-09-21 02:00:00+00:00, run_after=2026-09-22 02:00:00+00:00
[2026-09-21T13:09:06.811+0000] {processor.py:208} INFO - Processing /opt/airflow/dags/dss150p_pipeline.py took 0.265 seconds
[2026-09-21T13:09:37.127+0000] {processor.py:186} INFO - Started process (PID=1119) to work on /opt/airflow/dags/dss150p_pipeline.py
[2026-09-21T13:09:37.130+0000] {processor.py:914} INFO - Processing file /opt/airflow/dags/dss150p_pipeline.py for tasks to queue
[2026-09-21T13:09:37.136+0000] {logging_mixin.py:190} INFO - [2026-09-21T13:09:37.135+0000] {dagbag.py:588} INFO - Filling up the DagBag from /opt/airflow/dags/dss150p_pipeline.py
[2026-09-21T13:09:37.195+0000] {processor.py:925} INFO - DAG(s) 'dss150p_sales_pipeline' retrieved from /opt/airflow/dags/dss150p_pipeline.py
[2026-09-21T13:09:37.302+0000] {logging_mixin.py:190} INFO - [2026-09-21T13:09:37.301+0000] {dag.py:3239} INFO - Sync 1 DAGs
[2026-09-21T13:09:37.348+0000] {logging_mixin.py:190} INFO - [2026-09-21T13:09:37.347+0000] {dag.py:4180} INFO - Setting next_dagrun for dss150p_sales_pipeline to 2026-09-21 02:00:00+00:00, run_after=2026-09-22 02:00:00+00:00
[2026-09-21T13:09:37.384+0000] {processor.py:208} INFO - Processing /opt/airflow/dags/dss150p_pipeline.py took 0.273 seconds
[2026-09-21T13:10:07.494+0000] {processor.py:186} INFO - Started process (PID=1124) to work on /opt/airflow/dags/dss150p_pipeline.py
[2026-09-21T13:10:07.497+0000] {processor.py:914} INFO - Processing file /opt/airflow/dags/dss150p_pipeline.py for tasks to queue
[2026-09-21T13:10:07.502+0000] {logging_mixin.py:190} INFO - [2026-09-21T13:10:07.501+0000] {dagbag.py:588} INFO - Filling up the DagBag from /opt/airflow/dags/dss150p_pipeline.py
[2026-09-21T13:10:07.569+0000] {processor.py:925} INFO - DAG(s) 'dss150p_sales_pipeline' retrieved from /opt/airflow/dags/dss150p_pipeline.py
[2026-09-21T13:10:07.696+0000] {logging_mixin.py:190} INFO - [2026-09-21T13:10:07.696+0000] {dag.py:3239} INFO - Sync 1 DAGs
[2026-09-21T13:10:07.745+0000] {logging_mixin.py:190} INFO - [2026-09-21T13:10:07.744+0000] {dag.py:4180} INFO - Setting next_dagrun for dss150p_sales_pipeline to 2026-09-21 02:00:00+00:00, run_after=2026-09-22 02:00:00+00:00
[2026-09-21T13:10:07.776+0000] {processor.py:208} INFO - Processing /opt/airflow/dags/dss150p_pipeline.py took 0.298 seconds
[2026-09-21T13:10:38.175+0000] {processor.py:186} INFO - Started process (PID=1129) to work on /opt/airflow/dags/dss150p_pipeline.py
[2026-09-21T13:10:38.178+0000] {processor.py:914} INFO - Processing file /opt/airflow/dags/dss150p_pipeline.py for tasks to queue
[2026-09-21T13:10:38.185+0000] {logging_mixin.py:190} INFO - [2026-09-21T13:10:38.184+0000] {dagbag.py:588} INFO - Filling up the DagBag from /opt/airflow/dags/dss150p_pipeline.py
[2026-09-21T13:10:38.238+0000] {processor.py:925} INFO - DAG(s) 'dss150p_sales_pipeline' retrieved from /opt/airflow/dags/dss150p_pipeline.py
[2026-09-21T13:10:38.347+0000] {logging_mixin.py:190} INFO - [2026-09-21T13:10:38.346+0000] {dag.py:3239} INFO - Sync 1 DAGs
[2026-09-21T13:10:38.399+0000] {logging_mixin.py:190} INFO - [2026-09-21T13:10:38.399+0000] {dag.py:4180} INFO - Setting next_dagrun for dss150p_sales_pipeline to 2026-09-21 02:00:00+00:00, run_after=2026-09-22 02:00:00+00:00
[2026-09-21T13:10:38.454+0000] {processor.py:208} INFO - Processing /opt/airflow/dags/dss150p_pipeline.py took 0.296 seconds
[2026-09-21T13:11:09.151+0000] {processor.py:186} INFO - Started process (PID=1134) to work on /opt/airflow/dags/dss150p_pipeline.py
[2026-09-21T13:11:09.167+0000] {processor.py:914} INFO - Processing file /opt/airflow/dags/dss150p_pipeline.py for tasks to queue
[2026-09-21T13:11:09.214+0000] {logging_mixin.py:190} INFO - [2026-09-21T13:11:09.213+0000] {dagbag.py:588} INFO - Filling up the DagBag from /opt/airflow/dags/dss150p_pipeline.py
[2026-09-21T13:11:09.685+0000] {processor.py:925} INFO - DAG(s) 'dss150p_sales_pipeline' retrieved from /opt/airflow/dags/dss150p_pipeline.py
[2026-09-21T13:11:10.095+0000] {logging_mixin.py:190} INFO - [2026-09-21T13:11:10.094+0000] {dag.py:3239} INFO - Sync 1 DAGs
[2026-09-21T13:11:10.155+0000] {logging_mixin.py:190} INFO - [2026-09-21T13:11:10.155+0000] {dag.py:4180} INFO - Setting next_dagrun for dss150p_sales_pipeline to 2026-09-21 02:00:00+00:00, run_after=2026-09-22 02:00:00+00:00
[2026-09-21T13:11:10.309+0000] {processor.py:208} INFO - Processing /opt/airflow/dags/dss150p_pipeline.py took 1.212 seconds
[2026-09-21T13:11:40.888+0000] {processor.py:186} INFO - Started process (PID=1139) to work on /opt/airflow/dags/dss150p_pipeline.py
[2026-09-21T13:11:40.906+0000] {processor.py:914} INFO - Processing file /opt/airflow/dags/dss150p_pipeline.py for tasks to queue
[2026-09-21T13:11:40.932+0000] {logging_mixin.py:190} INFO - [2026-09-21T13:11:40.923+0000] {dagbag.py:588} INFO - Filling up the DagBag from /opt/airflow/dags/dss150p_pipeline.py
[2026-09-21T13:11:41.034+0000] {processor.py:925} INFO - DAG(s) 'dss150p_sales_pipeline' retrieved from /opt/airflow/dags/dss150p_pipeline.py
[2026-09-21T13:11:41.184+0000] {logging_mixin.py:190} INFO - [2026-09-21T13:11:41.183+0000] {dag.py:3239} INFO - Sync 1 DAGs
[2026-09-21T13:11:41.251+0000] {logging_mixin.py:190} INFO - [2026-09-21T13:11:41.250+0000] {dag.py:4180} INFO - Setting next_dagrun for dss150p_sales_pipeline to 2026-09-21 02:00:00+00:00, run_after=2026-09-22 02:00:00+00:00
[2026-09-21T13:11:41.310+0000] {processor.py:208} INFO - Processing /opt/airflow/dags/dss150p_pipeline.py took 0.478 seconds
[2026-09-21T13:12:13.321+0000] {processor.py:186} INFO - Started process (PID=1144) to work on /opt/airflow/dags/dss150p_pipeline.py
[2026-09-21T13:12:13.412+0000] {processor.py:914} INFO - Processing file /opt/airflow/dags/dss150p_pipeline.py for tasks to queue
[2026-09-21T13:12:13.429+0000] {logging_mixin.py:190} INFO - [2026-09-21T13:12:13.428+0000] {dagbag.py:588} INFO - Filling up the DagBag from /opt/airflow/dags/dss150p_pipeline.py
[2026-09-21T13:12:13.922+0000] {processor.py:925} INFO - DAG(s) 'dss150p_sales_pipeline' retrieved from /opt/airflow/dags/dss150p_pipeline.py
[2026-09-21T13:12:14.838+0000] {logging_mixin.py:190} INFO - [2026-09-21T13:12:14.838+0000] {dag.py:3239} INFO - Sync 1 DAGs
[2026-09-21T13:12:15.108+0000] {logging_mixin.py:190} INFO - [2026-09-21T13:12:15.108+0000] {dag.py:4180} INFO - Setting next_dagrun for dss150p_sales_pipeline to 2026-09-21 02:00:00+00:00, run_after=2026-09-22 02:00:00+00:00
[2026-09-21T13:12:15.350+0000] {processor.py:208} INFO - Processing /opt/airflow/dags/dss150p_pipeline.py took 2.092 seconds
[2026-09-21T13:12:45.787+0000] {processor.py:186} INFO - Started process (PID=1149) to work on /opt/airflow/dags/dss150p_pipeline.py
[2026-09-21T13:12:45.790+0000] {processor.py:914} INFO - Processing file /opt/airflow/dags/dss150p_pipeline.py for tasks to queue
[2026-09-21T13:12:45.796+0000] {logging_mixin.py:190} INFO - [2026-09-21T13:12:45.796+0000] {dagbag.py:588} INFO - Filling up the DagBag from /opt/airflow/dags/dss150p_pipeline.py
[2026-09-21T13:12:45.878+0000] {processor.py:925} INFO - DAG(s) 'dss150p_sales_pipeline' retrieved from /opt/airflow/dags/dss150p_pipeline.py
[2026-09-21T13:12:46.035+0000] {logging_mixin.py:190} INFO - [2026-09-21T13:12:46.035+0000] {dag.py:3239} INFO - Sync 1 DAGs
[2026-09-21T13:12:46.116+0000] {logging_mixin.py:190} INFO - [2026-09-21T13:12:46.116+0000] {dag.py:4180} INFO - Setting next_dagrun for dss150p_sales_pipeline to 2026-09-21 02:00:00+00:00, run_after=2026-09-22 02:00:00+00:00
[2026-09-21T13:12:46.168+0000] {processor.py:208} INFO - Processing /opt/airflow/dags/dss150p_pipeline.py took 0.398 seconds
[2026-09-21T13:13:17.885+0000] {processor.py:186} INFO - Started process (PID=1154) to work on /opt/airflow/dags/dss150p_pipeline.py
[2026-09-21T13:13:17.889+0000] {processor.py:914} INFO - Processing file /opt/airflow/dags/dss150p_pipeline.py for tasks to queue
[2026-09-21T13:13:17.918+0000] {logging_mixin.py:190} INFO - [2026-09-21T13:13:17.908+0000] {dagbag.py:588} INFO - Filling up the DagBag from /opt/airflow/dags/dss150p_pipeline.py
[2026-09-21T13:13:18.093+0000] {processor.py:925} INFO - DAG(s) 'dss150p_sales_pipeline' retrieved from /opt/airflow/dags/dss150p_pipeline.py
[2026-09-21T13:13:18.253+0000] {logging_mixin.py:190} INFO - [2026-09-21T13:13:18.253+0000] {dag.py:3239} INFO - Sync 1 DAGs
[2026-09-21T13:13:18.308+0000] {logging_mixin.py:190} INFO - [2026-09-21T13:13:18.308+0000] {dag.py:4180} INFO - Setting next_dagrun for dss150p_sales_pipeline to 2026-09-21 02:00:00+00:00, run_after=2026-09-22 02:00:00+00:00
[2026-09-21T13:13:18.351+0000] {processor.py:208} INFO - Processing /opt/airflow/dags/dss150p_pipeline.py took 0.547 seconds
[2026-09-21T13:13:49.086+0000] {processor.py:186} INFO - Started process (PID=1159) to work on /opt/airflow/dags/dss150p_pipeline.py
[2026-09-21T13:13:49.089+0000] {processor.py:914} INFO - Processing file /opt/airflow/dags/dss150p_pipeline.py for tasks to queue
[2026-09-21T13:13:49.100+0000] {logging_mixin.py:190} INFO - [2026-09-21T13:13:49.099+0000] {dagbag.py:588} INFO - Filling up the DagBag from /opt/airflow/dags/dss150p_pipeline.py
[2026-09-21T13:13:49.268+0000] {processor.py:925} INFO - DAG(s) 'dss150p_sales_pipeline' retrieved from /opt/airflow/dags/dss150p_pipeline.py
[2026-09-21T13:13:49.548+0000] {logging_mixin.py:190} INFO - [2026-09-21T13:13:49.548+0000] {dag.py:3239} INFO - Sync 1 DAGs
[2026-09-21T13:13:49.697+0000] {logging_mixin.py:190} INFO - [2026-09-21T13:13:49.695+0000] {dag.py:4180} INFO - Setting next_dagrun for dss150p_sales_pipeline to 2026-09-21 02:00:00+00:00, run_after=2026-09-22 02:00:00+00:00
[2026-09-21T13:13:49.773+0000] {processor.py:208} INFO - Processing /opt/airflow/dags/dss150p_pipeline.py took 0.712 seconds
[2026-09-21T13:14:20.000+0000] {processor.py:186} INFO - Started process (PID=1164) to work on /opt/airflow/dags/dss150p_pipeline.py
[2026-09-21T13:14:20.005+0000] {processor.py:914} INFO - Processing file /opt/airflow/dags/dss150p_pipeline.py for tasks to queue
[2026-09-21T13:14:20.011+0000] {logging_mixin.py:190} INFO - [2026-09-21T13:14:20.010+0000] {dagbag.py:588} INFO - Filling up the DagBag from /opt/airflow/dags/dss150p_pipeline.py
[2026-09-21T13:14:20.157+0000] {processor.py:925} INFO - DAG(s) 'dss150p_sales_pipeline' retrieved from /opt/airflow/dags/dss150p_pipeline.py
[2026-09-21T13:14:20.358+0000] {logging_mixin.py:190} INFO - [2026-09-21T13:14:20.358+0000] {dag.py:3239} INFO - Sync 1 DAGs
[2026-09-21T13:14:20.427+0000] {logging_mixin.py:190} INFO - [2026-09-21T13:14:20.427+0000] {dag.py:4180} INFO - Setting next_dagrun for dss150p_sales_pipeline to 2026-09-21 02:00:00+00:00, run_after=2026-09-22 02:00:00+00:00
[2026-09-21T13:14:20.502+0000] {processor.py:208} INFO - Processing /opt/airflow/dags/dss150p_pipeline.py took 0.530 seconds
[2026-09-21T13:14:50.963+0000] {processor.py:186} INFO - Started process (PID=1169) to work on /opt/airflow/dags/dss150p_pipeline.py
[2026-09-21T13:14:50.966+0000] {processor.py:914} INFO - Processing file /opt/airflow/dags/dss150p_pipeline.py for tasks to queue
[2026-09-21T13:14:50.973+0000] {logging_mixin.py:190} INFO - [2026-09-21T13:14:50.972+0000] {dagbag.py:588} INFO - Filling up the DagBag from /opt/airflow/dags/dss150p_pipeline.py
[2026-09-21T13:14:51.076+0000] {processor.py:925} INFO - DAG(s) 'dss150p_sales_pipeline' retrieved from /opt/airflow/dags/dss150p_pipeline.py
[2026-09-21T13:14:51.267+0000] {logging_mixin.py:190} INFO - [2026-09-21T13:14:51.266+0000] {dag.py:3239} INFO - Sync 1 DAGs
[2026-09-21T13:14:51.359+0000] {logging_mixin.py:190} INFO - [2026-09-21T13:14:51.358+0000] {dag.py:4180} INFO - Setting next_dagrun for dss150p_sales_pipeline to 2026-09-21 02:00:00+00:00, run_after=2026-09-22 02:00:00+00:00
[2026-09-21T13:14:51.501+0000] {processor.py:208} INFO - Processing /opt/airflow/dags/dss150p_pipeline.py took 0.557 seconds
[2026-09-21T13:15:22.446+0000] {processor.py:186} INFO - Started process (PID=1174) to work on /opt/airflow/dags/dss150p_pipeline.py
[2026-09-21T13:15:22.448+0000] {processor.py:914} INFO - Processing file /opt/airflow/dags/dss150p_pipeline.py for tasks to queue
[2026-09-21T13:15:22.455+0000] {logging_mixin.py:190} INFO - [2026-09-21T13:15:22.455+0000] {dagbag.py:588} INFO - Filling up the DagBag from /opt/airflow/dags/dss150p_pipeline.py
[2026-09-21T13:15:22.513+0000] {processor.py:925} INFO - DAG(s) 'dss150p_sales_pipeline' retrieved from /opt/airflow/dags/dss150p_pipeline.py
[2026-09-21T13:15:22.630+0000] {logging_mixin.py:190} INFO - [2026-09-21T13:15:22.629+0000] {dag.py:3239} INFO - Sync 1 DAGs
[2026-09-21T13:15:22.789+0000] {logging_mixin.py:190} INFO - [2026-09-21T13:15:22.789+0000] {dag.py:4180} INFO - Setting next_dagrun for dss150p_sales_pipeline to 2026-09-21 02:00:00+00:00, run_after=2026-09-22 02:00:00+00:00
[2026-09-21T13:15:22.830+0000] {processor.py:208} INFO - Processing /opt/airflow/dags/dss150p_pipeline.py took 0.402 seconds
[2026-09-21T13:15:53.614+0000] {processor.py:186} INFO - Started process (PID=1179) to work on /opt/airflow/dags/dss150p_pipeline.py
[2026-09-21T13:15:53.618+0000] {processor.py:914} INFO - Processing file /opt/airflow/dags/dss150p_pipeline.py for tasks to queue
[2026-09-21T13:15:53.632+0000] {logging_mixin.py:190} INFO - [2026-09-21T13:15:53.631+0000] {dagbag.py:588} INFO - Filling up the DagBag from /opt/airflow/dags/dss150p_pipeline.py
[2026-09-21T13:15:53.731+0000] {processor.py:925} INFO - DAG(s) 'dss150p_sales_pipeline' retrieved from /opt/airflow/dags/dss150p_pipeline.py
[2026-09-21T13:15:53.860+0000] {logging_mixin.py:190} INFO - [2026-09-21T13:15:53.860+0000] {dag.py:3239} INFO - Sync 1 DAGs
[2026-09-21T13:15:53.919+0000] {logging_mixin.py:190} INFO - [2026-09-21T13:15:53.919+0000] {dag.py:4180} INFO - Setting next_dagrun for dss150p_sales_pipeline to 2026-09-21 02:00:00+00:00, run_after=2026-09-22 02:00:00+00:00
[2026-09-21T13:15:53.974+0000] {processor.py:208} INFO - Processing /opt/airflow/dags/dss150p_pipeline.py took 0.389 seconds
[2026-09-21T13:16:24.247+0000] {processor.py:186} INFO - Started process (PID=1184) to work on /opt/airflow/dags/dss150p_pipeline.py
[2026-09-21T13:16:24.251+0000] {processor.py:914} INFO - Processing file /opt/airflow/dags/dss150p_pipeline.py for tasks to queue
[2026-09-21T13:16:24.261+0000] {logging_mixin.py:190} INFO - [2026-09-21T13:16:24.260+0000] {dagbag.py:588} INFO - Filling up the DagBag from /opt/airflow/dags/dss150p_pipeline.py
[2026-09-21T13:16:24.358+0000] {processor.py:925} INFO - DAG(s) 'dss150p_sales_pipeline' retrieved from /opt/airflow/dags/dss150p_pipeline.py
[2026-09-21T13:16:24.557+0000] {logging_mixin.py:190} INFO - [2026-09-21T13:16:24.557+0000] {dag.py:3239} INFO - Sync 1 DAGs
[2026-09-21T13:16:24.630+0000] {logging_mixin.py:190} INFO - [2026-09-21T13:16:24.630+0000] {dag.py:4180} INFO - Setting next_dagrun for dss150p_sales_pipeline to 2026-09-21 02:00:00+00:00, run_after=2026-09-22 02:00:00+00:00
[2026-09-21T13:16:24.677+0000] {processor.py:208} INFO - Processing /opt/airflow/dags/dss150p_pipeline.py took 0.450 seconds
[2026-09-21T13:16:55.691+0000] {processor.py:186} INFO - Started process (PID=1189) to work on /opt/airflow/dags/dss150p_pipeline.py
[2026-09-21T13:16:55.700+0000] {processor.py:914} INFO - Processing file /opt/airflow/dags/dss150p_pipeline.py for tasks to queue
[2026-09-21T13:16:55.714+0000] {logging_mixin.py:190} INFO - [2026-09-21T13:16:55.713+0000] {dagbag.py:588} INFO - Filling up the DagBag from /opt/airflow/dags/dss150p_pipeline.py
[2026-09-21T13:16:55.855+0000] {processor.py:925} INFO - DAG(s) 'dss150p_sales_pipeline' retrieved from /opt/airflow/dags/dss150p_pipeline.py
[2026-09-21T13:16:56.306+0000] {logging_mixin.py:190} INFO - [2026-09-21T13:16:56.305+0000] {dag.py:3239} INFO - Sync 1 DAGs
[2026-09-21T13:16:56.544+0000] {logging_mixin.py:190} INFO - [2026-09-21T13:16:56.543+0000] {dag.py:4180} INFO - Setting next_dagrun for dss150p_sales_pipeline to 2026-09-21 02:00:00+00:00, run_after=2026-09-22 02:00:00+00:00
[2026-09-21T13:16:56.755+0000] {processor.py:208} INFO - Processing /opt/airflow/dags/dss150p_pipeline.py took 1.115 seconds
[2026-09-21T13:17:28.030+0000] {processor.py:186} INFO - Started process (PID=1194) to work on /opt/airflow/dags/dss150p_pipeline.py
[2026-09-21T13:17:28.039+0000] {processor.py:914} INFO - Processing file /opt/airflow/dags/dss150p_pipeline.py for tasks to queue
[2026-09-21T13:17:28.094+0000] {logging_mixin.py:190} INFO - [2026-09-21T13:17:28.093+0000] {dagbag.py:588} INFO - Filling up the DagBag from /opt/airflow/dags/dss150p_pipeline.py
[2026-09-21T13:17:28.547+0000] {processor.py:925} INFO - DAG(s) 'dss150p_sales_pipeline' retrieved from /opt/airflow/dags/dss150p_pipeline.py
[2026-09-21T13:17:29.109+0000] {logging_mixin.py:190} INFO - [2026-09-21T13:17:29.108+0000] {dag.py:3239} INFO - Sync 1 DAGs
[2026-09-21T13:17:29.320+0000] {logging_mixin.py:190} INFO - [2026-09-21T13:17:29.319+0000] {dag.py:4180} INFO - Setting next_dagrun for dss150p_sales_pipeline to 2026-09-21 02:00:00+00:00, run_after=2026-09-22 02:00:00+00:00
[2026-09-21T13:17:29.490+0000] {processor.py:208} INFO - Processing /opt/airflow/dags/dss150p_pipeline.py took 1.499 seconds
[2026-09-21T13:18:00.169+0000] {processor.py:186} INFO - Started process (PID=1199) to work on /opt/airflow/dags/dss150p_pipeline.py
[2026-09-21T13:18:00.174+0000] {processor.py:914} INFO - Processing file /opt/airflow/dags/dss150p_pipeline.py for tasks to queue
[2026-09-21T13:18:00.190+0000] {logging_mixin.py:190} INFO - [2026-09-21T13:18:00.187+0000] {dagbag.py:588} INFO - Filling up the DagBag from /opt/airflow/dags/dss150p_pipeline.py
[2026-09-21T13:18:00.254+0000] {processor.py:925} INFO - DAG(s) 'dss150p_sales_pipeline' retrieved from /opt/airflow/dags/dss150p_pipeline.py
[2026-09-21T13:18:00.375+0000] {logging_mixin.py:190} INFO - [2026-09-21T13:18:00.373+0000] {dag.py:3239} INFO - Sync 1 DAGs
[2026-09-21T13:18:00.438+0000] {logging_mixin.py:190} INFO - [2026-09-21T13:18:00.438+0000] {dag.py:4180} INFO - Setting next_dagrun for dss150p_sales_pipeline to 2026-09-21 02:00:00+00:00, run_after=2026-09-22 02:00:00+00:00
[2026-09-21T13:18:00.483+0000] {processor.py:208} INFO - Processing /opt/airflow/dags/dss150p_pipeline.py took 0.347 seconds
[2026-09-21T13:18:31.405+0000] {processor.py:186} INFO - Started process (PID=1204) to work on /opt/airflow/dags/dss150p_pipeline.py
[2026-09-21T13:18:31.420+0000] {processor.py:914} INFO - Processing file /opt/airflow/dags/dss150p_pipeline.py for tasks to queue
[2026-09-21T13:18:31.442+0000] {logging_mixin.py:190} INFO - [2026-09-21T13:18:31.440+0000] {dagbag.py:588} INFO - Filling up the DagBag from /opt/airflow/dags/dss150p_pipeline.py
[2026-09-21T13:18:31.717+0000] {processor.py:925} INFO - DAG(s) 'dss150p_sales_pipeline' retrieved from /opt/airflow/dags/dss150p_pipeline.py
[2026-09-21T13:18:32.322+0000] {logging_mixin.py:190} INFO - [2026-09-21T13:18:32.320+0000] {dag.py:3239} INFO - Sync 1 DAGs
[2026-09-21T13:18:32.562+0000] {logging_mixin.py:190} INFO - [2026-09-21T13:18:32.562+0000] {dag.py:4180} INFO - Setting next_dagrun for dss150p_sales_pipeline to 2026-09-21 02:00:00+00:00, run_after=2026-09-22 02:00:00+00:00
[2026-09-21T13:18:32.889+0000] {processor.py:208} INFO - Processing /opt/airflow/dags/dss150p_pipeline.py took 1.542 seconds
[2026-09-21T13:19:03.723+0000] {processor.py:186} INFO - Started process (PID=1209) to work on /opt/airflow/dags/dss150p_pipeline.py
[2026-09-21T13:19:03.727+0000] {processor.py:914} INFO - Processing file /opt/airflow/dags/dss150p_pipeline.py for tasks to queue
[2026-09-21T13:19:03.737+0000] {logging_mixin.py:190} INFO - [2026-09-21T13:19:03.734+0000] {dagbag.py:588} INFO - Filling up the DagBag from /opt/airflow/dags/dss150p_pipeline.py
[2026-09-21T13:19:03.845+0000] {processor.py:925} INFO - DAG(s) 'dss150p_sales_pipeline' retrieved from /opt/airflow/dags/dss150p_pipeline.py
[2026-09-21T13:19:04.131+0000] {logging_mixin.py:190} INFO - [2026-09-21T13:19:04.130+0000] {dag.py:3239} INFO - Sync 1 DAGs
[2026-09-21T13:19:04.236+0000] {logging_mixin.py:190} INFO - [2026-09-21T13:19:04.235+0000] {dag.py:4180} INFO - Setting next_dagrun for dss150p_sales_pipeline to 2026-09-21 02:00:00+00:00, run_after=2026-09-22 02:00:00+00:00
[2026-09-21T13:19:04.345+0000] {processor.py:208} INFO - Processing /opt/airflow/dags/dss150p_pipeline.py took 0.653 seconds
[2026-09-21T13:19:35.116+0000] {processor.py:186} INFO - Started process (PID=1214) to work on /opt/airflow/dags/dss150p_pipeline.py
[2026-09-21T13:19:35.124+0000] {processor.py:914} INFO - Processing file /opt/airflow/dags/dss150p_pipeline.py for tasks to queue
[2026-09-21T13:19:35.191+0000] {logging_mixin.py:190} INFO - [2026-09-21T13:19:35.190+0000] {dagbag.py:588} INFO - Filling up the DagBag from /opt/airflow/dags/dss150p_pipeline.py
[2026-09-21T13:19:35.362+0000] {processor.py:925} INFO - DAG(s) 'dss150p_sales_pipeline' retrieved from /opt/airflow/dags/dss150p_pipeline.py
[2026-09-21T13:19:36.636+0000] {logging_mixin.py:190} INFO - [2026-09-21T13:19:36.635+0000] {dag.py:3239} INFO - Sync 1 DAGs
[2026-09-21T13:19:36.870+0000] {logging_mixin.py:190} INFO - [2026-09-21T13:19:36.869+0000] {dag.py:4180} INFO - Setting next_dagrun for dss150p_sales_pipeline to 2026-09-21 02:00:00+00:00, run_after=2026-09-22 02:00:00+00:00
[2026-09-21T13:19:37.293+0000] {processor.py:208} INFO - Processing /opt/airflow/dags/dss150p_pipeline.py took 2.245 seconds
[2026-09-21T13:20:07.841+0000] {processor.py:186} INFO - Started process (PID=1219) to work on /opt/airflow/dags/dss150p_pipeline.py
[2026-09-21T13:20:07.854+0000] {processor.py:914} INFO - Processing file /opt/airflow/dags/dss150p_pipeline.py for tasks to queue
[2026-09-21T13:20:07.863+0000] {logging_mixin.py:190} INFO - [2026-09-21T13:20:07.862+0000] {dagbag.py:588} INFO - Filling up the DagBag from /opt/airflow/dags/dss150p_pipeline.py
[2026-09-21T13:20:08.058+0000] {processor.py:925} INFO - DAG(s) 'dss150p_sales_pipeline' retrieved from /opt/airflow/dags/dss150p_pipeline.py
[2026-09-21T13:20:08.281+0000] {logging_mixin.py:190} INFO - [2026-09-21T13:20:08.280+0000] {dag.py:3239} INFO - Sync 1 DAGs
[2026-09-21T13:20:08.405+0000] {logging_mixin.py:190} INFO - [2026-09-21T13:20:08.404+0000] {dag.py:4180} INFO - Setting next_dagrun for dss150p_sales_pipeline to 2026-09-21 02:00:00+00:00, run_after=2026-09-22 02:00:00+00:00
[2026-09-21T13:20:08.571+0000] {processor.py:208} INFO - Processing /opt/airflow/dags/dss150p_pipeline.py took 0.770 seconds
[2026-09-21T13:20:39.199+0000] {processor.py:186} INFO - Started process (PID=1224) to work on /opt/airflow/dags/dss150p_pipeline.py
[2026-09-21T13:20:39.214+0000] {processor.py:914} INFO - Processing file /opt/airflow/dags/dss150p_pipeline.py for tasks to queue
[2026-09-21T13:20:39.266+0000] {logging_mixin.py:190} INFO - [2026-09-21T13:20:39.265+0000] {dagbag.py:588} INFO - Filling up the DagBag from /opt/airflow/dags/dss150p_pipeline.py
[2026-09-21T13:20:39.520+0000] {processor.py:925} INFO - DAG(s) 'dss150p_sales_pipeline' retrieved from /opt/airflow/dags/dss150p_pipeline.py
[2026-09-21T13:20:40.159+0000] {logging_mixin.py:190} INFO - [2026-09-21T13:20:40.158+0000] {dag.py:3239} INFO - Sync 1 DAGs
[2026-09-21T13:20:40.239+0000] {logging_mixin.py:190} INFO - [2026-09-21T13:20:40.239+0000] {dag.py:4180} INFO - Setting next_dagrun for dss150p_sales_pipeline to 2026-09-21 02:00:00+00:00, run_after=2026-09-22 02:00:00+00:00
[2026-09-21T13:20:40.301+0000] {processor.py:208} INFO - Processing /opt/airflow/dags/dss150p_pipeline.py took 1.156 seconds
[2026-09-21T13:21:10.795+0000] {processor.py:186} INFO - Started process (PID=1229) to work on /opt/airflow/dags/dss150p_pipeline.py
[2026-09-21T13:21:10.801+0000] {processor.py:914} INFO - Processing file /opt/airflow/dags/dss150p_pipeline.py for tasks to queue
[2026-09-21T13:21:10.816+0000] {logging_mixin.py:190} INFO - [2026-09-21T13:21:10.814+0000] {dagbag.py:588} INFO - Filling up the DagBag from /opt/airflow/dags/dss150p_pipeline.py
[2026-09-21T13:21:10.966+0000] {processor.py:925} INFO - DAG(s) 'dss150p_sales_pipeline' retrieved from /opt/airflow/dags/dss150p_pipeline.py
[2026-09-21T13:21:11.354+0000] {logging_mixin.py:190} INFO - [2026-09-21T13:21:11.353+0000] {dag.py:3239} INFO - Sync 1 DAGs
[2026-09-21T13:21:11.478+0000] {logging_mixin.py:190} INFO - [2026-09-21T13:21:11.477+0000] {dag.py:4180} INFO - Setting next_dagrun for dss150p_sales_pipeline to 2026-09-21 02:00:00+00:00, run_after=2026-09-22 02:00:00+00:00
[2026-09-21T13:21:11.909+0000] {processor.py:208} INFO - Processing /opt/airflow/dags/dss150p_pipeline.py took 1.170 seconds
[2026-09-21T13:21:43.376+0000] {processor.py:186} INFO - Started process (PID=1234) to work on /opt/airflow/dags/dss150p_pipeline.py
[2026-09-21T13:21:43.381+0000] {processor.py:914} INFO - Processing file /opt/airflow/dags/dss150p_pipeline.py for tasks to queue
[2026-09-21T13:21:43.410+0000] {logging_mixin.py:190} INFO - [2026-09-21T13:21:43.409+0000] {dagbag.py:588} INFO - Filling up the DagBag from /opt/airflow/dags/dss150p_pipeline.py
[2026-09-21T13:21:43.824+0000] {processor.py:925} INFO - DAG(s) 'dss150p_sales_pipeline' retrieved from /opt/airflow/dags/dss150p_pipeline.py
[2026-09-21T13:21:44.275+0000] {logging_mixin.py:190} INFO - [2026-09-21T13:21:44.274+0000] {dag.py:3239} INFO - Sync 1 DAGs
[2026-09-21T13:21:44.522+0000] {logging_mixin.py:190} INFO - [2026-09-21T13:21:44.522+0000] {dag.py:4180} INFO - Setting next_dagrun for dss150p_sales_pipeline to 2026-09-21 02:00:00+00:00, run_after=2026-09-22 02:00:00+00:00
[2026-09-21T13:21:44.704+0000] {processor.py:208} INFO - Processing /opt/airflow/dags/dss150p_pipeline.py took 1.421 seconds
[2026-09-21T13:22:15.467+0000] {processor.py:186} INFO - Started process (PID=1239) to work on /opt/airflow/dags/dss150p_pipeline.py
[2026-09-21T13:22:15.470+0000] {processor.py:914} INFO - Processing file /opt/airflow/dags/dss150p_pipeline.py for tasks to queue
[2026-09-21T13:22:15.477+0000] {logging_mixin.py:190} INFO - [2026-09-21T13:22:15.476+0000] {dagbag.py:588} INFO - Filling up the DagBag from /opt/airflow/dags/dss150p_pipeline.py
[2026-09-21T13:22:15.550+0000] {processor.py:925} INFO - DAG(s) 'dss150p_sales_pipeline' retrieved from /opt/airflow/dags/dss150p_pipeline.py
[2026-09-21T13:22:15.669+0000] {logging_mixin.py:190} INFO - [2026-09-21T13:22:15.669+0000] {dag.py:3239} INFO - Sync 1 DAGs
[2026-09-21T13:22:15.810+0000] {logging_mixin.py:190} INFO - [2026-09-21T13:22:15.809+0000] {dag.py:4180} INFO - Setting next_dagrun for dss150p_sales_pipeline to 2026-09-21 02:00:00+00:00, run_after=2026-09-22 02:00:00+00:00
[2026-09-21T13:22:15.946+0000] {processor.py:208} INFO - Processing /opt/airflow/dags/dss150p_pipeline.py took 0.495 seconds
[2026-09-21T13:22:46.533+0000] {processor.py:186} INFO - Started process (PID=1253) to work on /opt/airflow/dags/dss150p_pipeline.py
[2026-09-21T13:22:46.542+0000] {processor.py:914} INFO - Processing file /opt/airflow/dags/dss150p_pipeline.py for tasks to queue
[2026-09-21T13:22:46.583+0000] {logging_mixin.py:190} INFO - [2026-09-21T13:22:46.582+0000] {dagbag.py:588} INFO - Filling up the DagBag from /opt/airflow/dags/dss150p_pipeline.py
[2026-09-21T13:22:46.720+0000] {processor.py:925} INFO - DAG(s) 'dss150p_sales_pipeline' retrieved from /opt/airflow/dags/dss150p_pipeline.py
[2026-09-21T13:22:47.019+0000] {logging_mixin.py:190} INFO - [2026-09-21T13:22:47.007+0000] {dag.py:3239} INFO - Sync 1 DAGs
[2026-09-21T13:22:47.176+0000] {logging_mixin.py:190} INFO - [2026-09-21T13:22:47.175+0000] {dag.py:4180} INFO - Setting next_dagrun for dss150p_sales_pipeline to 2026-09-21 02:00:00+00:00, run_after=2026-09-22 02:00:00+00:00
[2026-09-21T13:22:47.292+0000] {processor.py:208} INFO - Processing /opt/airflow/dags/dss150p_pipeline.py took 0.809 seconds
[2026-09-21T13:23:18.111+0000] {processor.py:186} INFO - Started process (PID=1265) to work on /opt/airflow/dags/dss150p_pipeline.py
[2026-09-21T13:23:18.115+0000] {processor.py:914} INFO - Processing file /opt/airflow/dags/dss150p_pipeline.py for tasks to queue
[2026-09-21T13:23:18.122+0000] {logging_mixin.py:190} INFO - [2026-09-21T13:23:18.121+0000] {dagbag.py:588} INFO - Filling up the DagBag from /opt/airflow/dags/dss150p_pipeline.py
[2026-09-21T13:23:18.187+0000] {processor.py:925} INFO - DAG(s) 'dss150p_sales_pipeline' retrieved from /opt/airflow/dags/dss150p_pipeline.py
[2026-09-21T13:23:18.303+0000] {logging_mixin.py:190} INFO - [2026-09-21T13:23:18.301+0000] {dag.py:3239} INFO - Sync 1 DAGs
[2026-09-21T13:23:18.367+0000] {logging_mixin.py:190} INFO - [2026-09-21T13:23:18.366+0000] {dag.py:4180} INFO - Setting next_dagrun for dss150p_sales_pipeline to 2026-09-21 02:00:00+00:00, run_after=2026-09-22 02:00:00+00:00
[2026-09-21T13:23:18.424+0000] {processor.py:208} INFO - Processing /opt/airflow/dags/dss150p_pipeline.py took 0.338 seconds
[2026-09-21T13:23:53.949+0000] {processor.py:186} INFO - Started process (PID=1270) to work on /opt/airflow/dags/dss150p_pipeline.py
[2026-09-21T13:23:53.982+0000] {processor.py:914} INFO - Processing file /opt/airflow/dags/dss150p_pipeline.py for tasks to queue
[2026-09-21T13:23:54.003+0000] {logging_mixin.py:190} INFO - [2026-09-21T13:23:54.001+0000] {dagbag.py:588} INFO - Filling up the DagBag from /opt/airflow/dags/dss150p_pipeline.py
[2026-09-21T13:23:54.912+0000] {processor.py:925} INFO - DAG(s) 'dss150p_sales_pipeline' retrieved from /opt/airflow/dags/dss150p_pipeline.py
[2026-09-21T13:23:55.663+0000] {logging_mixin.py:190} INFO - [2026-09-21T13:23:55.661+0000] {dag.py:3239} INFO - Sync 1 DAGs
[2026-09-21T13:23:55.780+0000] {logging_mixin.py:190} INFO - [2026-09-21T13:23:55.779+0000] {dag.py:4180} INFO - Setting next_dagrun for dss150p_sales_pipeline to 2026-09-21 02:00:00+00:00, run_after=2026-09-22 02:00:00+00:00
[2026-09-21T13:23:55.900+0000] {processor.py:208} INFO - Processing /opt/airflow/dags/dss150p_pipeline.py took 1.992 seconds
[2026-09-21T13:24:26.438+0000] {processor.py:186} INFO - Started process (PID=1283) to work on /opt/airflow/dags/dss150p_pipeline.py
[2026-09-21T13:24:26.441+0000] {processor.py:914} INFO - Processing file /opt/airflow/dags/dss150p_pipeline.py for tasks to queue
[2026-09-21T13:24:26.448+0000] {logging_mixin.py:190} INFO - [2026-09-21T13:24:26.447+0000] {dagbag.py:588} INFO - Filling up the DagBag from /opt/airflow/dags/dss150p_pipeline.py
[2026-09-21T13:24:26.591+0000] {processor.py:925} INFO - DAG(s) 'dss150p_sales_pipeline' retrieved from /opt/airflow/dags/dss150p_pipeline.py
[2026-09-21T13:24:26.879+0000] {logging_mixin.py:190} INFO - [2026-09-21T13:24:26.878+0000] {dag.py:3239} INFO - Sync 1 DAGs
[2026-09-21T13:24:26.923+0000] {logging_mixin.py:190} INFO - [2026-09-21T13:24:26.922+0000] {dag.py:4180} INFO - Setting next_dagrun for dss150p_sales_pipeline to 2026-09-21 02:00:00+00:00, run_after=2026-09-22 02:00:00+00:00
[2026-09-21T13:24:26.978+0000] {processor.py:208} INFO - Processing /opt/airflow/dags/dss150p_pipeline.py took 0.561 seconds
[2026-09-21T13:24:57.399+0000] {processor.py:186} INFO - Started process (PID=1288) to work on /opt/airflow/dags/dss150p_pipeline.py
[2026-09-21T13:24:57.404+0000] {processor.py:914} INFO - Processing file /opt/airflow/dags/dss150p_pipeline.py for tasks to queue
[2026-09-21T13:24:57.413+0000] {logging_mixin.py:190} INFO - [2026-09-21T13:24:57.411+0000] {dagbag.py:588} INFO - Filling up the DagBag from /opt/airflow/dags/dss150p_pipeline.py
[2026-09-21T13:24:57.486+0000] {processor.py:925} INFO - DAG(s) 'dss150p_sales_pipeline' retrieved from /opt/airflow/dags/dss150p_pipeline.py
[2026-09-21T13:24:57.602+0000] {logging_mixin.py:190} INFO - [2026-09-21T13:24:57.602+0000] {dag.py:3239} INFO - Sync 1 DAGs
[2026-09-21T13:24:57.720+0000] {logging_mixin.py:190} INFO - [2026-09-21T13:24:57.719+0000] {dag.py:4180} INFO - Setting next_dagrun for dss150p_sales_pipeline to 2026-09-21 02:00:00+00:00, run_after=2026-09-22 02:00:00+00:00
[2026-09-21T13:24:57.852+0000] {processor.py:208} INFO - Processing /opt/airflow/dags/dss150p_pipeline.py took 0.474 seconds
[2026-09-21T13:25:28.600+0000] {processor.py:186} INFO - Started process (PID=1301) to work on /opt/airflow/dags/dss150p_pipeline.py
[2026-09-21T13:25:28.609+0000] {processor.py:914} INFO - Processing file /opt/airflow/dags/dss150p_pipeline.py for tasks to queue
[2026-09-21T13:25:28.627+0000] {logging_mixin.py:190} INFO - [2026-09-21T13:25:28.622+0000] {dagbag.py:588} INFO - Filling up the DagBag from /opt/airflow/dags/dss150p_pipeline.py
[2026-09-21T13:25:28.707+0000] {processor.py:925} INFO - DAG(s) 'dss150p_sales_pipeline' retrieved from /opt/airflow/dags/dss150p_pipeline.py
[2026-09-21T13:25:28.866+0000] {logging_mixin.py:190} INFO - [2026-09-21T13:25:28.865+0000] {dag.py:3239} INFO - Sync 1 DAGs
[2026-09-21T13:25:29.034+0000] {logging_mixin.py:190} INFO - [2026-09-21T13:25:29.034+0000] {dag.py:4180} INFO - Setting next_dagrun for dss150p_sales_pipeline to 2026-09-21 02:00:00+00:00, run_after=2026-09-22 02:00:00+00:00
[2026-09-21T13:25:29.245+0000] {processor.py:208} INFO - Processing /opt/airflow/dags/dss150p_pipeline.py took 0.675 seconds
[2026-09-21T13:26:00.412+0000] {processor.py:186} INFO - Started process (PID=1306) to work on /opt/airflow/dags/dss150p_pipeline.py
[2026-09-21T13:26:00.422+0000] {processor.py:914} INFO - Processing file /opt/airflow/dags/dss150p_pipeline.py for tasks to queue
[2026-09-21T13:26:00.436+0000] {logging_mixin.py:190} INFO - [2026-09-21T13:26:00.431+0000] {dagbag.py:588} INFO - Filling up the DagBag from /opt/airflow/dags/dss150p_pipeline.py
[2026-09-21T13:26:00.616+0000] {processor.py:925} INFO - DAG(s) 'dss150p_sales_pipeline' retrieved from /opt/airflow/dags/dss150p_pipeline.py
[2026-09-21T13:26:00.787+0000] {logging_mixin.py:190} INFO - [2026-09-21T13:26:00.786+0000] {dag.py:3239} INFO - Sync 1 DAGs
[2026-09-21T13:26:00.863+0000] {logging_mixin.py:190} INFO - [2026-09-21T13:26:00.862+0000] {dag.py:4180} INFO - Setting next_dagrun for dss150p_sales_pipeline to 2026-09-21 02:00:00+00:00, run_after=2026-09-22 02:00:00+00:00
[2026-09-21T13:26:00.955+0000] {processor.py:208} INFO - Processing /opt/airflow/dags/dss150p_pipeline.py took 0.585 seconds
[2026-09-21T13:26:31.498+0000] {processor.py:186} INFO - Started process (PID=1311) to work on /opt/airflow/dags/dss150p_pipeline.py
[2026-09-21T13:26:31.501+0000] {processor.py:914} INFO - Processing file /opt/airflow/dags/dss150p_pipeline.py for tasks to queue
[2026-09-21T13:26:31.509+0000] {logging_mixin.py:190} INFO - [2026-09-21T13:26:31.508+0000] {dagbag.py:588} INFO - Filling up the DagBag from /opt/airflow/dags/dss150p_pipeline.py
[2026-09-21T13:26:31.627+0000] {processor.py:925} INFO - DAG(s) 'dss150p_sales_pipeline' retrieved from /opt/airflow/dags/dss150p_pipeline.py
[2026-09-21T13:26:31.788+0000] {logging_mixin.py:190} INFO - [2026-09-21T13:26:31.787+0000] {dag.py:3239} INFO - Sync 1 DAGs
[2026-09-21T13:26:31.868+0000] {logging_mixin.py:190} INFO - [2026-09-21T13:26:31.868+0000] {dag.py:4180} INFO - Setting next_dagrun for dss150p_sales_pipeline to 2026-09-21 02:00:00+00:00, run_after=2026-09-22 02:00:00+00:00
[2026-09-21T13:26:31.918+0000] {processor.py:208} INFO - Processing /opt/airflow/dags/dss150p_pipeline.py took 0.440 seconds
[2026-09-21T13:27:03.153+0000] {processor.py:186} INFO - Started process (PID=1316) to work on /opt/airflow/dags/dss150p_pipeline.py
[2026-09-21T13:27:03.173+0000] {processor.py:914} INFO - Processing file /opt/airflow/dags/dss150p_pipeline.py for tasks to queue
[2026-09-21T13:27:03.197+0000] {logging_mixin.py:190} INFO - [2026-09-21T13:27:03.196+0000] {dagbag.py:588} INFO - Filling up the DagBag from /opt/airflow/dags/dss150p_pipeline.py
[2026-09-21T13:27:03.540+0000] {processor.py:925} INFO - DAG(s) 'dss150p_sales_pipeline' retrieved from /opt/airflow/dags/dss150p_pipeline.py
[2026-09-21T13:27:04.042+0000] {logging_mixin.py:190} INFO - [2026-09-21T13:27:04.040+0000] {dag.py:3239} INFO - Sync 1 DAGs
[2026-09-21T13:27:04.292+0000] {logging_mixin.py:190} INFO - [2026-09-21T13:27:04.291+0000] {dag.py:4180} INFO - Setting next_dagrun for dss150p_sales_pipeline to 2026-09-21 02:00:00+00:00, run_after=2026-09-22 02:00:00+00:00
[2026-09-21T13:27:04.375+0000] {processor.py:208} INFO - Processing /opt/airflow/dags/dss150p_pipeline.py took 1.275 seconds
[2026-09-21T13:27:34.734+0000] {processor.py:186} INFO - Started process (PID=1321) to work on /opt/airflow/dags/dss150p_pipeline.py
[2026-09-21T13:27:34.737+0000] {processor.py:914} INFO - Processing file /opt/airflow/dags/dss150p_pipeline.py for tasks to queue
[2026-09-21T13:27:34.745+0000] {logging_mixin.py:190} INFO - [2026-09-21T13:27:34.744+0000] {dagbag.py:588} INFO - Filling up the DagBag from /opt/airflow/dags/dss150p_pipeline.py
[2026-09-21T13:27:34.821+0000] {processor.py:925} INFO - DAG(s) 'dss150p_sales_pipeline' retrieved from /opt/airflow/dags/dss150p_pipeline.py
[2026-09-21T13:27:34.937+0000] {logging_mixin.py:190} INFO - [2026-09-21T13:27:34.936+0000] {dag.py:3239} INFO - Sync 1 DAGs
[2026-09-21T13:27:35.012+0000] {logging_mixin.py:190} INFO - [2026-09-21T13:27:35.011+0000] {dag.py:4180} INFO - Setting next_dagrun for dss150p_sales_pipeline to 2026-09-21 02:00:00+00:00, run_after=2026-09-22 02:00:00+00:00
[2026-09-21T13:27:35.061+0000] {processor.py:208} INFO - Processing /opt/airflow/dags/dss150p_pipeline.py took 0.344 seconds
[2026-09-21T13:28:05.476+0000] {processor.py:186} INFO - Started process (PID=1326) to work on /opt/airflow/dags/dss150p_pipeline.py
[2026-09-21T13:28:05.479+0000] {processor.py:914} INFO - Processing file /opt/airflow/dags/dss150p_pipeline.py for tasks to queue
[2026-09-21T13:28:05.486+0000] {logging_mixin.py:190} INFO - [2026-09-21T13:28:05.485+0000] {dagbag.py:588} INFO - Filling up the DagBag from /opt/airflow/dags/dss150p_pipeline.py
[2026-09-21T13:28:05.558+0000] {processor.py:925} INFO - DAG(s) 'dss150p_sales_pipeline' retrieved from /opt/airflow/dags/dss150p_pipeline.py
[2026-09-21T13:28:05.706+0000] {logging_mixin.py:190} INFO - [2026-09-21T13:28:05.706+0000] {dag.py:3239} INFO - Sync 1 DAGs
[2026-09-21T13:28:05.754+0000] {logging_mixin.py:190} INFO - [2026-09-21T13:28:05.754+0000] {dag.py:4180} INFO - Setting next_dagrun for dss150p_sales_pipeline to 2026-09-21 02:00:00+00:00, run_after=2026-09-22 02:00:00+00:00
[2026-09-21T13:28:05.788+0000] {processor.py:208} INFO - Processing /opt/airflow/dags/dss150p_pipeline.py took 0.328 seconds
[2026-09-21T13:28:36.092+0000] {processor.py:186} INFO - Started process (PID=1331) to work on /opt/airflow/dags/dss150p_pipeline.py
[2026-09-21T13:28:36.095+0000] {processor.py:914} INFO - Processing file /opt/airflow/dags/dss150p_pipeline.py for tasks to queue
[2026-09-21T13:28:36.101+0000] {logging_mixin.py:190} INFO - [2026-09-21T13:28:36.100+0000] {dagbag.py:588} INFO - Filling up the DagBag from /opt/airflow/dags/dss150p_pipeline.py
[2026-09-21T13:28:36.157+0000] {processor.py:925} INFO - DAG(s) 'dss150p_sales_pipeline' retrieved from /opt/airflow/dags/dss150p_pipeline.py
[2026-09-21T13:28:36.344+0000] {logging_mixin.py:190} INFO - [2026-09-21T13:28:36.343+0000] {dag.py:3239} INFO - Sync 1 DAGs
[2026-09-21T13:28:36.469+0000] {logging_mixin.py:190} INFO - [2026-09-21T13:28:36.468+0000] {dag.py:4180} INFO - Setting next_dagrun for dss150p_sales_pipeline to 2026-09-21 02:00:00+00:00, run_after=2026-09-22 02:00:00+00:00
[2026-09-21T13:28:36.550+0000] {processor.py:208} INFO - Processing /opt/airflow/dags/dss150p_pipeline.py took 0.482 seconds
[2026-09-21T13:29:07.568+0000] {processor.py:186} INFO - Started process (PID=1336) to work on /opt/airflow/dags/dss150p_pipeline.py
[2026-09-21T13:29:07.596+0000] {processor.py:914} INFO - Processing file /opt/airflow/dags/dss150p_pipeline.py for tasks to queue
[2026-09-21T13:29:07.608+0000] {logging_mixin.py:190} INFO - [2026-09-21T13:29:07.606+0000] {dagbag.py:588} INFO - Filling up the DagBag from /opt/airflow/dags/dss150p_pipeline.py
[2026-09-21T13:29:07.748+0000] {processor.py:925} INFO - DAG(s) 'dss150p_sales_pipeline' retrieved from /opt/airflow/dags/dss150p_pipeline.py
[2026-09-21T13:29:09.563+0000] {logging_mixin.py:190} INFO - [2026-09-21T13:29:09.552+0000] {dag.py:3239} INFO - Sync 1 DAGs
[2026-09-21T13:29:09.749+0000] {logging_mixin.py:190} INFO - [2026-09-21T13:29:09.749+0000] {dag.py:4180} INFO - Setting next_dagrun for dss150p_sales_pipeline to 2026-09-21 02:00:00+00:00, run_after=2026-09-22 02:00:00+00:00
[2026-09-21T13:29:09.912+0000] {processor.py:208} INFO - Processing /opt/airflow/dags/dss150p_pipeline.py took 2.394 seconds
[2026-09-21T13:29:40.468+0000] {processor.py:186} INFO - Started process (PID=1341) to work on /opt/airflow/dags/dss150p_pipeline.py
[2026-09-21T13:29:40.473+0000] {processor.py:914} INFO - Processing file /opt/airflow/dags/dss150p_pipeline.py for tasks to queue
[2026-09-21T13:29:40.486+0000] {logging_mixin.py:190} INFO - [2026-09-21T13:29:40.484+0000] {dagbag.py:588} INFO - Filling up the DagBag from /opt/airflow/dags/dss150p_pipeline.py
[2026-09-21T13:29:40.584+0000] {processor.py:925} INFO - DAG(s) 'dss150p_sales_pipeline' retrieved from /opt/airflow/dags/dss150p_pipeline.py
[2026-09-21T13:29:40.828+0000] {logging_mixin.py:190} INFO - [2026-09-21T13:29:40.827+0000] {dag.py:3239} INFO - Sync 1 DAGs
[2026-09-21T13:29:40.905+0000] {logging_mixin.py:190} INFO - [2026-09-21T13:29:40.904+0000] {dag.py:4180} INFO - Setting next_dagrun for dss150p_sales_pipeline to 2026-09-21 02:00:00+00:00, run_after=2026-09-22 02:00:00+00:00
[2026-09-21T13:29:40.957+0000] {processor.py:208} INFO - Processing /opt/airflow/dags/dss150p_pipeline.py took 0.510 seconds
[2026-09-21T13:30:13.249+0000] {processor.py:186} INFO - Started process (PID=1346) to work on /opt/airflow/dags/dss150p_pipeline.py
[2026-09-21T13:30:13.253+0000] {processor.py:914} INFO - Processing file /opt/airflow/dags/dss150p_pipeline.py for tasks to queue
[2026-09-21T13:30:13.265+0000] {logging_mixin.py:190} INFO - [2026-09-21T13:30:13.264+0000] {dagbag.py:588} INFO - Filling up the DagBag from /opt/airflow/dags/dss150p_pipeline.py
[2026-09-21T13:30:13.374+0000] {processor.py:925} INFO - DAG(s) 'dss150p_sales_pipeline' retrieved from /opt/airflow/dags/dss150p_pipeline.py
[2026-09-21T13:30:13.651+0000] {logging_mixin.py:190} INFO - [2026-09-21T13:30:13.650+0000] {dag.py:3239} INFO - Sync 1 DAGs
[2026-09-21T13:30:13.772+0000] {logging_mixin.py:190} INFO - [2026-09-21T13:30:13.771+0000] {dag.py:4180} INFO - Setting next_dagrun for dss150p_sales_pipeline to 2026-09-21 02:00:00+00:00, run_after=2026-09-22 02:00:00+00:00
[2026-09-21T13:30:13.867+0000] {processor.py:208} INFO - Processing /opt/airflow/dags/dss150p_pipeline.py took 0.652 seconds
[2026-09-21T13:30:45.486+0000] {processor.py:186} INFO - Started process (PID=1351) to work on /opt/airflow/dags/dss150p_pipeline.py
[2026-09-21T13:30:45.499+0000] {processor.py:914} INFO - Processing file /opt/airflow/dags/dss150p_pipeline.py for tasks to queue
[2026-09-21T13:30:45.524+0000] {logging_mixin.py:190} INFO - [2026-09-21T13:30:45.523+0000] {dagbag.py:588} INFO - Filling up the DagBag from /opt/airflow/dags/dss150p_pipeline.py
[2026-09-21T13:30:45.744+0000] {processor.py:925} INFO - DAG(s) 'dss150p_sales_pipeline' retrieved from /opt/airflow/dags/dss150p_pipeline.py
[2026-09-21T13:30:45.924+0000] {logging_mixin.py:190} INFO - [2026-09-21T13:30:45.923+0000] {dag.py:3239} INFO - Sync 1 DAGs
[2026-09-21T13:30:46.075+0000] {logging_mixin.py:190} INFO - [2026-09-21T13:30:46.074+0000] {dag.py:4180} INFO - Setting next_dagrun for dss150p_sales_pipeline to 2026-09-21 02:00:00+00:00, run_after=2026-09-22 02:00:00+00:00
[2026-09-21T13:30:46.237+0000] {processor.py:208} INFO - Processing /opt/airflow/dags/dss150p_pipeline.py took 0.804 seconds
[2026-09-21T13:31:17.273+0000] {processor.py:186} INFO - Started process (PID=1356) to work on /opt/airflow/dags/dss150p_pipeline.py
[2026-09-21T13:31:17.304+0000] {processor.py:914} INFO - Processing file /opt/airflow/dags/dss150p_pipeline.py for tasks to queue
[2026-09-21T13:31:17.323+0000] {logging_mixin.py:190} INFO - [2026-09-21T13:31:17.320+0000] {dagbag.py:588} INFO - Filling up the DagBag from /opt/airflow/dags/dss150p_pipeline.py
[2026-09-21T13:31:17.487+0000] {processor.py:925} INFO - DAG(s) 'dss150p_sales_pipeline' retrieved from /opt/airflow/dags/dss150p_pipeline.py
[2026-09-21T13:31:17.788+0000] {logging_mixin.py:190} INFO - [2026-09-21T13:31:17.787+0000] {dag.py:3239} INFO - Sync 1 DAGs
[2026-09-21T13:31:17.995+0000] {logging_mixin.py:190} INFO - [2026-09-21T13:31:17.994+0000] {dag.py:4180} INFO - Setting next_dagrun for dss150p_sales_pipeline to 2026-09-21 02:00:00+00:00, run_after=2026-09-22 02:00:00+00:00
[2026-09-21T13:31:18.411+0000] {processor.py:208} INFO - Processing /opt/airflow/dags/dss150p_pipeline.py took 1.192 seconds
[2026-09-21T13:31:48.845+0000] {processor.py:186} INFO - Started process (PID=1361) to work on /opt/airflow/dags/dss150p_pipeline.py
[2026-09-21T13:31:48.848+0000] {processor.py:914} INFO - Processing file /opt/airflow/dags/dss150p_pipeline.py for tasks to queue
[2026-09-21T13:31:48.855+0000] {logging_mixin.py:190} INFO - [2026-09-21T13:31:48.854+0000] {dagbag.py:588} INFO - Filling up the DagBag from /opt/airflow/dags/dss150p_pipeline.py
[2026-09-21T13:31:48.930+0000] {processor.py:925} INFO - DAG(s) 'dss150p_sales_pipeline' retrieved from /opt/airflow/dags/dss150p_pipeline.py
[2026-09-21T13:31:49.048+0000] {logging_mixin.py:190} INFO - [2026-09-21T13:31:49.048+0000] {dag.py:3239} INFO - Sync 1 DAGs
[2026-09-21T13:31:49.118+0000] {logging_mixin.py:190} INFO - [2026-09-21T13:31:49.118+0000] {dag.py:4180} INFO - Setting next_dagrun for dss150p_sales_pipeline to 2026-09-21 02:00:00+00:00, run_after=2026-09-22 02:00:00+00:00
[2026-09-21T13:31:49.174+0000] {processor.py:208} INFO - Processing /opt/airflow/dags/dss150p_pipeline.py took 0.347 seconds
[2026-09-21T13:31:51.057+0000] {processor.py:186} INFO - Started process (PID=1366) to work on /opt/airflow/dags/dss150p_pipeline.py
[2026-09-21T13:31:51.060+0000] {processor.py:914} INFO - Processing file /opt/airflow/dags/dss150p_pipeline.py for tasks to queue
[2026-09-21T13:31:51.066+0000] {logging_mixin.py:190} INFO - [2026-09-21T13:31:51.066+0000] {dagbag.py:588} INFO - Filling up the DagBag from /opt/airflow/dags/dss150p_pipeline.py
[2026-09-21T13:31:51.157+0000] {processor.py:925} INFO - DAG(s) 'dss150p_sales_pipeline' retrieved from /opt/airflow/dags/dss150p_pipeline.py
[2026-09-21T13:31:51.998+0000] {logging_mixin.py:190} INFO - [2026-09-21T13:31:51.998+0000] {dag.py:3239} INFO - Sync 1 DAGs
[2026-09-21T13:31:52.061+0000] {logging_mixin.py:190} INFO - [2026-09-21T13:31:52.061+0000] {dag.py:4180} INFO - Setting next_dagrun for dss150p_sales_pipeline to 2026-09-21 02:00:00+00:00, run_after=2026-09-22 02:00:00+00:00
[2026-09-21T13:31:53.393+0000] {processor.py:208} INFO - Processing /opt/airflow/dags/dss150p_pipeline.py took 2.351 seconds
[2026-09-21T13:32:23.958+0000] {processor.py:186} INFO - Started process (PID=1371) to work on /opt/airflow/dags/dss150p_pipeline.py
[2026-09-21T13:32:23.964+0000] {processor.py:914} INFO - Processing file /opt/airflow/dags/dss150p_pipeline.py for tasks to queue
[2026-09-21T13:32:23.971+0000] {logging_mixin.py:190} INFO - [2026-09-21T13:32:23.969+0000] {dagbag.py:588} INFO - Filling up the DagBag from /opt/airflow/dags/dss150p_pipeline.py
[2026-09-21T13:32:24.054+0000] {processor.py:925} INFO - DAG(s) 'dss150p_sales_pipeline' retrieved from /opt/airflow/dags/dss150p_pipeline.py
[2026-09-21T13:32:24.191+0000] {logging_mixin.py:190} INFO - [2026-09-21T13:32:24.190+0000] {dag.py:3239} INFO - Sync 1 DAGs
[2026-09-21T13:32:24.264+0000] {logging_mixin.py:190} INFO - [2026-09-21T13:32:24.264+0000] {dag.py:4180} INFO - Setting next_dagrun for dss150p_sales_pipeline to 2026-09-21 02:00:00+00:00, run_after=2026-09-22 02:00:00+00:00
[2026-09-21T13:32:24.325+0000] {processor.py:208} INFO - Processing /opt/airflow/dags/dss150p_pipeline.py took 0.387 seconds
[2026-09-21T13:32:55.398+0000] {processor.py:186} INFO - Started process (PID=1411) to work on /opt/airflow/dags/dss150p_pipeline.py
[2026-09-21T13:32:55.450+0000] {processor.py:914} INFO - Processing file /opt/airflow/dags/dss150p_pipeline.py for tasks to queue
[2026-09-21T13:32:55.622+0000] {logging_mixin.py:190} INFO - [2026-09-21T13:32:55.590+0000] {dagbag.py:588} INFO - Filling up the DagBag from /opt/airflow/dags/dss150p_pipeline.py
[2026-09-21T13:32:56.088+0000] {processor.py:925} INFO - DAG(s) 'dss150p_sales_pipeline' retrieved from /opt/airflow/dags/dss150p_pipeline.py
[2026-09-21T13:32:56.533+0000] {logging_mixin.py:190} INFO - [2026-09-21T13:32:56.532+0000] {dag.py:3239} INFO - Sync 1 DAGs
[2026-09-21T13:32:56.809+0000] {logging_mixin.py:190} INFO - [2026-09-21T13:32:56.808+0000] {dag.py:4180} INFO - Setting next_dagrun for dss150p_sales_pipeline to 2026-09-21 02:00:00+00:00, run_after=2026-09-22 02:00:00+00:00
[2026-09-21T13:32:56.914+0000] {processor.py:208} INFO - Processing /opt/airflow/dags/dss150p_pipeline.py took 1.735 seconds
[2026-09-21T13:33:27.519+0000] {processor.py:186} INFO - Started process (PID=1416) to work on /opt/airflow/dags/dss150p_pipeline.py
[2026-09-21T13:33:27.522+0000] {processor.py:914} INFO - Processing file /opt/airflow/dags/dss150p_pipeline.py for tasks to queue
[2026-09-21T13:33:27.529+0000] {logging_mixin.py:190} INFO - [2026-09-21T13:33:27.529+0000] {dagbag.py:588} INFO - Filling up the DagBag from /opt/airflow/dags/dss150p_pipeline.py
[2026-09-21T13:33:27.584+0000] {processor.py:925} INFO - DAG(s) 'dss150p_sales_pipeline' retrieved from /opt/airflow/dags/dss150p_pipeline.py
[2026-09-21T13:33:27.735+0000] {logging_mixin.py:190} INFO - [2026-09-21T13:33:27.734+0000] {dag.py:3239} INFO - Sync 1 DAGs
[2026-09-21T13:33:27.789+0000] {logging_mixin.py:190} INFO - [2026-09-21T13:33:27.789+0000] {dag.py:4180} INFO - Setting next_dagrun for dss150p_sales_pipeline to 2026-09-21 02:00:00+00:00, run_after=2026-09-22 02:00:00+00:00
[2026-09-21T13:33:27.840+0000] {processor.py:208} INFO - Processing /opt/airflow/dags/dss150p_pipeline.py took 0.338 seconds
[2026-09-21T13:33:58.016+0000] {processor.py:186} INFO - Started process (PID=1422) to work on /opt/airflow/dags/dss150p_pipeline.py
[2026-09-21T13:33:58.021+0000] {processor.py:914} INFO - Processing file /opt/airflow/dags/dss150p_pipeline.py for tasks to queue
[2026-09-21T13:33:58.029+0000] {logging_mixin.py:190} INFO - [2026-09-21T13:33:58.028+0000] {dagbag.py:588} INFO - Filling up the DagBag from /opt/airflow/dags/dss150p_pipeline.py
[2026-09-21T13:33:58.115+0000] {processor.py:925} INFO - DAG(s) 'dss150p_sales_pipeline' retrieved from /opt/airflow/dags/dss150p_pipeline.py
[2026-09-21T13:33:58.288+0000] {logging_mixin.py:190} INFO - [2026-09-21T13:33:58.287+0000] {dag.py:3239} INFO - Sync 1 DAGs
[2026-09-21T13:33:58.431+0000] {logging_mixin.py:190} INFO - [2026-09-21T13:33:58.430+0000] {dag.py:4180} INFO - Setting next_dagrun for dss150p_sales_pipeline to 2026-09-21 02:00:00+00:00, run_after=2026-09-22 02:00:00+00:00
[2026-09-21T13:33:58.515+0000] {processor.py:208} INFO - Processing /opt/airflow/dags/dss150p_pipeline.py took 0.525 seconds
[2026-09-21T13:34:28.888+0000] {processor.py:186} INFO - Started process (PID=1434) to work on /opt/airflow/dags/dss150p_pipeline.py
[2026-09-21T13:34:28.892+0000] {processor.py:914} INFO - Processing file /opt/airflow/dags/dss150p_pipeline.py for tasks to queue
[2026-09-21T13:34:28.905+0000] {logging_mixin.py:190} INFO - [2026-09-21T13:34:28.903+0000] {dagbag.py:588} INFO - Filling up the DagBag from /opt/airflow/dags/dss150p_pipeline.py
[2026-09-21T13:34:28.962+0000] {processor.py:925} INFO - DAG(s) 'dss150p_sales_pipeline' retrieved from /opt/airflow/dags/dss150p_pipeline.py
[2026-09-21T13:34:29.101+0000] {logging_mixin.py:190} INFO - [2026-09-21T13:34:29.101+0000] {dag.py:3239} INFO - Sync 1 DAGs
[2026-09-21T13:34:29.177+0000] {logging_mixin.py:190} INFO - [2026-09-21T13:34:29.177+0000] {dag.py:4180} INFO - Setting next_dagrun for dss150p_sales_pipeline to 2026-09-21 02:00:00+00:00, run_after=2026-09-22 02:00:00+00:00
[2026-09-21T13:34:29.245+0000] {processor.py:208} INFO - Processing /opt/airflow/dags/dss150p_pipeline.py took 0.382 seconds
[2026-09-21T13:34:59.579+0000] {processor.py:186} INFO - Started process (PID=1439) to work on /opt/airflow/dags/dss150p_pipeline.py
[2026-09-21T13:34:59.583+0000] {processor.py:914} INFO - Processing file /opt/airflow/dags/dss150p_pipeline.py for tasks to queue
[2026-09-21T13:34:59.590+0000] {logging_mixin.py:190} INFO - [2026-09-21T13:34:59.589+0000] {dagbag.py:588} INFO - Filling up the DagBag from /opt/airflow/dags/dss150p_pipeline.py
[2026-09-21T13:34:59.651+0000] {processor.py:925} INFO - DAG(s) 'dss150p_sales_pipeline' retrieved from /opt/airflow/dags/dss150p_pipeline.py
[2026-09-21T13:34:59.803+0000] {logging_mixin.py:190} INFO - [2026-09-21T13:34:59.803+0000] {dag.py:3239} INFO - Sync 1 DAGs
[2026-09-21T13:34:59.893+0000] {logging_mixin.py:190} INFO - [2026-09-21T13:34:59.891+0000] {dag.py:4180} INFO - Setting next_dagrun for dss150p_sales_pipeline to 2026-09-21 02:00:00+00:00, run_after=2026-09-22 02:00:00+00:00
[2026-09-21T13:34:59.943+0000] {processor.py:208} INFO - Processing /opt/airflow/dags/dss150p_pipeline.py took 0.386 seconds
[2026-09-21T13:35:30.621+0000] {processor.py:186} INFO - Started process (PID=1452) to work on /opt/airflow/dags/dss150p_pipeline.py
[2026-09-21T13:35:30.627+0000] {processor.py:914} INFO - Processing file /opt/airflow/dags/dss150p_pipeline.py for tasks to queue
[2026-09-21T13:35:30.642+0000] {logging_mixin.py:190} INFO - [2026-09-21T13:35:30.641+0000] {dagbag.py:588} INFO - Filling up the DagBag from /opt/airflow/dags/dss150p_pipeline.py
[2026-09-21T13:35:30.790+0000] {processor.py:925} INFO - DAG(s) 'dss150p_sales_pipeline' retrieved from /opt/airflow/dags/dss150p_pipeline.py
[2026-09-21T13:35:31.067+0000] {logging_mixin.py:190} INFO - [2026-09-21T13:35:31.066+0000] {dag.py:3239} INFO - Sync 1 DAGs
[2026-09-21T13:35:31.232+0000] {logging_mixin.py:190} INFO - [2026-09-21T13:35:31.231+0000] {dag.py:4180} INFO - Setting next_dagrun for dss150p_sales_pipeline to 2026-09-21 02:00:00+00:00, run_after=2026-09-22 02:00:00+00:00
[2026-09-21T13:35:31.342+0000] {processor.py:208} INFO - Processing /opt/airflow/dags/dss150p_pipeline.py took 0.771 seconds
[2026-09-21T13:36:02.166+0000] {processor.py:186} INFO - Started process (PID=1457) to work on /opt/airflow/dags/dss150p_pipeline.py
[2026-09-21T13:36:02.198+0000] {processor.py:914} INFO - Processing file /opt/airflow/dags/dss150p_pipeline.py for tasks to queue
[2026-09-21T13:36:02.209+0000] {logging_mixin.py:190} INFO - [2026-09-21T13:36:02.208+0000] {dagbag.py:588} INFO - Filling up the DagBag from /opt/airflow/dags/dss150p_pipeline.py
[2026-09-21T13:36:02.972+0000] {processor.py:925} INFO - DAG(s) 'dss150p_sales_pipeline' retrieved from /opt/airflow/dags/dss150p_pipeline.py
[2026-09-21T13:36:03.202+0000] {logging_mixin.py:190} INFO - [2026-09-21T13:36:03.201+0000] {dag.py:3239} INFO - Sync 1 DAGs
[2026-09-21T13:36:03.312+0000] {logging_mixin.py:190} INFO - [2026-09-21T13:36:03.312+0000] {dag.py:4180} INFO - Setting next_dagrun for dss150p_sales_pipeline to 2026-09-21 02:00:00+00:00, run_after=2026-09-22 02:00:00+00:00
[2026-09-21T13:36:03.381+0000] {processor.py:208} INFO - Processing /opt/airflow/dags/dss150p_pipeline.py took 1.267 seconds
[2026-09-21T13:36:34.130+0000] {processor.py:186} INFO - Started process (PID=1462) to work on /opt/airflow/dags/dss150p_pipeline.py
[2026-09-21T13:36:34.135+0000] {processor.py:914} INFO - Processing file /opt/airflow/dags/dss150p_pipeline.py for tasks to queue
[2026-09-21T13:36:34.148+0000] {logging_mixin.py:190} INFO - [2026-09-21T13:36:34.147+0000] {dagbag.py:588} INFO - Filling up the DagBag from /opt/airflow/dags/dss150p_pipeline.py
[2026-09-21T13:36:34.415+0000] {processor.py:925} INFO - DAG(s) 'dss150p_sales_pipeline' retrieved from /opt/airflow/dags/dss150p_pipeline.py
[2026-09-21T13:36:34.818+0000] {logging_mixin.py:190} INFO - [2026-09-21T13:36:34.818+0000] {dag.py:3239} INFO - Sync 1 DAGs
[2026-09-21T13:36:35.067+0000] {logging_mixin.py:190} INFO - [2026-09-21T13:36:35.066+0000] {dag.py:4180} INFO - Setting next_dagrun for dss150p_sales_pipeline to 2026-09-21 02:00:00+00:00, run_after=2026-09-22 02:00:00+00:00
[2026-09-21T13:36:35.218+0000] {processor.py:208} INFO - Processing /opt/airflow/dags/dss150p_pipeline.py took 1.122 seconds
[2026-09-21T13:37:05.973+0000] {processor.py:186} INFO - Started process (PID=1467) to work on /opt/airflow/dags/dss150p_pipeline.py
[2026-09-21T13:37:05.999+0000] {processor.py:914} INFO - Processing file /opt/airflow/dags/dss150p_pipeline.py for tasks to queue
[2026-09-21T13:37:06.106+0000] {logging_mixin.py:190} INFO - [2026-09-21T13:37:06.099+0000] {dagbag.py:588} INFO - Filling up the DagBag from /opt/airflow/dags/dss150p_pipeline.py
[2026-09-21T13:37:06.350+0000] {processor.py:925} INFO - DAG(s) 'dss150p_sales_pipeline' retrieved from /opt/airflow/dags/dss150p_pipeline.py
[2026-09-21T13:37:06.621+0000] {logging_mixin.py:190} INFO - [2026-09-21T13:37:06.620+0000] {dag.py:3239} INFO - Sync 1 DAGs
[2026-09-21T13:37:06.742+0000] {logging_mixin.py:190} INFO - [2026-09-21T13:37:06.739+0000] {dag.py:4180} INFO - Setting next_dagrun for dss150p_sales_pipeline to 2026-09-21 02:00:00+00:00, run_after=2026-09-22 02:00:00+00:00
[2026-09-21T13:37:07.089+0000] {processor.py:208} INFO - Processing /opt/airflow/dags/dss150p_pipeline.py took 1.234 seconds
[2026-09-21T13:37:38.215+0000] {processor.py:186} INFO - Started process (PID=1472) to work on /opt/airflow/dags/dss150p_pipeline.py
[2026-09-21T13:37:38.219+0000] {processor.py:914} INFO - Processing file /opt/airflow/dags/dss150p_pipeline.py for tasks to queue
[2026-09-21T13:37:38.234+0000] {logging_mixin.py:190} INFO - [2026-09-21T13:37:38.233+0000] {dagbag.py:588} INFO - Filling up the DagBag from /opt/airflow/dags/dss150p_pipeline.py
[2026-09-21T13:37:39.798+0000] {processor.py:925} INFO - DAG(s) 'dss150p_sales_pipeline' retrieved from /opt/airflow/dags/dss150p_pipeline.py
[2026-09-21T13:37:40.374+0000] {logging_mixin.py:190} INFO - [2026-09-21T13:37:40.374+0000] {dag.py:3239} INFO - Sync 1 DAGs
[2026-09-21T13:37:40.629+0000] {logging_mixin.py:190} INFO - [2026-09-21T13:37:40.629+0000] {dag.py:4180} INFO - Setting next_dagrun for dss150p_sales_pipeline to 2026-09-21 02:00:00+00:00, run_after=2026-09-22 02:00:00+00:00
[2026-09-21T13:37:40.789+0000] {processor.py:208} INFO - Processing /opt/airflow/dags/dss150p_pipeline.py took 2.612 seconds
[2026-09-21T13:38:11.542+0000] {processor.py:186} INFO - Started process (PID=1477) to work on /opt/airflow/dags/dss150p_pipeline.py
[2026-09-21T13:38:11.551+0000] {processor.py:914} INFO - Processing file /opt/airflow/dags/dss150p_pipeline.py for tasks to queue
[2026-09-21T13:38:11.572+0000] {logging_mixin.py:190} INFO - [2026-09-21T13:38:11.570+0000] {dagbag.py:588} INFO - Filling up the DagBag from /opt/airflow/dags/dss150p_pipeline.py
[2026-09-21T13:38:11.726+0000] {processor.py:925} INFO - DAG(s) 'dss150p_sales_pipeline' retrieved from /opt/airflow/dags/dss150p_pipeline.py
[2026-09-21T13:38:12.018+0000] {logging_mixin.py:190} INFO - [2026-09-21T13:38:12.017+0000] {dag.py:3239} INFO - Sync 1 DAGs
[2026-09-21T13:38:12.127+0000] {logging_mixin.py:190} INFO - [2026-09-21T13:38:12.126+0000] {dag.py:4180} INFO - Setting next_dagrun for dss150p_sales_pipeline to 2026-09-21 02:00:00+00:00, run_after=2026-09-22 02:00:00+00:00
[2026-09-21T13:38:12.312+0000] {processor.py:208} INFO - Processing /opt/airflow/dags/dss150p_pipeline.py took 0.793 seconds
[2026-09-21T13:38:42.560+0000] {processor.py:186} INFO - Started process (PID=1482) to work on /opt/airflow/dags/dss150p_pipeline.py
[2026-09-21T13:38:42.563+0000] {processor.py:914} INFO - Processing file /opt/airflow/dags/dss150p_pipeline.py for tasks to queue
[2026-09-21T13:38:42.572+0000] {logging_mixin.py:190} INFO - [2026-09-21T13:38:42.569+0000] {dagbag.py:588} INFO - Filling up the DagBag from /opt/airflow/dags/dss150p_pipeline.py
[2026-09-21T13:38:42.644+0000] {processor.py:925} INFO - DAG(s) 'dss150p_sales_pipeline' retrieved from /opt/airflow/dags/dss150p_pipeline.py
[2026-09-21T13:38:42.789+0000] {logging_mixin.py:190} INFO - [2026-09-21T13:38:42.789+0000] {dag.py:3239} INFO - Sync 1 DAGs
[2026-09-21T13:38:42.896+0000] {logging_mixin.py:190} INFO - [2026-09-21T13:38:42.896+0000] {dag.py:4180} INFO - Setting next_dagrun for dss150p_sales_pipeline to 2026-09-21 02:00:00+00:00, run_after=2026-09-22 02:00:00+00:00
[2026-09-21T13:38:42.971+0000] {processor.py:208} INFO - Processing /opt/airflow/dags/dss150p_pipeline.py took 0.438 seconds
[2026-09-21T13:39:14.215+0000] {processor.py:186} INFO - Started process (PID=1487) to work on /opt/airflow/dags/dss150p_pipeline.py
[2026-09-21T13:39:14.222+0000] {processor.py:914} INFO - Processing file /opt/airflow/dags/dss150p_pipeline.py for tasks to queue
[2026-09-21T13:39:14.235+0000] {logging_mixin.py:190} INFO - [2026-09-21T13:39:14.233+0000] {dagbag.py:588} INFO - Filling up the DagBag from /opt/airflow/dags/dss150p_pipeline.py
[2026-09-21T13:39:14.421+0000] {processor.py:925} INFO - DAG(s) 'dss150p_sales_pipeline' retrieved from /opt/airflow/dags/dss150p_pipeline.py
[2026-09-21T13:39:14.670+0000] {logging_mixin.py:190} INFO - [2026-09-21T13:39:14.670+0000] {dag.py:3239} INFO - Sync 1 DAGs
[2026-09-21T13:39:14.810+0000] {logging_mixin.py:190} INFO - [2026-09-21T13:39:14.809+0000] {dag.py:4180} INFO - Setting next_dagrun for dss150p_sales_pipeline to 2026-09-21 02:00:00+00:00, run_after=2026-09-22 02:00:00+00:00
[2026-09-21T13:39:14.905+0000] {processor.py:208} INFO - Processing /opt/airflow/dags/dss150p_pipeline.py took 0.731 seconds
[2026-09-21T13:39:45.259+0000] {processor.py:186} INFO - Started process (PID=1492) to work on /opt/airflow/dags/dss150p_pipeline.py
[2026-09-21T13:39:45.266+0000] {processor.py:914} INFO - Processing file /opt/airflow/dags/dss150p_pipeline.py for tasks to queue
[2026-09-21T13:39:45.274+0000] {logging_mixin.py:190} INFO - [2026-09-21T13:39:45.273+0000] {dagbag.py:588} INFO - Filling up the DagBag from /opt/airflow/dags/dss150p_pipeline.py
[2026-09-21T13:39:45.335+0000] {processor.py:925} INFO - DAG(s) 'dss150p_sales_pipeline' retrieved from /opt/airflow/dags/dss150p_pipeline.py
[2026-09-21T13:39:45.459+0000] {logging_mixin.py:190} INFO - [2026-09-21T13:39:45.459+0000] {dag.py:3239} INFO - Sync 1 DAGs
[2026-09-21T13:39:45.506+0000] {logging_mixin.py:190} INFO - [2026-09-21T13:39:45.506+0000] {dag.py:4180} INFO - Setting next_dagrun for dss150p_sales_pipeline to 2026-09-21 02:00:00+00:00, run_after=2026-09-22 02:00:00+00:00
[2026-09-21T13:39:45.543+0000] {processor.py:208} INFO - Processing /opt/airflow/dags/dss150p_pipeline.py took 0.328 seconds
[2026-09-21T13:40:15.935+0000] {processor.py:186} INFO - Started process (PID=1497) to work on /opt/airflow/dags/dss150p_pipeline.py
[2026-09-21T13:40:15.940+0000] {processor.py:914} INFO - Processing file /opt/airflow/dags/dss150p_pipeline.py for tasks to queue
[2026-09-21T13:40:15.948+0000] {logging_mixin.py:190} INFO - [2026-09-21T13:40:15.947+0000] {dagbag.py:588} INFO - Filling up the DagBag from /opt/airflow/dags/dss150p_pipeline.py
[2026-09-21T13:40:16.062+0000] {processor.py:925} INFO - DAG(s) 'dss150p_sales_pipeline' retrieved from /opt/airflow/dags/dss150p_pipeline.py
[2026-09-21T13:40:16.285+0000] {logging_mixin.py:190} INFO - [2026-09-21T13:40:16.284+0000] {dag.py:3239} INFO - Sync 1 DAGs
[2026-09-21T13:40:16.387+0000] {logging_mixin.py:190} INFO - [2026-09-21T13:40:16.387+0000] {dag.py:4180} INFO - Setting next_dagrun for dss150p_sales_pipeline to 2026-09-21 02:00:00+00:00, run_after=2026-09-22 02:00:00+00:00
[2026-09-21T13:40:16.433+0000] {processor.py:208} INFO - Processing /opt/airflow/dags/dss150p_pipeline.py took 0.552 seconds
[2026-09-21T13:40:47.394+0000] {processor.py:186} INFO - Started process (PID=1537) to work on /opt/airflow/dags/dss150p_pipeline.py
[2026-09-21T13:40:47.398+0000] {processor.py:914} INFO - Processing file /opt/airflow/dags/dss150p_pipeline.py for tasks to queue
[2026-09-21T13:40:47.414+0000] {logging_mixin.py:190} INFO - [2026-09-21T13:40:47.411+0000] {dagbag.py:588} INFO - Filling up the DagBag from /opt/airflow/dags/dss150p_pipeline.py
[2026-09-21T13:40:47.555+0000] {processor.py:925} INFO - DAG(s) 'dss150p_sales_pipeline' retrieved from /opt/airflow/dags/dss150p_pipeline.py
[2026-09-21T13:40:47.862+0000] {logging_mixin.py:190} INFO - [2026-09-21T13:40:47.861+0000] {dag.py:3239} INFO - Sync 1 DAGs
[2026-09-21T13:40:48.045+0000] {logging_mixin.py:190} INFO - [2026-09-21T13:40:48.044+0000] {dag.py:4180} INFO - Setting next_dagrun for dss150p_sales_pipeline to 2026-09-21 02:00:00+00:00, run_after=2026-09-22 02:00:00+00:00
[2026-09-21T13:40:48.177+0000] {processor.py:208} INFO - Processing /opt/airflow/dags/dss150p_pipeline.py took 0.807 seconds
[2026-09-21T13:41:18.774+0000] {processor.py:186} INFO - Started process (PID=1542) to work on /opt/airflow/dags/dss150p_pipeline.py
[2026-09-21T13:41:18.776+0000] {processor.py:914} INFO - Processing file /opt/airflow/dags/dss150p_pipeline.py for tasks to queue
[2026-09-21T13:41:18.783+0000] {logging_mixin.py:190} INFO - [2026-09-21T13:41:18.782+0000] {dagbag.py:588} INFO - Filling up the DagBag from /opt/airflow/dags/dss150p_pipeline.py
[2026-09-21T13:41:18.837+0000] {processor.py:925} INFO - DAG(s) 'dss150p_sales_pipeline' retrieved from /opt/airflow/dags/dss150p_pipeline.py
[2026-09-21T13:41:18.974+0000] {logging_mixin.py:190} INFO - [2026-09-21T13:41:18.974+0000] {dag.py:3239} INFO - Sync 1 DAGs
[2026-09-21T13:41:19.029+0000] {logging_mixin.py:190} INFO - [2026-09-21T13:41:19.029+0000] {dag.py:4180} INFO - Setting next_dagrun for dss150p_sales_pipeline to 2026-09-21 02:00:00+00:00, run_after=2026-09-22 02:00:00+00:00
[2026-09-21T13:41:19.087+0000] {processor.py:208} INFO - Processing /opt/airflow/dags/dss150p_pipeline.py took 0.328 seconds
[2026-09-21T13:41:49.629+0000] {processor.py:186} INFO - Started process (PID=1547) to work on /opt/airflow/dags/dss150p_pipeline.py
[2026-09-21T13:41:49.645+0000] {processor.py:914} INFO - Processing file /opt/airflow/dags/dss150p_pipeline.py for tasks to queue
[2026-09-21T13:41:49.655+0000] {logging_mixin.py:190} INFO - [2026-09-21T13:41:49.654+0000] {dagbag.py:588} INFO - Filling up the DagBag from /opt/airflow/dags/dss150p_pipeline.py
[2026-09-21T13:41:49.775+0000] {processor.py:925} INFO - DAG(s) 'dss150p_sales_pipeline' retrieved from /opt/airflow/dags/dss150p_pipeline.py
[2026-09-21T13:41:49.939+0000] {logging_mixin.py:190} INFO - [2026-09-21T13:41:49.939+0000] {dag.py:3239} INFO - Sync 1 DAGs
[2026-09-21T13:41:50.021+0000] {logging_mixin.py:190} INFO - [2026-09-21T13:41:50.019+0000] {dag.py:4180} INFO - Setting next_dagrun for dss150p_sales_pipeline to 2026-09-21 02:00:00+00:00, run_after=2026-09-22 02:00:00+00:00
[2026-09-21T13:41:50.090+0000] {processor.py:208} INFO - Processing /opt/airflow/dags/dss150p_pipeline.py took 0.520 seconds
[2026-09-21T13:42:20.622+0000] {processor.py:186} INFO - Started process (PID=1560) to work on /opt/airflow/dags/dss150p_pipeline.py
[2026-09-21T13:42:20.625+0000] {processor.py:914} INFO - Processing file /opt/airflow/dags/dss150p_pipeline.py for tasks to queue
[2026-09-21T13:42:20.639+0000] {logging_mixin.py:190} INFO - [2026-09-21T13:42:20.638+0000] {dagbag.py:588} INFO - Filling up the DagBag from /opt/airflow/dags/dss150p_pipeline.py
[2026-09-21T13:42:20.718+0000] {processor.py:925} INFO - DAG(s) 'dss150p_sales_pipeline' retrieved from /opt/airflow/dags/dss150p_pipeline.py
[2026-09-21T13:42:20.912+0000] {logging_mixin.py:190} INFO - [2026-09-21T13:42:20.911+0000] {dag.py:3239} INFO - Sync 1 DAGs
[2026-09-21T13:42:21.025+0000] {logging_mixin.py:190} INFO - [2026-09-21T13:42:21.025+0000] {dag.py:4180} INFO - Setting next_dagrun for dss150p_sales_pipeline to 2026-09-21 02:00:00+00:00, run_after=2026-09-22 02:00:00+00:00
[2026-09-21T13:42:21.072+0000] {processor.py:208} INFO - Processing /opt/airflow/dags/dss150p_pipeline.py took 0.511 seconds
[2026-09-21T13:42:51.767+0000] {processor.py:186} INFO - Started process (PID=1565) to work on /opt/airflow/dags/dss150p_pipeline.py
[2026-09-21T13:42:51.776+0000] {processor.py:914} INFO - Processing file /opt/airflow/dags/dss150p_pipeline.py for tasks to queue
[2026-09-21T13:42:51.787+0000] {logging_mixin.py:190} INFO - [2026-09-21T13:42:51.786+0000] {dagbag.py:588} INFO - Filling up the DagBag from /opt/airflow/dags/dss150p_pipeline.py
[2026-09-21T13:42:51.864+0000] {processor.py:925} INFO - DAG(s) 'dss150p_sales_pipeline' retrieved from /opt/airflow/dags/dss150p_pipeline.py
[2026-09-21T13:42:51.990+0000] {logging_mixin.py:190} INFO - [2026-09-21T13:42:51.990+0000] {dag.py:3239} INFO - Sync 1 DAGs
[2026-09-21T13:42:52.072+0000] {logging_mixin.py:190} INFO - [2026-09-21T13:42:52.071+0000] {dag.py:4180} INFO - Setting next_dagrun for dss150p_sales_pipeline to 2026-09-21 02:00:00+00:00, run_after=2026-09-22 02:00:00+00:00
[2026-09-21T13:42:52.146+0000] {processor.py:208} INFO - Processing /opt/airflow/dags/dss150p_pipeline.py took 0.402 seconds
[2026-09-21T13:43:22.567+0000] {processor.py:186} INFO - Started process (PID=1578) to work on /opt/airflow/dags/dss150p_pipeline.py
[2026-09-21T13:43:22.570+0000] {processor.py:914} INFO - Processing file /opt/airflow/dags/dss150p_pipeline.py for tasks to queue
[2026-09-21T13:43:22.579+0000] {logging_mixin.py:190} INFO - [2026-09-21T13:43:22.576+0000] {dagbag.py:588} INFO - Filling up the DagBag from /opt/airflow/dags/dss150p_pipeline.py
[2026-09-21T13:43:22.640+0000] {processor.py:925} INFO - DAG(s) 'dss150p_sales_pipeline' retrieved from /opt/airflow/dags/dss150p_pipeline.py
[2026-09-21T13:43:22.755+0000] {logging_mixin.py:190} INFO - [2026-09-21T13:43:22.755+0000] {dag.py:3239} INFO - Sync 1 DAGs
[2026-09-21T13:43:22.812+0000] {logging_mixin.py:190} INFO - [2026-09-21T13:43:22.812+0000] {dag.py:4180} INFO - Setting next_dagrun for dss150p_sales_pipeline to 2026-09-21 02:00:00+00:00, run_after=2026-09-22 02:00:00+00:00
[2026-09-21T13:43:22.854+0000] {processor.py:208} INFO - Processing /opt/airflow/dags/dss150p_pipeline.py took 0.305 seconds
[2026-09-21T13:43:53.049+0000] {processor.py:186} INFO - Started process (PID=1583) to work on /opt/airflow/dags/dss150p_pipeline.py
[2026-09-21T13:43:53.054+0000] {processor.py:914} INFO - Processing file /opt/airflow/dags/dss150p_pipeline.py for tasks to queue
[2026-09-21T13:43:53.063+0000] {logging_mixin.py:190} INFO - [2026-09-21T13:43:53.062+0000] {dagbag.py:588} INFO - Filling up the DagBag from /opt/airflow/dags/dss150p_pipeline.py
[2026-09-21T13:43:53.121+0000] {processor.py:925} INFO - DAG(s) 'dss150p_sales_pipeline' retrieved from /opt/airflow/dags/dss150p_pipeline.py
[2026-09-21T13:43:53.233+0000] {logging_mixin.py:190} INFO - [2026-09-21T13:43:53.232+0000] {dag.py:3239} INFO - Sync 1 DAGs
[2026-09-21T13:43:53.291+0000] {logging_mixin.py:190} INFO - [2026-09-21T13:43:53.291+0000] {dag.py:4180} INFO - Setting next_dagrun for dss150p_sales_pipeline to 2026-09-21 02:00:00+00:00, run_after=2026-09-22 02:00:00+00:00
[2026-09-21T13:43:53.335+0000] {processor.py:208} INFO - Processing /opt/airflow/dags/dss150p_pipeline.py took 0.306 seconds
[2026-09-21T13:44:23.870+0000] {processor.py:186} INFO - Started process (PID=1588) to work on /opt/airflow/dags/dss150p_pipeline.py
[2026-09-21T13:44:23.875+0000] {processor.py:914} INFO - Processing file /opt/airflow/dags/dss150p_pipeline.py for tasks to queue
[2026-09-21T13:44:23.887+0000] {logging_mixin.py:190} INFO - [2026-09-21T13:44:23.881+0000] {dagbag.py:588} INFO - Filling up the DagBag from /opt/airflow/dags/dss150p_pipeline.py
[2026-09-21T13:44:23.966+0000] {processor.py:925} INFO - DAG(s) 'dss150p_sales_pipeline' retrieved from /opt/airflow/dags/dss150p_pipeline.py
[2026-09-21T13:44:24.154+0000] {logging_mixin.py:190} INFO - [2026-09-21T13:44:24.153+0000] {dag.py:3239} INFO - Sync 1 DAGs
[2026-09-21T13:44:24.236+0000] {logging_mixin.py:190} INFO - [2026-09-21T13:44:24.235+0000] {dag.py:4180} INFO - Setting next_dagrun for dss150p_sales_pipeline to 2026-09-21 02:00:00+00:00, run_after=2026-09-22 02:00:00+00:00
[2026-09-21T13:44:24.311+0000] {processor.py:208} INFO - Processing /opt/airflow/dags/dss150p_pipeline.py took 0.475 seconds
[2026-09-21T13:44:56.607+0000] {processor.py:186} INFO - Started process (PID=1593) to work on /opt/airflow/dags/dss150p_pipeline.py
[2026-09-21T13:44:56.652+0000] {processor.py:914} INFO - Processing file /opt/airflow/dags/dss150p_pipeline.py for tasks to queue
[2026-09-21T13:44:56.662+0000] {logging_mixin.py:190} INFO - [2026-09-21T13:44:56.661+0000] {dagbag.py:588} INFO - Filling up the DagBag from /opt/airflow/dags/dss150p_pipeline.py
[2026-09-21T13:44:57.174+0000] {processor.py:925} INFO - DAG(s) 'dss150p_sales_pipeline' retrieved from /opt/airflow/dags/dss150p_pipeline.py
[2026-09-21T13:44:57.571+0000] {logging_mixin.py:190} INFO - [2026-09-21T13:44:57.569+0000] {dag.py:3239} INFO - Sync 1 DAGs
[2026-09-21T13:44:57.709+0000] {logging_mixin.py:190} INFO - [2026-09-21T13:44:57.709+0000] {dag.py:4180} INFO - Setting next_dagrun for dss150p_sales_pipeline to 2026-09-21 02:00:00+00:00, run_after=2026-09-22 02:00:00+00:00
[2026-09-21T13:44:58.656+0000] {processor.py:208} INFO - Processing /opt/airflow/dags/dss150p_pipeline.py took 2.119 seconds
[2026-09-21T13:45:29.421+0000] {processor.py:186} INFO - Started process (PID=1598) to work on /opt/airflow/dags/dss150p_pipeline.py
[2026-09-21T13:45:29.430+0000] {processor.py:914} INFO - Processing file /opt/airflow/dags/dss150p_pipeline.py for tasks to queue
[2026-09-21T13:45:29.450+0000] {logging_mixin.py:190} INFO - [2026-09-21T13:45:29.441+0000] {dagbag.py:588} INFO - Filling up the DagBag from /opt/airflow/dags/dss150p_pipeline.py
[2026-09-21T13:45:29.664+0000] {processor.py:925} INFO - DAG(s) 'dss150p_sales_pipeline' retrieved from /opt/airflow/dags/dss150p_pipeline.py
[2026-09-21T13:45:30.143+0000] {logging_mixin.py:190} INFO - [2026-09-21T13:45:30.142+0000] {dag.py:3239} INFO - Sync 1 DAGs
[2026-09-21T13:45:30.258+0000] {logging_mixin.py:190} INFO - [2026-09-21T13:45:30.257+0000] {dag.py:4180} INFO - Setting next_dagrun for dss150p_sales_pipeline to 2026-09-21 02:00:00+00:00, run_after=2026-09-22 02:00:00+00:00
[2026-09-21T13:45:30.353+0000] {processor.py:208} INFO - Processing /opt/airflow/dags/dss150p_pipeline.py took 0.981 seconds
[2026-09-21T13:46:00.782+0000] {processor.py:186} INFO - Started process (PID=1603) to work on /opt/airflow/dags/dss150p_pipeline.py
[2026-09-21T13:46:00.788+0000] {processor.py:914} INFO - Processing file /opt/airflow/dags/dss150p_pipeline.py for tasks to queue
[2026-09-21T13:46:00.796+0000] {logging_mixin.py:190} INFO - [2026-09-21T13:46:00.795+0000] {dagbag.py:588} INFO - Filling up the DagBag from /opt/airflow/dags/dss150p_pipeline.py
[2026-09-21T13:46:00.965+0000] {processor.py:925} INFO - DAG(s) 'dss150p_sales_pipeline' retrieved from /opt/airflow/dags/dss150p_pipeline.py
[2026-09-21T13:46:01.102+0000] {logging_mixin.py:190} INFO - [2026-09-21T13:46:01.102+0000] {dag.py:3239} INFO - Sync 1 DAGs
[2026-09-21T13:46:01.211+0000] {logging_mixin.py:190} INFO - [2026-09-21T13:46:01.211+0000] {dag.py:4180} INFO - Setting next_dagrun for dss150p_sales_pipeline to 2026-09-21 02:00:00+00:00, run_after=2026-09-22 02:00:00+00:00
[2026-09-21T13:46:01.262+0000] {processor.py:208} INFO - Processing /opt/airflow/dags/dss150p_pipeline.py took 0.506 seconds
[2026-09-21T13:46:35.747+0000] {processor.py:186} INFO - Started process (PID=1608) to work on /opt/airflow/dags/dss150p_pipeline.py
[2026-09-21T13:46:35.773+0000] {processor.py:914} INFO - Processing file /opt/airflow/dags/dss150p_pipeline.py for tasks to queue
[2026-09-21T13:46:35.793+0000] {logging_mixin.py:190} INFO - [2026-09-21T13:46:35.792+0000] {dagbag.py:588} INFO - Filling up the DagBag from /opt/airflow/dags/dss150p_pipeline.py
[2026-09-21T13:46:36.513+0000] {processor.py:925} INFO - DAG(s) 'dss150p_sales_pipeline' retrieved from /opt/airflow/dags/dss150p_pipeline.py
[2026-09-21T13:46:40.281+0000] {logging_mixin.py:190} INFO - [2026-09-21T13:46:40.280+0000] {dag.py:3239} INFO - Sync 1 DAGs
[2026-09-21T13:46:40.997+0000] {logging_mixin.py:190} INFO - [2026-09-21T13:46:40.996+0000] {dag.py:4180} INFO - Setting next_dagrun for dss150p_sales_pipeline to 2026-09-21 02:00:00+00:00, run_after=2026-09-22 02:00:00+00:00
[2026-09-21T13:46:43.514+0000] {processor.py:208} INFO - Processing /opt/airflow/dags/dss150p_pipeline.py took 7.908 seconds
[2026-09-21T13:47:15.685+0000] {processor.py:186} INFO - Started process (PID=1613) to work on /opt/airflow/dags/dss150p_pipeline.py
[2026-09-21T13:47:15.692+0000] {processor.py:914} INFO - Processing file /opt/airflow/dags/dss150p_pipeline.py for tasks to queue
[2026-09-21T13:47:15.712+0000] {logging_mixin.py:190} INFO - [2026-09-21T13:47:15.708+0000] {dagbag.py:588} INFO - Filling up the DagBag from /opt/airflow/dags/dss150p_pipeline.py
[2026-09-21T13:47:15.795+0000] {processor.py:925} INFO - DAG(s) 'dss150p_sales_pipeline' retrieved from /opt/airflow/dags/dss150p_pipeline.py
[2026-09-21T13:47:16.017+0000] {logging_mixin.py:190} INFO - [2026-09-21T13:47:16.017+0000] {dag.py:3239} INFO - Sync 1 DAGs
[2026-09-21T13:47:16.106+0000] {logging_mixin.py:190} INFO - [2026-09-21T13:47:16.105+0000] {dag.py:4180} INFO - Setting next_dagrun for dss150p_sales_pipeline to 2026-09-21 02:00:00+00:00, run_after=2026-09-22 02:00:00+00:00
[2026-09-21T13:47:16.169+0000] {processor.py:208} INFO - Processing /opt/airflow/dags/dss150p_pipeline.py took 0.546 seconds
[2026-09-21T13:47:46.437+0000] {processor.py:186} INFO - Started process (PID=1618) to work on /opt/airflow/dags/dss150p_pipeline.py
[2026-09-21T13:47:46.439+0000] {processor.py:914} INFO - Processing file /opt/airflow/dags/dss150p_pipeline.py for tasks to queue
[2026-09-21T13:47:46.446+0000] {logging_mixin.py:190} INFO - [2026-09-21T13:47:46.445+0000] {dagbag.py:588} INFO - Filling up the DagBag from /opt/airflow/dags/dss150p_pipeline.py
[2026-09-21T13:47:46.502+0000] {processor.py:925} INFO - DAG(s) 'dss150p_sales_pipeline' retrieved from /opt/airflow/dags/dss150p_pipeline.py
[2026-09-21T13:47:46.620+0000] {logging_mixin.py:190} INFO - [2026-09-21T13:47:46.619+0000] {dag.py:3239} INFO - Sync 1 DAGs
[2026-09-21T13:47:46.681+0000] {logging_mixin.py:190} INFO - [2026-09-21T13:47:46.680+0000] {dag.py:4180} INFO - Setting next_dagrun for dss150p_sales_pipeline to 2026-09-21 02:00:00+00:00, run_after=2026-09-22 02:00:00+00:00
[2026-09-21T13:47:46.723+0000] {processor.py:208} INFO - Processing /opt/airflow/dags/dss150p_pipeline.py took 0.302 seconds
[2026-09-21T13:47:56.055+0000] {processor.py:186} INFO - Started process (PID=1623) to work on /opt/airflow/dags/dss150p_pipeline.py
[2026-09-21T13:47:56.058+0000] {processor.py:914} INFO - Processing file /opt/airflow/dags/dss150p_pipeline.py for tasks to queue
[2026-09-21T13:47:56.068+0000] {logging_mixin.py:190} INFO - [2026-09-21T13:47:56.067+0000] {dagbag.py:588} INFO - Filling up the DagBag from /opt/airflow/dags/dss150p_pipeline.py
[2026-09-21T13:47:56.202+0000] {processor.py:925} INFO - DAG(s) 'dss150p_sales_pipeline' retrieved from /opt/airflow/dags/dss150p_pipeline.py
[2026-09-21T13:48:02.718+0000] {logging_mixin.py:190} INFO - [2026-09-21T13:48:02.718+0000] {dag.py:3239} INFO - Sync 1 DAGs
[2026-09-21T13:48:02.895+0000] {logging_mixin.py:190} INFO - [2026-09-21T13:48:02.895+0000] {dag.py:4180} INFO - Setting next_dagrun for dss150p_sales_pipeline to 2026-09-21 02:00:00+00:00, run_after=2026-09-22 02:00:00+00:00
[2026-09-21T13:48:03.107+0000] {processor.py:208} INFO - Processing /opt/airflow/dags/dss150p_pipeline.py took 7.080 seconds
[2026-09-21T13:48:33.902+0000] {processor.py:186} INFO - Started process (PID=1628) to work on /opt/airflow/dags/dss150p_pipeline.py
[2026-09-21T13:48:33.907+0000] {processor.py:914} INFO - Processing file /opt/airflow/dags/dss150p_pipeline.py for tasks to queue
[2026-09-21T13:48:33.923+0000] {logging_mixin.py:190} INFO - [2026-09-21T13:48:33.922+0000] {dagbag.py:588} INFO - Filling up the DagBag from /opt/airflow/dags/dss150p_pipeline.py
[2026-09-21T13:48:34.077+0000] {processor.py:925} INFO - DAG(s) 'dss150p_sales_pipeline' retrieved from /opt/airflow/dags/dss150p_pipeline.py
[2026-09-21T13:48:34.287+0000] {logging_mixin.py:190} INFO - [2026-09-21T13:48:34.287+0000] {dag.py:3239} INFO - Sync 1 DAGs
[2026-09-21T13:48:34.339+0000] {logging_mixin.py:190} INFO - [2026-09-21T13:48:34.339+0000] {dag.py:4180} INFO - Setting next_dagrun for dss150p_sales_pipeline to 2026-09-21 02:00:00+00:00, run_after=2026-09-22 02:00:00+00:00
[2026-09-21T13:48:34.379+0000] {processor.py:208} INFO - Processing /opt/airflow/dags/dss150p_pipeline.py took 0.518 seconds
[2026-09-21T13:49:05.095+0000] {processor.py:186} INFO - Started process (PID=1649) to work on /opt/airflow/dags/dss150p_pipeline.py
[2026-09-21T13:49:05.105+0000] {processor.py:914} INFO - Processing file /opt/airflow/dags/dss150p_pipeline.py for tasks to queue
[2026-09-21T13:49:05.113+0000] {logging_mixin.py:190} INFO - [2026-09-21T13:49:05.112+0000] {dagbag.py:588} INFO - Filling up the DagBag from /opt/airflow/dags/dss150p_pipeline.py
[2026-09-21T13:49:05.218+0000] {processor.py:925} INFO - DAG(s) 'dss150p_sales_pipeline' retrieved from /opt/airflow/dags/dss150p_pipeline.py
[2026-09-21T13:49:05.373+0000] {logging_mixin.py:190} INFO - [2026-09-21T13:49:05.373+0000] {dag.py:3239} INFO - Sync 1 DAGs
[2026-09-21T13:49:05.445+0000] {logging_mixin.py:190} INFO - [2026-09-21T13:49:05.444+0000] {dag.py:4180} INFO - Setting next_dagrun for dss150p_sales_pipeline to 2026-09-21 02:00:00+00:00, run_after=2026-09-22 02:00:00+00:00
[2026-09-21T13:49:05.496+0000] {processor.py:208} INFO - Processing /opt/airflow/dags/dss150p_pipeline.py took 0.428 seconds
[2026-09-21T13:49:35.629+0000] {processor.py:186} INFO - Started process (PID=1684) to work on /opt/airflow/dags/dss150p_pipeline.py
[2026-09-21T13:49:35.633+0000] {processor.py:914} INFO - Processing file /opt/airflow/dags/dss150p_pipeline.py for tasks to queue
[2026-09-21T13:49:35.642+0000] {logging_mixin.py:190} INFO - [2026-09-21T13:49:35.640+0000] {dagbag.py:588} INFO - Filling up the DagBag from /opt/airflow/dags/dss150p_pipeline.py
[2026-09-21T13:49:35.692+0000] {processor.py:925} INFO - DAG(s) 'dss150p_sales_pipeline' retrieved from /opt/airflow/dags/dss150p_pipeline.py
[2026-09-21T13:49:35.819+0000] {logging_mixin.py:190} INFO - [2026-09-21T13:49:35.819+0000] {dag.py:3239} INFO - Sync 1 DAGs
[2026-09-21T13:49:35.876+0000] {logging_mixin.py:190} INFO - [2026-09-21T13:49:35.875+0000] {dag.py:4180} INFO - Setting next_dagrun for dss150p_sales_pipeline to 2026-09-21 02:00:00+00:00, run_after=2026-09-22 02:00:00+00:00
[2026-09-21T13:49:35.917+0000] {processor.py:208} INFO - Processing /opt/airflow/dags/dss150p_pipeline.py took 0.306 seconds
[2026-09-21T13:50:06.304+0000] {processor.py:186} INFO - Started process (PID=1689) to work on /opt/airflow/dags/dss150p_pipeline.py
[2026-09-21T13:50:06.308+0000] {processor.py:914} INFO - Processing file /opt/airflow/dags/dss150p_pipeline.py for tasks to queue
[2026-09-21T13:50:06.316+0000] {logging_mixin.py:190} INFO - [2026-09-21T13:50:06.315+0000] {dagbag.py:588} INFO - Filling up the DagBag from /opt/airflow/dags/dss150p_pipeline.py
[2026-09-21T13:50:06.378+0000] {processor.py:925} INFO - DAG(s) 'dss150p_sales_pipeline' retrieved from /opt/airflow/dags/dss150p_pipeline.py
[2026-09-21T13:50:06.513+0000] {logging_mixin.py:190} INFO - [2026-09-21T13:50:06.512+0000] {dag.py:3239} INFO - Sync 1 DAGs
[2026-09-21T13:50:06.567+0000] {logging_mixin.py:190} INFO - [2026-09-21T13:50:06.567+0000] {dag.py:4180} INFO - Setting next_dagrun for dss150p_sales_pipeline to 2026-09-21 02:00:00+00:00, run_after=2026-09-22 02:00:00+00:00
[2026-09-21T13:50:06.609+0000] {processor.py:208} INFO - Processing /opt/airflow/dags/dss150p_pipeline.py took 0.331 seconds
[2026-09-21T13:50:37.156+0000] {processor.py:186} INFO - Started process (PID=1713) to work on /opt/airflow/dags/dss150p_pipeline.py
[2026-09-21T13:50:37.168+0000] {processor.py:914} INFO - Processing file /opt/airflow/dags/dss150p_pipeline.py for tasks to queue
[2026-09-21T13:50:37.179+0000] {logging_mixin.py:190} INFO - [2026-09-21T13:50:37.178+0000] {dagbag.py:588} INFO - Filling up the DagBag from /opt/airflow/dags/dss150p_pipeline.py
[2026-09-21T13:50:37.311+0000] {processor.py:925} INFO - DAG(s) 'dss150p_sales_pipeline' retrieved from /opt/airflow/dags/dss150p_pipeline.py
[2026-09-21T13:50:37.677+0000] {logging_mixin.py:190} INFO - [2026-09-21T13:50:37.677+0000] {dag.py:3239} INFO - Sync 1 DAGs
[2026-09-21T13:50:37.793+0000] {logging_mixin.py:190} INFO - [2026-09-21T13:50:37.793+0000] {dag.py:4180} INFO - Setting next_dagrun for dss150p_sales_pipeline to 2026-09-21 02:00:00+00:00, run_after=2026-09-22 02:00:00+00:00
[2026-09-21T13:50:37.878+0000] {processor.py:208} INFO - Processing /opt/airflow/dags/dss150p_pipeline.py took 0.756 seconds
[2026-09-21T13:51:08.276+0000] {processor.py:186} INFO - Started process (PID=1718) to work on /opt/airflow/dags/dss150p_pipeline.py
[2026-09-21T13:51:08.279+0000] {processor.py:914} INFO - Processing file /opt/airflow/dags/dss150p_pipeline.py for tasks to queue
[2026-09-21T13:51:08.285+0000] {logging_mixin.py:190} INFO - [2026-09-21T13:51:08.284+0000] {dagbag.py:588} INFO - Filling up the DagBag from /opt/airflow/dags/dss150p_pipeline.py
[2026-09-21T13:51:08.352+0000] {processor.py:925} INFO - DAG(s) 'dss150p_sales_pipeline' retrieved from /opt/airflow/dags/dss150p_pipeline.py
[2026-09-21T13:51:08.513+0000] {logging_mixin.py:190} INFO - [2026-09-21T13:51:08.513+0000] {dag.py:3239} INFO - Sync 1 DAGs
[2026-09-21T13:51:08.607+0000] {logging_mixin.py:190} INFO - [2026-09-21T13:51:08.605+0000] {dag.py:4180} INFO - Setting next_dagrun for dss150p_sales_pipeline to 2026-09-21 02:00:00+00:00, run_after=2026-09-22 02:00:00+00:00
[2026-09-21T13:51:08.659+0000] {processor.py:208} INFO - Processing /opt/airflow/dags/dss150p_pipeline.py took 0.401 seconds
[2026-09-21T13:51:39.987+0000] {processor.py:186} INFO - Started process (PID=1727) to work on /opt/airflow/dags/dss150p_pipeline.py
[2026-09-21T13:51:39.993+0000] {processor.py:914} INFO - Processing file /opt/airflow/dags/dss150p_pipeline.py for tasks to queue
[2026-09-21T13:51:40.020+0000] {logging_mixin.py:190} INFO - [2026-09-21T13:51:40.019+0000] {dagbag.py:588} INFO - Filling up the DagBag from /opt/airflow/dags/dss150p_pipeline.py
[2026-09-21T13:51:40.261+0000] {processor.py:925} INFO - DAG(s) 'dss150p_sales_pipeline' retrieved from /opt/airflow/dags/dss150p_pipeline.py
[2026-09-21T13:51:41.777+0000] {logging_mixin.py:190} INFO - [2026-09-21T13:51:41.776+0000] {dag.py:3239} INFO - Sync 1 DAGs
[2026-09-21T13:51:42.088+0000] {logging_mixin.py:190} INFO - [2026-09-21T13:51:42.087+0000] {dag.py:4180} INFO - Setting next_dagrun for dss150p_sales_pipeline to 2026-09-21 02:00:00+00:00, run_after=2026-09-22 02:00:00+00:00
[2026-09-21T13:51:42.286+0000] {processor.py:208} INFO - Processing /opt/airflow/dags/dss150p_pipeline.py took 2.350 seconds
[2026-09-21T13:52:12.576+0000] {processor.py:186} INFO - Started process (PID=1747) to work on /opt/airflow/dags/dss150p_pipeline.py
[2026-09-21T13:52:12.579+0000] {processor.py:914} INFO - Processing file /opt/airflow/dags/dss150p_pipeline.py for tasks to queue
[2026-09-21T13:52:12.586+0000] {logging_mixin.py:190} INFO - [2026-09-21T13:52:12.585+0000] {dagbag.py:588} INFO - Filling up the DagBag from /opt/airflow/dags/dss150p_pipeline.py
[2026-09-21T13:52:12.646+0000] {processor.py:925} INFO - DAG(s) 'dss150p_sales_pipeline' retrieved from /opt/airflow/dags/dss150p_pipeline.py
[2026-09-21T13:52:12.767+0000] {logging_mixin.py:190} INFO - [2026-09-21T13:52:12.766+0000] {dag.py:3239} INFO - Sync 1 DAGs
[2026-09-21T13:52:12.826+0000] {logging_mixin.py:190} INFO - [2026-09-21T13:52:12.825+0000] {dag.py:4180} INFO - Setting next_dagrun for dss150p_sales_pipeline to 2026-09-21 02:00:00+00:00, run_after=2026-09-22 02:00:00+00:00
[2026-09-21T13:52:12.866+0000] {processor.py:208} INFO - Processing /opt/airflow/dags/dss150p_pipeline.py took 0.302 seconds
[2026-09-21T13:52:44.481+0000] {processor.py:186} INFO - Started process (PID=1752) to work on /opt/airflow/dags/dss150p_pipeline.py
[2026-09-21T13:52:44.492+0000] {processor.py:914} INFO - Processing file /opt/airflow/dags/dss150p_pipeline.py for tasks to queue
[2026-09-21T13:52:44.502+0000] {logging_mixin.py:190} INFO - [2026-09-21T13:52:44.501+0000] {dagbag.py:588} INFO - Filling up the DagBag from /opt/airflow/dags/dss150p_pipeline.py
[2026-09-21T13:52:45.001+0000] {processor.py:925} INFO - DAG(s) 'dss150p_sales_pipeline' retrieved from /opt/airflow/dags/dss150p_pipeline.py
[2026-09-21T13:52:45.326+0000] {logging_mixin.py:190} INFO - [2026-09-21T13:52:45.326+0000] {dag.py:3239} INFO - Sync 1 DAGs
[2026-09-21T13:52:45.429+0000] {logging_mixin.py:190} INFO - [2026-09-21T13:52:45.428+0000] {dag.py:4180} INFO - Setting next_dagrun for dss150p_sales_pipeline to 2026-09-21 02:00:00+00:00, run_after=2026-09-22 02:00:00+00:00
[2026-09-21T13:52:45.492+0000] {processor.py:208} INFO - Processing /opt/airflow/dags/dss150p_pipeline.py took 1.049 seconds
[2026-09-21T13:52:53.927+0000] {processor.py:186} INFO - Started process (PID=1757) to work on /opt/airflow/dags/dss150p_pipeline.py
[2026-09-21T13:52:53.930+0000] {processor.py:914} INFO - Processing file /opt/airflow/dags/dss150p_pipeline.py for tasks to queue
[2026-09-21T13:52:53.937+0000] {logging_mixin.py:190} INFO - [2026-09-21T13:52:53.936+0000] {dagbag.py:588} INFO - Filling up the DagBag from /opt/airflow/dags/dss150p_pipeline.py
[2026-09-21T13:52:54.026+0000] {processor.py:925} INFO - DAG(s) 'dss150p_sales_pipeline' retrieved from /opt/airflow/dags/dss150p_pipeline.py
[2026-09-21T13:52:54.443+0000] {logging_mixin.py:190} INFO - [2026-09-21T13:52:54.442+0000] {dag.py:3239} INFO - Sync 1 DAGs
[2026-09-21T13:52:54.651+0000] {logging_mixin.py:190} INFO - [2026-09-21T13:52:54.651+0000] {dag.py:4180} INFO - Setting next_dagrun for dss150p_sales_pipeline to 2026-09-21 02:00:00+00:00, run_after=2026-09-22 02:00:00+00:00
[2026-09-21T13:52:54.761+0000] {processor.py:208} INFO - Processing /opt/airflow/dags/dss150p_pipeline.py took 0.851 seconds
[2026-09-21T13:53:25.703+0000] {processor.py:186} INFO - Started process (PID=1771) to work on /opt/airflow/dags/dss150p_pipeline.py
[2026-09-21T13:53:25.708+0000] {processor.py:914} INFO - Processing file /opt/airflow/dags/dss150p_pipeline.py for tasks to queue
[2026-09-21T13:53:25.723+0000] {logging_mixin.py:190} INFO - [2026-09-21T13:53:25.722+0000] {dagbag.py:588} INFO - Filling up the DagBag from /opt/airflow/dags/dss150p_pipeline.py
[2026-09-21T13:53:25.899+0000] {processor.py:925} INFO - DAG(s) 'dss150p_sales_pipeline' retrieved from /opt/airflow/dags/dss150p_pipeline.py
[2026-09-21T13:53:26.213+0000] {logging_mixin.py:190} INFO - [2026-09-21T13:53:26.202+0000] {dag.py:3239} INFO - Sync 1 DAGs
[2026-09-21T13:53:26.434+0000] {logging_mixin.py:190} INFO - [2026-09-21T13:53:26.433+0000] {dag.py:4180} INFO - Setting next_dagrun for dss150p_sales_pipeline to 2026-09-21 02:00:00+00:00, run_after=2026-09-22 02:00:00+00:00
[2026-09-21T13:53:26.535+0000] {processor.py:208} INFO - Processing /opt/airflow/dags/dss150p_pipeline.py took 0.867 seconds
[2026-09-21T13:53:57.192+0000] {processor.py:186} INFO - Started process (PID=1802) to work on /opt/airflow/dags/dss150p_pipeline.py
[2026-09-21T13:53:57.197+0000] {processor.py:914} INFO - Processing file /opt/airflow/dags/dss150p_pipeline.py for tasks to queue
[2026-09-21T13:53:57.205+0000] {logging_mixin.py:190} INFO - [2026-09-21T13:53:57.205+0000] {dagbag.py:588} INFO - Filling up the DagBag from /opt/airflow/dags/dss150p_pipeline.py
[2026-09-21T13:53:57.292+0000] {processor.py:925} INFO - DAG(s) 'dss150p_sales_pipeline' retrieved from /opt/airflow/dags/dss150p_pipeline.py
[2026-09-21T13:53:57.631+0000] {logging_mixin.py:190} INFO - [2026-09-21T13:53:57.631+0000] {dag.py:3239} INFO - Sync 1 DAGs
[2026-09-21T13:53:57.776+0000] {logging_mixin.py:190} INFO - [2026-09-21T13:53:57.775+0000] {dag.py:4180} INFO - Setting next_dagrun for dss150p_sales_pipeline to 2026-09-21 02:00:00+00:00, run_after=2026-09-22 02:00:00+00:00
[2026-09-21T13:53:57.830+0000] {processor.py:208} INFO - Processing /opt/airflow/dags/dss150p_pipeline.py took 0.662 seconds
[2026-09-21T13:54:28.297+0000] {processor.py:186} INFO - Started process (PID=1807) to work on /opt/airflow/dags/dss150p_pipeline.py
[2026-09-21T13:54:28.307+0000] {processor.py:914} INFO - Processing file /opt/airflow/dags/dss150p_pipeline.py for tasks to queue
[2026-09-21T13:54:28.330+0000] {logging_mixin.py:190} INFO - [2026-09-21T13:54:28.327+0000] {dagbag.py:588} INFO - Filling up the DagBag from /opt/airflow/dags/dss150p_pipeline.py
[2026-09-21T13:54:28.532+0000] {processor.py:925} INFO - DAG(s) 'dss150p_sales_pipeline' retrieved from /opt/airflow/dags/dss150p_pipeline.py
[2026-09-21T13:54:28.739+0000] {logging_mixin.py:190} INFO - [2026-09-21T13:54:28.739+0000] {dag.py:3239} INFO - Sync 1 DAGs
[2026-09-21T13:54:28.797+0000] {logging_mixin.py:190} INFO - [2026-09-21T13:54:28.796+0000] {dag.py:4180} INFO - Setting next_dagrun for dss150p_sales_pipeline to 2026-09-21 02:00:00+00:00, run_after=2026-09-22 02:00:00+00:00
[2026-09-21T13:54:28.838+0000] {processor.py:208} INFO - Processing /opt/airflow/dags/dss150p_pipeline.py took 0.688 seconds
[2026-09-21T13:54:59.225+0000] {processor.py:186} INFO - Started process (PID=1820) to work on /opt/airflow/dags/dss150p_pipeline.py
[2026-09-21T13:54:59.229+0000] {processor.py:914} INFO - Processing file /opt/airflow/dags/dss150p_pipeline.py for tasks to queue
[2026-09-21T13:54:59.239+0000] {logging_mixin.py:190} INFO - [2026-09-21T13:54:59.239+0000] {dagbag.py:588} INFO - Filling up the DagBag from /opt/airflow/dags/dss150p_pipeline.py
[2026-09-21T13:54:59.327+0000] {processor.py:925} INFO - DAG(s) 'dss150p_sales_pipeline' retrieved from /opt/airflow/dags/dss150p_pipeline.py
[2026-09-21T13:54:59.628+0000] {logging_mixin.py:190} INFO - [2026-09-21T13:54:59.628+0000] {dag.py:3239} INFO - Sync 1 DAGs
[2026-09-21T13:54:59.850+0000] {logging_mixin.py:190} INFO - [2026-09-21T13:54:59.848+0000] {dag.py:4180} INFO - Setting next_dagrun for dss150p_sales_pipeline to 2026-09-21 02:00:00+00:00, run_after=2026-09-22 02:00:00+00:00
[2026-09-21T13:54:59.980+0000] {processor.py:208} INFO - Processing /opt/airflow/dags/dss150p_pipeline.py took 0.777 seconds
[2026-09-21T13:55:30.338+0000] {processor.py:186} INFO - Started process (PID=1825) to work on /opt/airflow/dags/dss150p_pipeline.py
[2026-09-21T13:55:30.356+0000] {processor.py:914} INFO - Processing file /opt/airflow/dags/dss150p_pipeline.py for tasks to queue
[2026-09-21T13:55:30.384+0000] {logging_mixin.py:190} INFO - [2026-09-21T13:55:30.382+0000] {dagbag.py:588} INFO - Filling up the DagBag from /opt/airflow/dags/dss150p_pipeline.py
[2026-09-21T13:55:30.526+0000] {processor.py:925} INFO - DAG(s) 'dss150p_sales_pipeline' retrieved from /opt/airflow/dags/dss150p_pipeline.py
[2026-09-21T13:55:30.895+0000] {logging_mixin.py:190} INFO - [2026-09-21T13:55:30.886+0000] {dag.py:3239} INFO - Sync 1 DAGs
[2026-09-21T13:55:31.088+0000] {logging_mixin.py:190} INFO - [2026-09-21T13:55:31.086+0000] {dag.py:4180} INFO - Setting next_dagrun for dss150p_sales_pipeline to 2026-09-21 02:00:00+00:00, run_after=2026-09-22 02:00:00+00:00
[2026-09-21T13:55:31.212+0000] {processor.py:208} INFO - Processing /opt/airflow/dags/dss150p_pipeline.py took 0.936 seconds
[2026-09-21T13:56:03.890+0000] {processor.py:186} INFO - Started process (PID=1838) to work on /opt/airflow/dags/dss150p_pipeline.py
[2026-09-21T13:56:03.896+0000] {processor.py:914} INFO - Processing file /opt/airflow/dags/dss150p_pipeline.py for tasks to queue
[2026-09-21T13:56:03.973+0000] {logging_mixin.py:190} INFO - [2026-09-21T13:56:03.972+0000] {dagbag.py:588} INFO - Filling up the DagBag from /opt/airflow/dags/dss150p_pipeline.py
[2026-09-21T13:56:07.336+0000] {processor.py:925} INFO - DAG(s) 'dss150p_sales_pipeline' retrieved from /opt/airflow/dags/dss150p_pipeline.py
[2026-09-21T13:56:07.935+0000] {logging_mixin.py:190} INFO - [2026-09-21T13:56:07.934+0000] {dag.py:3239} INFO - Sync 1 DAGs
[2026-09-21T13:56:08.119+0000] {logging_mixin.py:190} INFO - [2026-09-21T13:56:08.118+0000] {dag.py:4180} INFO - Setting next_dagrun for dss150p_sales_pipeline to 2026-09-21 02:00:00+00:00, run_after=2026-09-22 02:00:00+00:00
[2026-09-21T13:56:08.252+0000] {processor.py:208} INFO - Processing /opt/airflow/dags/dss150p_pipeline.py took 4.413 seconds
[2026-09-21T13:56:38.864+0000] {processor.py:186} INFO - Started process (PID=1843) to work on /opt/airflow/dags/dss150p_pipeline.py
[2026-09-21T13:56:38.875+0000] {processor.py:914} INFO - Processing file /opt/airflow/dags/dss150p_pipeline.py for tasks to queue
[2026-09-21T13:56:38.899+0000] {logging_mixin.py:190} INFO - [2026-09-21T13:56:38.898+0000] {dagbag.py:588} INFO - Filling up the DagBag from /opt/airflow/dags/dss150p_pipeline.py
[2026-09-21T13:56:38.974+0000] {processor.py:925} INFO - DAG(s) 'dss150p_sales_pipeline' retrieved from /opt/airflow/dags/dss150p_pipeline.py
[2026-09-21T13:56:39.433+0000] {logging_mixin.py:190} INFO - [2026-09-21T13:56:39.433+0000] {dag.py:3239} INFO - Sync 1 DAGs
[2026-09-21T13:56:39.576+0000] {logging_mixin.py:190} INFO - [2026-09-21T13:56:39.576+0000] {dag.py:4180} INFO - Setting next_dagrun for dss150p_sales_pipeline to 2026-09-21 02:00:00+00:00, run_after=2026-09-22 02:00:00+00:00
[2026-09-21T13:56:39.757+0000] {processor.py:208} INFO - Processing /opt/airflow/dags/dss150p_pipeline.py took 0.932 seconds
[2026-09-21T13:57:10.625+0000] {processor.py:186} INFO - Started process (PID=1848) to work on /opt/airflow/dags/dss150p_pipeline.py
[2026-09-21T13:57:10.630+0000] {processor.py:914} INFO - Processing file /opt/airflow/dags/dss150p_pipeline.py for tasks to queue
[2026-09-21T13:57:10.637+0000] {logging_mixin.py:190} INFO - [2026-09-21T13:57:10.636+0000] {dagbag.py:588} INFO - Filling up the DagBag from /opt/airflow/dags/dss150p_pipeline.py
[2026-09-21T13:57:10.689+0000] {processor.py:925} INFO - DAG(s) 'dss150p_sales_pipeline' retrieved from /opt/airflow/dags/dss150p_pipeline.py
[2026-09-21T13:57:10.782+0000] {logging_mixin.py:190} INFO - [2026-09-21T13:57:10.782+0000] {dag.py:3239} INFO - Sync 1 DAGs
[2026-09-21T13:57:10.824+0000] {logging_mixin.py:190} INFO - [2026-09-21T13:57:10.823+0000] {dag.py:4180} INFO - Setting next_dagrun for dss150p_sales_pipeline to 2026-09-21 02:00:00+00:00, run_after=2026-09-22 02:00:00+00:00
[2026-09-21T13:57:10.859+0000] {processor.py:208} INFO - Processing /opt/airflow/dags/dss150p_pipeline.py took 0.257 seconds
[2026-09-21T13:57:41.175+0000] {processor.py:186} INFO - Started process (PID=1853) to work on /opt/airflow/dags/dss150p_pipeline.py
[2026-09-21T13:57:41.178+0000] {processor.py:914} INFO - Processing file /opt/airflow/dags/dss150p_pipeline.py for tasks to queue
[2026-09-21T13:57:41.185+0000] {logging_mixin.py:190} INFO - [2026-09-21T13:57:41.184+0000] {dagbag.py:588} INFO - Filling up the DagBag from /opt/airflow/dags/dss150p_pipeline.py
[2026-09-21T13:57:41.237+0000] {processor.py:925} INFO - DAG(s) 'dss150p_sales_pipeline' retrieved from /opt/airflow/dags/dss150p_pipeline.py
[2026-09-21T13:57:41.356+0000] {logging_mixin.py:190} INFO - [2026-09-21T13:57:41.354+0000] {dag.py:3239} INFO - Sync 1 DAGs
[2026-09-21T13:57:41.456+0000] {logging_mixin.py:190} INFO - [2026-09-21T13:57:41.455+0000] {dag.py:4180} INFO - Setting next_dagrun for dss150p_sales_pipeline to 2026-09-21 02:00:00+00:00, run_after=2026-09-22 02:00:00+00:00
[2026-09-21T13:57:41.517+0000] {processor.py:208} INFO - Processing /opt/airflow/dags/dss150p_pipeline.py took 0.356 seconds
[2026-09-21T13:58:11.752+0000] {processor.py:186} INFO - Started process (PID=1858) to work on /opt/airflow/dags/dss150p_pipeline.py
[2026-09-21T13:58:11.756+0000] {processor.py:914} INFO - Processing file /opt/airflow/dags/dss150p_pipeline.py for tasks to queue
[2026-09-21T13:58:11.763+0000] {logging_mixin.py:190} INFO - [2026-09-21T13:58:11.762+0000] {dagbag.py:588} INFO - Filling up the DagBag from /opt/airflow/dags/dss150p_pipeline.py
[2026-09-21T13:58:11.818+0000] {processor.py:925} INFO - DAG(s) 'dss150p_sales_pipeline' retrieved from /opt/airflow/dags/dss150p_pipeline.py
[2026-09-21T13:58:11.924+0000] {logging_mixin.py:190} INFO - [2026-09-21T13:58:11.924+0000] {dag.py:3239} INFO - Sync 1 DAGs
[2026-09-21T13:58:11.971+0000] {logging_mixin.py:190} INFO - [2026-09-21T13:58:11.971+0000] {dag.py:4180} INFO - Setting next_dagrun for dss150p_sales_pipeline to 2026-09-21 02:00:00+00:00, run_after=2026-09-22 02:00:00+00:00
[2026-09-21T13:58:12.014+0000] {processor.py:208} INFO - Processing /opt/airflow/dags/dss150p_pipeline.py took 0.286 seconds
[2026-09-21T13:58:42.534+0000] {processor.py:186} INFO - Started process (PID=1863) to work on /opt/airflow/dags/dss150p_pipeline.py
[2026-09-21T13:58:42.538+0000] {processor.py:914} INFO - Processing file /opt/airflow/dags/dss150p_pipeline.py for tasks to queue
[2026-09-21T13:58:42.550+0000] {logging_mixin.py:190} INFO - [2026-09-21T13:58:42.547+0000] {dagbag.py:588} INFO - Filling up the DagBag from /opt/airflow/dags/dss150p_pipeline.py
[2026-09-21T13:58:42.644+0000] {processor.py:925} INFO - DAG(s) 'dss150p_sales_pipeline' retrieved from /opt/airflow/dags/dss150p_pipeline.py
[2026-09-21T13:58:42.827+0000] {logging_mixin.py:190} INFO - [2026-09-21T13:58:42.827+0000] {dag.py:3239} INFO - Sync 1 DAGs
[2026-09-21T13:58:42.905+0000] {logging_mixin.py:190} INFO - [2026-09-21T13:58:42.905+0000] {dag.py:4180} INFO - Setting next_dagrun for dss150p_sales_pipeline to 2026-09-21 02:00:00+00:00, run_after=2026-09-22 02:00:00+00:00
[2026-09-21T13:58:42.951+0000] {processor.py:208} INFO - Processing /opt/airflow/dags/dss150p_pipeline.py took 0.454 seconds
[2026-09-21T13:59:13.479+0000] {processor.py:186} INFO - Started process (PID=1868) to work on /opt/airflow/dags/dss150p_pipeline.py
[2026-09-21T13:59:13.483+0000] {processor.py:914} INFO - Processing file /opt/airflow/dags/dss150p_pipeline.py for tasks to queue
[2026-09-21T13:59:13.491+0000] {logging_mixin.py:190} INFO - [2026-09-21T13:59:13.490+0000] {dagbag.py:588} INFO - Filling up the DagBag from /opt/airflow/dags/dss150p_pipeline.py
[2026-09-21T13:59:13.582+0000] {processor.py:925} INFO - DAG(s) 'dss150p_sales_pipeline' retrieved from /opt/airflow/dags/dss150p_pipeline.py
[2026-09-21T13:59:13.772+0000] {logging_mixin.py:190} INFO - [2026-09-21T13:59:13.772+0000] {dag.py:3239} INFO - Sync 1 DAGs
[2026-09-21T13:59:13.848+0000] {logging_mixin.py:190} INFO - [2026-09-21T13:59:13.847+0000] {dag.py:4180} INFO - Setting next_dagrun for dss150p_sales_pipeline to 2026-09-21 02:00:00+00:00, run_after=2026-09-22 02:00:00+00:00
[2026-09-21T13:59:13.916+0000] {processor.py:208} INFO - Processing /opt/airflow/dags/dss150p_pipeline.py took 0.458 seconds
[2026-09-21T13:59:44.492+0000] {processor.py:186} INFO - Started process (PID=1873) to work on /opt/airflow/dags/dss150p_pipeline.py
[2026-09-21T13:59:44.495+0000] {processor.py:914} INFO - Processing file /opt/airflow/dags/dss150p_pipeline.py for tasks to queue
[2026-09-21T13:59:44.501+0000] {logging_mixin.py:190} INFO - [2026-09-21T13:59:44.500+0000] {dagbag.py:588} INFO - Filling up the DagBag from /opt/airflow/dags/dss150p_pipeline.py
[2026-09-21T13:59:44.566+0000] {processor.py:925} INFO - DAG(s) 'dss150p_sales_pipeline' retrieved from /opt/airflow/dags/dss150p_pipeline.py
[2026-09-21T13:59:44.680+0000] {logging_mixin.py:190} INFO - [2026-09-21T13:59:44.680+0000] {dag.py:3239} INFO - Sync 1 DAGs
[2026-09-21T13:59:44.733+0000] {logging_mixin.py:190} INFO - [2026-09-21T13:59:44.732+0000] {dag.py:4180} INFO - Setting next_dagrun for dss150p_sales_pipeline to 2026-09-21 02:00:00+00:00, run_after=2026-09-22 02:00:00+00:00
[2026-09-21T13:59:44.765+0000] {processor.py:208} INFO - Processing /opt/airflow/dags/dss150p_pipeline.py took 0.287 seconds
[2026-09-21T14:00:15.226+0000] {processor.py:186} INFO - Started process (PID=1878) to work on /opt/airflow/dags/dss150p_pipeline.py
[2026-09-21T14:00:15.228+0000] {processor.py:914} INFO - Processing file /opt/airflow/dags/dss150p_pipeline.py for tasks to queue
[2026-09-21T14:00:15.233+0000] {logging_mixin.py:190} INFO - [2026-09-21T14:00:15.232+0000] {dagbag.py:588} INFO - Filling up the DagBag from /opt/airflow/dags/dss150p_pipeline.py
[2026-09-21T14:00:15.274+0000] {processor.py:925} INFO - DAG(s) 'dss150p_sales_pipeline' retrieved from /opt/airflow/dags/dss150p_pipeline.py
[2026-09-21T14:00:15.368+0000] {logging_mixin.py:190} INFO - [2026-09-21T14:00:15.367+0000] {dag.py:3239} INFO - Sync 1 DAGs
[2026-09-21T14:00:15.407+0000] {logging_mixin.py:190} INFO - [2026-09-21T14:00:15.406+0000] {dag.py:4180} INFO - Setting next_dagrun for dss150p_sales_pipeline to 2026-09-21 02:00:00+00:00, run_after=2026-09-22 02:00:00+00:00
[2026-09-21T14:00:15.439+0000] {processor.py:208} INFO - Processing /opt/airflow/dags/dss150p_pipeline.py took 0.225 seconds
[2026-09-21T14:00:46.011+0000] {processor.py:186} INFO - Started process (PID=1883) to work on /opt/airflow/dags/dss150p_pipeline.py
[2026-09-21T14:00:46.014+0000] {processor.py:914} INFO - Processing file /opt/airflow/dags/dss150p_pipeline.py for tasks to queue
[2026-09-21T14:00:46.024+0000] {logging_mixin.py:190} INFO - [2026-09-21T14:00:46.020+0000] {dagbag.py:588} INFO - Filling up the DagBag from /opt/airflow/dags/dss150p_pipeline.py
[2026-09-21T14:00:46.094+0000] {processor.py:925} INFO - DAG(s) 'dss150p_sales_pipeline' retrieved from /opt/airflow/dags/dss150p_pipeline.py
[2026-09-21T14:00:46.205+0000] {logging_mixin.py:190} INFO - [2026-09-21T14:00:46.205+0000] {dag.py:3239} INFO - Sync 1 DAGs
[2026-09-21T14:00:46.246+0000] {logging_mixin.py:190} INFO - [2026-09-21T14:00:46.245+0000] {dag.py:4180} INFO - Setting next_dagrun for dss150p_sales_pipeline to 2026-09-21 02:00:00+00:00, run_after=2026-09-22 02:00:00+00:00
[2026-09-21T14:00:46.301+0000] {processor.py:208} INFO - Processing /opt/airflow/dags/dss150p_pipeline.py took 0.326 seconds
[2026-09-21T14:01:16.670+0000] {processor.py:186} INFO - Started process (PID=1888) to work on /opt/airflow/dags/dss150p_pipeline.py
[2026-09-21T14:01:16.674+0000] {processor.py:914} INFO - Processing file /opt/airflow/dags/dss150p_pipeline.py for tasks to queue
[2026-09-21T14:01:16.681+0000] {logging_mixin.py:190} INFO - [2026-09-21T14:01:16.680+0000] {dagbag.py:588} INFO - Filling up the DagBag from /opt/airflow/dags/dss150p_pipeline.py
[2026-09-21T14:01:16.733+0000] {processor.py:925} INFO - DAG(s) 'dss150p_sales_pipeline' retrieved from /opt/airflow/dags/dss150p_pipeline.py
[2026-09-21T14:01:16.848+0000] {logging_mixin.py:190} INFO - [2026-09-21T14:01:16.848+0000] {dag.py:3239} INFO - Sync 1 DAGs
[2026-09-21T14:01:16.893+0000] {logging_mixin.py:190} INFO - [2026-09-21T14:01:16.893+0000] {dag.py:4180} INFO - Setting next_dagrun for dss150p_sales_pipeline to 2026-09-21 02:00:00+00:00, run_after=2026-09-22 02:00:00+00:00
[2026-09-21T14:01:16.930+0000] {processor.py:208} INFO - Processing /opt/airflow/dags/dss150p_pipeline.py took 0.274 seconds
[2026-09-21T14:01:47.176+0000] {processor.py:186} INFO - Started process (PID=1893) to work on /opt/airflow/dags/dss150p_pipeline.py
[2026-09-21T14:01:47.179+0000] {processor.py:914} INFO - Processing file /opt/airflow/dags/dss150p_pipeline.py for tasks to queue
[2026-09-21T14:01:47.186+0000] {logging_mixin.py:190} INFO - [2026-09-21T14:01:47.185+0000] {dagbag.py:588} INFO - Filling up the DagBag from /opt/airflow/dags/dss150p_pipeline.py
[2026-09-21T14:01:47.233+0000] {processor.py:925} INFO - DAG(s) 'dss150p_sales_pipeline' retrieved from /opt/airflow/dags/dss150p_pipeline.py
[2026-09-21T14:01:47.434+0000] {logging_mixin.py:190} INFO - [2026-09-21T14:01:47.433+0000] {dag.py:3239} INFO - Sync 1 DAGs
[2026-09-21T14:01:47.491+0000] {logging_mixin.py:190} INFO - [2026-09-21T14:01:47.491+0000] {dag.py:4180} INFO - Setting next_dagrun for dss150p_sales_pipeline to 2026-09-21 02:00:00+00:00, run_after=2026-09-22 02:00:00+00:00
[2026-09-21T14:01:47.541+0000] {processor.py:208} INFO - Processing /opt/airflow/dags/dss150p_pipeline.py took 0.380 seconds
[2026-09-21T14:02:18.642+0000] {processor.py:186} INFO - Started process (PID=1898) to work on /opt/airflow/dags/dss150p_pipeline.py
[2026-09-21T14:02:18.647+0000] {processor.py:914} INFO - Processing file /opt/airflow/dags/dss150p_pipeline.py for tasks to queue
[2026-09-21T14:02:18.654+0000] {logging_mixin.py:190} INFO - [2026-09-21T14:02:18.653+0000] {dagbag.py:588} INFO - Filling up the DagBag from /opt/airflow/dags/dss150p_pipeline.py
[2026-09-21T14:02:18.718+0000] {processor.py:925} INFO - DAG(s) 'dss150p_sales_pipeline' retrieved from /opt/airflow/dags/dss150p_pipeline.py
[2026-09-21T14:02:18.823+0000] {logging_mixin.py:190} INFO - [2026-09-21T14:02:18.823+0000] {dag.py:3239} INFO - Sync 1 DAGs
[2026-09-21T14:02:18.897+0000] {logging_mixin.py:190} INFO - [2026-09-21T14:02:18.897+0000] {dag.py:4180} INFO - Setting next_dagrun for dss150p_sales_pipeline to 2026-09-21 02:00:00+00:00, run_after=2026-09-22 02:00:00+00:00
[2026-09-21T14:02:18.941+0000] {processor.py:208} INFO - Processing /opt/airflow/dags/dss150p_pipeline.py took 0.315 seconds
[2026-09-21T14:02:50.575+0000] {processor.py:186} INFO - Started process (PID=1903) to work on /opt/airflow/dags/dss150p_pipeline.py
[2026-09-21T14:02:50.665+0000] {processor.py:914} INFO - Processing file /opt/airflow/dags/dss150p_pipeline.py for tasks to queue
[2026-09-21T14:02:50.788+0000] {logging_mixin.py:190} INFO - [2026-09-21T14:02:50.772+0000] {dagbag.py:588} INFO - Filling up the DagBag from /opt/airflow/dags/dss150p_pipeline.py
[2026-09-21T14:02:51.138+0000] {processor.py:925} INFO - DAG(s) 'dss150p_sales_pipeline' retrieved from /opt/airflow/dags/dss150p_pipeline.py
[2026-09-21T14:02:53.708+0000] {logging_mixin.py:190} INFO - [2026-09-21T14:02:53.708+0000] {dag.py:3239} INFO - Sync 1 DAGs
[2026-09-21T14:02:53.960+0000] {logging_mixin.py:190} INFO - [2026-09-21T14:02:53.960+0000] {dag.py:4180} INFO - Setting next_dagrun for dss150p_sales_pipeline to 2026-09-21 02:00:00+00:00, run_after=2026-09-22 02:00:00+00:00
[2026-09-21T14:02:54.119+0000] {processor.py:208} INFO - Processing /opt/airflow/dags/dss150p_pipeline.py took 3.871 seconds
[2026-09-21T14:03:25.120+0000] {processor.py:186} INFO - Started process (PID=1908) to work on /opt/airflow/dags/dss150p_pipeline.py
[2026-09-21T14:03:25.125+0000] {processor.py:914} INFO - Processing file /opt/airflow/dags/dss150p_pipeline.py for tasks to queue
[2026-09-21T14:03:25.132+0000] {logging_mixin.py:190} INFO - [2026-09-21T14:03:25.131+0000] {dagbag.py:588} INFO - Filling up the DagBag from /opt/airflow/dags/dss150p_pipeline.py
[2026-09-21T14:03:25.246+0000] {processor.py:925} INFO - DAG(s) 'dss150p_sales_pipeline' retrieved from /opt/airflow/dags/dss150p_pipeline.py
[2026-09-21T14:03:25.564+0000] {logging_mixin.py:190} INFO - [2026-09-21T14:03:25.564+0000] {dag.py:3239} INFO - Sync 1 DAGs
[2026-09-21T14:03:25.681+0000] {logging_mixin.py:190} INFO - [2026-09-21T14:03:25.680+0000] {dag.py:4180} INFO - Setting next_dagrun for dss150p_sales_pipeline to 2026-09-21 02:00:00+00:00, run_after=2026-09-22 02:00:00+00:00
[2026-09-21T14:03:25.721+0000] {processor.py:208} INFO - Processing /opt/airflow/dags/dss150p_pipeline.py took 0.626 seconds
[2026-09-21T14:03:56.057+0000] {processor.py:186} INFO - Started process (PID=1913) to work on /opt/airflow/dags/dss150p_pipeline.py
[2026-09-21T14:03:56.060+0000] {processor.py:914} INFO - Processing file /opt/airflow/dags/dss150p_pipeline.py for tasks to queue
[2026-09-21T14:03:56.065+0000] {logging_mixin.py:190} INFO - [2026-09-21T14:03:56.065+0000] {dagbag.py:588} INFO - Filling up the DagBag from /opt/airflow/dags/dss150p_pipeline.py
[2026-09-21T14:03:56.127+0000] {processor.py:925} INFO - DAG(s) 'dss150p_sales_pipeline' retrieved from /opt/airflow/dags/dss150p_pipeline.py
[2026-09-21T14:03:56.229+0000] {logging_mixin.py:190} INFO - [2026-09-21T14:03:56.229+0000] {dag.py:3239} INFO - Sync 1 DAGs
[2026-09-21T14:03:56.274+0000] {logging_mixin.py:190} INFO - [2026-09-21T14:03:56.274+0000] {dag.py:4180} INFO - Setting next_dagrun for dss150p_sales_pipeline to 2026-09-21 02:00:00+00:00, run_after=2026-09-22 02:00:00+00:00
[2026-09-21T14:03:56.316+0000] {processor.py:208} INFO - Processing /opt/airflow/dags/dss150p_pipeline.py took 0.274 seconds
[2026-09-21T14:04:26.419+0000] {processor.py:186} INFO - Started process (PID=1918) to work on /opt/airflow/dags/dss150p_pipeline.py
[2026-09-21T14:04:26.425+0000] {processor.py:914} INFO - Processing file /opt/airflow/dags/dss150p_pipeline.py for tasks to queue
[2026-09-21T14:04:26.431+0000] {logging_mixin.py:190} INFO - [2026-09-21T14:04:26.430+0000] {dagbag.py:588} INFO - Filling up the DagBag from /opt/airflow/dags/dss150p_pipeline.py
[2026-09-21T14:04:26.549+0000] {processor.py:925} INFO - DAG(s) 'dss150p_sales_pipeline' retrieved from /opt/airflow/dags/dss150p_pipeline.py
[2026-09-21T14:04:26.663+0000] {logging_mixin.py:190} INFO - [2026-09-21T14:04:26.663+0000] {dag.py:3239} INFO - Sync 1 DAGs
[2026-09-21T14:04:26.716+0000] {logging_mixin.py:190} INFO - [2026-09-21T14:04:26.716+0000] {dag.py:4180} INFO - Setting next_dagrun for dss150p_sales_pipeline to 2026-09-21 02:00:00+00:00, run_after=2026-09-22 02:00:00+00:00
[2026-09-21T14:04:26.758+0000] {processor.py:208} INFO - Processing /opt/airflow/dags/dss150p_pipeline.py took 0.355 seconds
[2026-09-21T14:04:57.672+0000] {processor.py:186} INFO - Started process (PID=1923) to work on /opt/airflow/dags/dss150p_pipeline.py
[2026-09-21T14:04:57.676+0000] {processor.py:914} INFO - Processing file /opt/airflow/dags/dss150p_pipeline.py for tasks to queue
[2026-09-21T14:04:57.685+0000] {logging_mixin.py:190} INFO - [2026-09-21T14:04:57.685+0000] {dagbag.py:588} INFO - Filling up the DagBag from /opt/airflow/dags/dss150p_pipeline.py
[2026-09-21T14:04:57.759+0000] {processor.py:925} INFO - DAG(s) 'dss150p_sales_pipeline' retrieved from /opt/airflow/dags/dss150p_pipeline.py
[2026-09-21T14:04:57.903+0000] {logging_mixin.py:190} INFO - [2026-09-21T14:04:57.901+0000] {dag.py:3239} INFO - Sync 1 DAGs
[2026-09-21T14:04:57.985+0000] {logging_mixin.py:190} INFO - [2026-09-21T14:04:57.984+0000] {dag.py:4180} INFO - Setting next_dagrun for dss150p_sales_pipeline to 2026-09-21 02:00:00+00:00, run_after=2026-09-22 02:00:00+00:00
[2026-09-21T14:04:58.031+0000] {processor.py:208} INFO - Processing /opt/airflow/dags/dss150p_pipeline.py took 0.381 seconds
[2026-09-21T14:05:28.794+0000] {processor.py:186} INFO - Started process (PID=1928) to work on /opt/airflow/dags/dss150p_pipeline.py
[2026-09-21T14:05:28.797+0000] {processor.py:914} INFO - Processing file /opt/airflow/dags/dss150p_pipeline.py for tasks to queue
[2026-09-21T14:05:28.802+0000] {logging_mixin.py:190} INFO - [2026-09-21T14:05:28.802+0000] {dagbag.py:588} INFO - Filling up the DagBag from /opt/airflow/dags/dss150p_pipeline.py
[2026-09-21T14:05:28.857+0000] {processor.py:925} INFO - DAG(s) 'dss150p_sales_pipeline' retrieved from /opt/airflow/dags/dss150p_pipeline.py
[2026-09-21T14:05:28.947+0000] {logging_mixin.py:190} INFO - [2026-09-21T14:05:28.947+0000] {dag.py:3239} INFO - Sync 1 DAGs
[2026-09-21T14:05:28.989+0000] {logging_mixin.py:190} INFO - [2026-09-21T14:05:28.989+0000] {dag.py:4180} INFO - Setting next_dagrun for dss150p_sales_pipeline to 2026-09-21 02:00:00+00:00, run_after=2026-09-22 02:00:00+00:00
[2026-09-21T14:05:29.030+0000] {processor.py:208} INFO - Processing /opt/airflow/dags/dss150p_pipeline.py took 0.249 seconds
[2026-09-21T14:06:00.128+0000] {processor.py:186} INFO - Started process (PID=1933) to work on /opt/airflow/dags/dss150p_pipeline.py
[2026-09-21T14:06:00.133+0000] {processor.py:914} INFO - Processing file /opt/airflow/dags/dss150p_pipeline.py for tasks to queue
[2026-09-21T14:06:00.161+0000] {logging_mixin.py:190} INFO - [2026-09-21T14:06:00.160+0000] {dagbag.py:588} INFO - Filling up the DagBag from /opt/airflow/dags/dss150p_pipeline.py
[2026-09-21T14:06:00.442+0000] {processor.py:925} INFO - DAG(s) 'dss150p_sales_pipeline' retrieved from /opt/airflow/dags/dss150p_pipeline.py
[2026-09-21T14:06:00.609+0000] {logging_mixin.py:190} INFO - [2026-09-21T14:06:00.608+0000] {dag.py:3239} INFO - Sync 1 DAGs
[2026-09-21T14:06:00.654+0000] {logging_mixin.py:190} INFO - [2026-09-21T14:06:00.653+0000] {dag.py:4180} INFO - Setting next_dagrun for dss150p_sales_pipeline to 2026-09-21 02:00:00+00:00, run_after=2026-09-22 02:00:00+00:00
[2026-09-21T14:06:00.692+0000] {processor.py:208} INFO - Processing /opt/airflow/dags/dss150p_pipeline.py took 0.629 seconds
[2026-09-21T14:06:31.650+0000] {processor.py:186} INFO - Started process (PID=1938) to work on /opt/airflow/dags/dss150p_pipeline.py
[2026-09-21T14:06:31.653+0000] {processor.py:914} INFO - Processing file /opt/airflow/dags/dss150p_pipeline.py for tasks to queue
[2026-09-21T14:06:31.660+0000] {logging_mixin.py:190} INFO - [2026-09-21T14:06:31.659+0000] {dagbag.py:588} INFO - Filling up the DagBag from /opt/airflow/dags/dss150p_pipeline.py
[2026-09-21T14:06:31.717+0000] {processor.py:925} INFO - DAG(s) 'dss150p_sales_pipeline' retrieved from /opt/airflow/dags/dss150p_pipeline.py
[2026-09-21T14:06:31.818+0000] {logging_mixin.py:190} INFO - [2026-09-21T14:06:31.817+0000] {dag.py:3239} INFO - Sync 1 DAGs
[2026-09-21T14:06:31.866+0000] {logging_mixin.py:190} INFO - [2026-09-21T14:06:31.866+0000] {dag.py:4180} INFO - Setting next_dagrun for dss150p_sales_pipeline to 2026-09-21 02:00:00+00:00, run_after=2026-09-22 02:00:00+00:00
[2026-09-21T14:06:31.908+0000] {processor.py:208} INFO - Processing /opt/airflow/dags/dss150p_pipeline.py took 0.274 seconds
[2026-09-21T14:07:02.560+0000] {processor.py:186} INFO - Started process (PID=1943) to work on /opt/airflow/dags/dss150p_pipeline.py
[2026-09-21T14:07:02.570+0000] {processor.py:914} INFO - Processing file /opt/airflow/dags/dss150p_pipeline.py for tasks to queue
[2026-09-21T14:07:02.593+0000] {logging_mixin.py:190} INFO - [2026-09-21T14:07:02.592+0000] {dagbag.py:588} INFO - Filling up the DagBag from /opt/airflow/dags/dss150p_pipeline.py
[2026-09-21T14:07:02.805+0000] {processor.py:925} INFO - DAG(s) 'dss150p_sales_pipeline' retrieved from /opt/airflow/dags/dss150p_pipeline.py
[2026-09-21T14:07:03.051+0000] {logging_mixin.py:190} INFO - [2026-09-21T14:07:03.051+0000] {dag.py:3239} INFO - Sync 1 DAGs
[2026-09-21T14:07:03.183+0000] {logging_mixin.py:190} INFO - [2026-09-21T14:07:03.182+0000] {dag.py:4180} INFO - Setting next_dagrun for dss150p_sales_pipeline to 2026-09-21 02:00:00+00:00, run_after=2026-09-22 02:00:00+00:00
[2026-09-21T14:07:03.275+0000] {processor.py:208} INFO - Processing /opt/airflow/dags/dss150p_pipeline.py took 0.769 seconds
[2026-09-21T14:07:33.765+0000] {processor.py:186} INFO - Started process (PID=1948) to work on /opt/airflow/dags/dss150p_pipeline.py
[2026-09-21T14:07:33.772+0000] {processor.py:914} INFO - Processing file /opt/airflow/dags/dss150p_pipeline.py for tasks to queue
[2026-09-21T14:07:33.789+0000] {logging_mixin.py:190} INFO - [2026-09-21T14:07:33.785+0000] {dagbag.py:588} INFO - Filling up the DagBag from /opt/airflow/dags/dss150p_pipeline.py
[2026-09-21T14:07:33.965+0000] {processor.py:925} INFO - DAG(s) 'dss150p_sales_pipeline' retrieved from /opt/airflow/dags/dss150p_pipeline.py
[2026-09-21T14:07:34.646+0000] {logging_mixin.py:190} INFO - [2026-09-21T14:07:34.645+0000] {dag.py:3239} INFO - Sync 1 DAGs
[2026-09-21T14:07:34.843+0000] {logging_mixin.py:190} INFO - [2026-09-21T14:07:34.842+0000] {dag.py:4180} INFO - Setting next_dagrun for dss150p_sales_pipeline to 2026-09-21 02:00:00+00:00, run_after=2026-09-22 02:00:00+00:00
[2026-09-21T14:07:34.938+0000] {processor.py:208} INFO - Processing /opt/airflow/dags/dss150p_pipeline.py took 1.210 seconds
[2026-09-21T14:08:06.013+0000] {processor.py:186} INFO - Started process (PID=1953) to work on /opt/airflow/dags/dss150p_pipeline.py
[2026-09-21T14:08:06.020+0000] {processor.py:914} INFO - Processing file /opt/airflow/dags/dss150p_pipeline.py for tasks to queue
[2026-09-21T14:08:06.080+0000] {logging_mixin.py:190} INFO - [2026-09-21T14:08:06.079+0000] {dagbag.py:588} INFO - Filling up the DagBag from /opt/airflow/dags/dss150p_pipeline.py
[2026-09-21T14:08:06.319+0000] {processor.py:925} INFO - DAG(s) 'dss150p_sales_pipeline' retrieved from /opt/airflow/dags/dss150p_pipeline.py
[2026-09-21T14:08:06.505+0000] {logging_mixin.py:190} INFO - [2026-09-21T14:08:06.504+0000] {dag.py:3239} INFO - Sync 1 DAGs
[2026-09-21T14:08:06.618+0000] {logging_mixin.py:190} INFO - [2026-09-21T14:08:06.617+0000] {dag.py:4180} INFO - Setting next_dagrun for dss150p_sales_pipeline to 2026-09-21 02:00:00+00:00, run_after=2026-09-22 02:00:00+00:00
[2026-09-21T14:08:06.692+0000] {processor.py:208} INFO - Processing /opt/airflow/dags/dss150p_pipeline.py took 0.749 seconds
[2026-09-21T14:08:37.499+0000] {processor.py:186} INFO - Started process (PID=1958) to work on /opt/airflow/dags/dss150p_pipeline.py
[2026-09-21T14:08:37.501+0000] {processor.py:914} INFO - Processing file /opt/airflow/dags/dss150p_pipeline.py for tasks to queue
[2026-09-21T14:08:37.508+0000] {logging_mixin.py:190} INFO - [2026-09-21T14:08:37.507+0000] {dagbag.py:588} INFO - Filling up the DagBag from /opt/airflow/dags/dss150p_pipeline.py
[2026-09-21T14:08:37.557+0000] {processor.py:925} INFO - DAG(s) 'dss150p_sales_pipeline' retrieved from /opt/airflow/dags/dss150p_pipeline.py
[2026-09-21T14:08:37.699+0000] {logging_mixin.py:190} INFO - [2026-09-21T14:08:37.699+0000] {dag.py:3239} INFO - Sync 1 DAGs
[2026-09-21T14:08:37.759+0000] {logging_mixin.py:190} INFO - [2026-09-21T14:08:37.758+0000] {dag.py:4180} INFO - Setting next_dagrun for dss150p_sales_pipeline to 2026-09-21 02:00:00+00:00, run_after=2026-09-22 02:00:00+00:00
[2026-09-21T14:08:37.818+0000] {processor.py:208} INFO - Processing /opt/airflow/dags/dss150p_pipeline.py took 0.339 seconds
[2026-09-21T14:09:08.138+0000] {processor.py:186} INFO - Started process (PID=1963) to work on /opt/airflow/dags/dss150p_pipeline.py
[2026-09-21T14:09:08.141+0000] {processor.py:914} INFO - Processing file /opt/airflow/dags/dss150p_pipeline.py for tasks to queue
[2026-09-21T14:09:08.146+0000] {logging_mixin.py:190} INFO - [2026-09-21T14:09:08.146+0000] {dagbag.py:588} INFO - Filling up the DagBag from /opt/airflow/dags/dss150p_pipeline.py
[2026-09-21T14:09:08.196+0000] {processor.py:925} INFO - DAG(s) 'dss150p_sales_pipeline' retrieved from /opt/airflow/dags/dss150p_pipeline.py
[2026-09-21T14:09:08.348+0000] {logging_mixin.py:190} INFO - [2026-09-21T14:09:08.348+0000] {dag.py:3239} INFO - Sync 1 DAGs
[2026-09-21T14:09:08.422+0000] {logging_mixin.py:190} INFO - [2026-09-21T14:09:08.421+0000] {dag.py:4180} INFO - Setting next_dagrun for dss150p_sales_pipeline to 2026-09-21 02:00:00+00:00, run_after=2026-09-22 02:00:00+00:00
[2026-09-21T14:09:08.470+0000] {processor.py:208} INFO - Processing /opt/airflow/dags/dss150p_pipeline.py took 0.347 seconds
[2026-09-21T14:09:39.044+0000] {processor.py:186} INFO - Started process (PID=1968) to work on /opt/airflow/dags/dss150p_pipeline.py
[2026-09-21T14:09:39.047+0000] {processor.py:914} INFO - Processing file /opt/airflow/dags/dss150p_pipeline.py for tasks to queue
[2026-09-21T14:09:39.054+0000] {logging_mixin.py:190} INFO - [2026-09-21T14:09:39.054+0000] {dagbag.py:588} INFO - Filling up the DagBag from /opt/airflow/dags/dss150p_pipeline.py
[2026-09-21T14:09:39.108+0000] {processor.py:925} INFO - DAG(s) 'dss150p_sales_pipeline' retrieved from /opt/airflow/dags/dss150p_pipeline.py
[2026-09-21T14:09:39.231+0000] {logging_mixin.py:190} INFO - [2026-09-21T14:09:39.230+0000] {dag.py:3239} INFO - Sync 1 DAGs
[2026-09-21T14:09:39.293+0000] {logging_mixin.py:190} INFO - [2026-09-21T14:09:39.292+0000] {dag.py:4180} INFO - Setting next_dagrun for dss150p_sales_pipeline to 2026-09-21 02:00:00+00:00, run_after=2026-09-22 02:00:00+00:00
[2026-09-21T14:09:39.334+0000] {processor.py:208} INFO - Processing /opt/airflow/dags/dss150p_pipeline.py took 0.305 seconds
[2026-09-21T14:10:09.860+0000] {processor.py:186} INFO - Started process (PID=1973) to work on /opt/airflow/dags/dss150p_pipeline.py
[2026-09-21T14:10:09.894+0000] {processor.py:914} INFO - Processing file /opt/airflow/dags/dss150p_pipeline.py for tasks to queue
[2026-09-21T14:10:09.933+0000] {logging_mixin.py:190} INFO - [2026-09-21T14:10:09.932+0000] {dagbag.py:588} INFO - Filling up the DagBag from /opt/airflow/dags/dss150p_pipeline.py
[2026-09-21T14:10:10.287+0000] {processor.py:925} INFO - DAG(s) 'dss150p_sales_pipeline' retrieved from /opt/airflow/dags/dss150p_pipeline.py
[2026-09-21T14:10:10.639+0000] {logging_mixin.py:190} INFO - [2026-09-21T14:10:10.639+0000] {dag.py:3239} INFO - Sync 1 DAGs
[2026-09-21T14:10:10.780+0000] {logging_mixin.py:190} INFO - [2026-09-21T14:10:10.779+0000] {dag.py:4180} INFO - Setting next_dagrun for dss150p_sales_pipeline to 2026-09-21 02:00:00+00:00, run_after=2026-09-22 02:00:00+00:00
[2026-09-21T14:10:10.909+0000] {processor.py:208} INFO - Processing /opt/airflow/dags/dss150p_pipeline.py took 1.075 seconds
[2026-09-21T14:10:42.177+0000] {processor.py:186} INFO - Started process (PID=1978) to work on /opt/airflow/dags/dss150p_pipeline.py
[2026-09-21T14:10:42.184+0000] {processor.py:914} INFO - Processing file /opt/airflow/dags/dss150p_pipeline.py for tasks to queue
[2026-09-21T14:10:42.195+0000] {logging_mixin.py:190} INFO - [2026-09-21T14:10:42.194+0000] {dagbag.py:588} INFO - Filling up the DagBag from /opt/airflow/dags/dss150p_pipeline.py
[2026-09-21T14:10:42.686+0000] {processor.py:925} INFO - DAG(s) 'dss150p_sales_pipeline' retrieved from /opt/airflow/dags/dss150p_pipeline.py
[2026-09-21T14:10:42.989+0000] {logging_mixin.py:190} INFO - [2026-09-21T14:10:42.988+0000] {dag.py:3239} INFO - Sync 1 DAGs
[2026-09-21T14:10:43.062+0000] {logging_mixin.py:190} INFO - [2026-09-21T14:10:43.061+0000] {dag.py:4180} INFO - Setting next_dagrun for dss150p_sales_pipeline to 2026-09-21 02:00:00+00:00, run_after=2026-09-22 02:00:00+00:00
[2026-09-21T14:10:43.170+0000] {processor.py:208} INFO - Processing /opt/airflow/dags/dss150p_pipeline.py took 1.017 seconds
[2026-09-21T14:11:13.853+0000] {processor.py:186} INFO - Started process (PID=1983) to work on /opt/airflow/dags/dss150p_pipeline.py
[2026-09-21T14:11:13.856+0000] {processor.py:914} INFO - Processing file /opt/airflow/dags/dss150p_pipeline.py for tasks to queue
[2026-09-21T14:11:13.862+0000] {logging_mixin.py:190} INFO - [2026-09-21T14:11:13.862+0000] {dagbag.py:588} INFO - Filling up the DagBag from /opt/airflow/dags/dss150p_pipeline.py
[2026-09-21T14:11:13.908+0000] {processor.py:925} INFO - DAG(s) 'dss150p_sales_pipeline' retrieved from /opt/airflow/dags/dss150p_pipeline.py
[2026-09-21T14:11:14.030+0000] {logging_mixin.py:190} INFO - [2026-09-21T14:11:14.030+0000] {dag.py:3239} INFO - Sync 1 DAGs
[2026-09-21T14:11:14.087+0000] {logging_mixin.py:190} INFO - [2026-09-21T14:11:14.087+0000] {dag.py:4180} INFO - Setting next_dagrun for dss150p_sales_pipeline to 2026-09-21 02:00:00+00:00, run_after=2026-09-22 02:00:00+00:00
[2026-09-21T14:11:14.132+0000] {processor.py:208} INFO - Processing /opt/airflow/dags/dss150p_pipeline.py took 0.294 seconds
[2026-09-21T14:11:44.282+0000] {processor.py:186} INFO - Started process (PID=1988) to work on /opt/airflow/dags/dss150p_pipeline.py
[2026-09-21T14:11:44.287+0000] {processor.py:914} INFO - Processing file /opt/airflow/dags/dss150p_pipeline.py for tasks to queue
[2026-09-21T14:11:44.292+0000] {logging_mixin.py:190} INFO - [2026-09-21T14:11:44.292+0000] {dagbag.py:588} INFO - Filling up the DagBag from /opt/airflow/dags/dss150p_pipeline.py
[2026-09-21T14:11:44.355+0000] {processor.py:925} INFO - DAG(s) 'dss150p_sales_pipeline' retrieved from /opt/airflow/dags/dss150p_pipeline.py
[2026-09-21T14:11:44.526+0000] {logging_mixin.py:190} INFO - [2026-09-21T14:11:44.525+0000] {dag.py:3239} INFO - Sync 1 DAGs
[2026-09-21T14:11:44.632+0000] {logging_mixin.py:190} INFO - [2026-09-21T14:11:44.630+0000] {dag.py:4180} INFO - Setting next_dagrun for dss150p_sales_pipeline to 2026-09-21 02:00:00+00:00, run_after=2026-09-22 02:00:00+00:00
[2026-09-21T14:11:44.686+0000] {processor.py:208} INFO - Processing /opt/airflow/dags/dss150p_pipeline.py took 0.418 seconds
[2026-09-21T14:12:15.728+0000] {processor.py:186} INFO - Started process (PID=1993) to work on /opt/airflow/dags/dss150p_pipeline.py
[2026-09-21T14:12:15.730+0000] {processor.py:914} INFO - Processing file /opt/airflow/dags/dss150p_pipeline.py for tasks to queue
[2026-09-21T14:12:15.738+0000] {logging_mixin.py:190} INFO - [2026-09-21T14:12:15.737+0000] {dagbag.py:588} INFO - Filling up the DagBag from /opt/airflow/dags/dss150p_pipeline.py
[2026-09-21T14:12:15.833+0000] {processor.py:925} INFO - DAG(s) 'dss150p_sales_pipeline' retrieved from /opt/airflow/dags/dss150p_pipeline.py
[2026-09-21T14:12:16.103+0000] {logging_mixin.py:190} INFO - [2026-09-21T14:12:16.102+0000] {dag.py:3239} INFO - Sync 1 DAGs
[2026-09-21T14:12:16.195+0000] {logging_mixin.py:190} INFO - [2026-09-21T14:12:16.194+0000] {dag.py:4180} INFO - Setting next_dagrun for dss150p_sales_pipeline to 2026-09-21 02:00:00+00:00, run_after=2026-09-22 02:00:00+00:00
[2026-09-21T14:12:16.244+0000] {processor.py:208} INFO - Processing /opt/airflow/dags/dss150p_pipeline.py took 0.531 seconds
[2026-09-21T14:12:46.646+0000] {processor.py:186} INFO - Started process (PID=1998) to work on /opt/airflow/dags/dss150p_pipeline.py
[2026-09-21T14:12:46.651+0000] {processor.py:914} INFO - Processing file /opt/airflow/dags/dss150p_pipeline.py for tasks to queue
[2026-09-21T14:12:46.667+0000] {logging_mixin.py:190} INFO - [2026-09-21T14:12:46.664+0000] {dagbag.py:588} INFO - Filling up the DagBag from /opt/airflow/dags/dss150p_pipeline.py
[2026-09-21T14:12:46.760+0000] {processor.py:925} INFO - DAG(s) 'dss150p_sales_pipeline' retrieved from /opt/airflow/dags/dss150p_pipeline.py
[2026-09-21T14:12:46.967+0000] {logging_mixin.py:190} INFO - [2026-09-21T14:12:46.966+0000] {dag.py:3239} INFO - Sync 1 DAGs
[2026-09-21T14:12:47.049+0000] {logging_mixin.py:190} INFO - [2026-09-21T14:12:47.049+0000] {dag.py:4180} INFO - Setting next_dagrun for dss150p_sales_pipeline to 2026-09-21 02:00:00+00:00, run_after=2026-09-22 02:00:00+00:00
[2026-09-21T14:12:47.101+0000] {processor.py:208} INFO - Processing /opt/airflow/dags/dss150p_pipeline.py took 0.507 seconds
[2026-09-21T14:13:17.647+0000] {processor.py:186} INFO - Started process (PID=2003) to work on /opt/airflow/dags/dss150p_pipeline.py
[2026-09-21T14:13:17.650+0000] {processor.py:914} INFO - Processing file /opt/airflow/dags/dss150p_pipeline.py for tasks to queue
[2026-09-21T14:13:17.660+0000] {logging_mixin.py:190} INFO - [2026-09-21T14:13:17.658+0000] {dagbag.py:588} INFO - Filling up the DagBag from /opt/airflow/dags/dss150p_pipeline.py
[2026-09-21T14:13:17.728+0000] {processor.py:925} INFO - DAG(s) 'dss150p_sales_pipeline' retrieved from /opt/airflow/dags/dss150p_pipeline.py
[2026-09-21T14:13:18.022+0000] {logging_mixin.py:190} INFO - [2026-09-21T14:13:18.022+0000] {dag.py:3239} INFO - Sync 1 DAGs
[2026-09-21T14:13:18.303+0000] {logging_mixin.py:190} INFO - [2026-09-21T14:13:18.301+0000] {dag.py:4180} INFO - Setting next_dagrun for dss150p_sales_pipeline to 2026-09-21 02:00:00+00:00, run_after=2026-09-22 02:00:00+00:00
[2026-09-21T14:13:18.441+0000] {processor.py:208} INFO - Processing /opt/airflow/dags/dss150p_pipeline.py took 0.816 seconds
[2026-09-21T14:13:49.246+0000] {processor.py:186} INFO - Started process (PID=2008) to work on /opt/airflow/dags/dss150p_pipeline.py
[2026-09-21T14:13:49.289+0000] {processor.py:914} INFO - Processing file /opt/airflow/dags/dss150p_pipeline.py for tasks to queue
[2026-09-21T14:13:49.373+0000] {logging_mixin.py:190} INFO - [2026-09-21T14:13:49.372+0000] {dagbag.py:588} INFO - Filling up the DagBag from /opt/airflow/dags/dss150p_pipeline.py
[2026-09-21T14:13:49.738+0000] {processor.py:925} INFO - DAG(s) 'dss150p_sales_pipeline' retrieved from /opt/airflow/dags/dss150p_pipeline.py
[2026-09-21T14:13:49.982+0000] {logging_mixin.py:190} INFO - [2026-09-21T14:13:49.981+0000] {dag.py:3239} INFO - Sync 1 DAGs
[2026-09-21T14:13:50.061+0000] {logging_mixin.py:190} INFO - [2026-09-21T14:13:50.060+0000] {dag.py:4180} INFO - Setting next_dagrun for dss150p_sales_pipeline to 2026-09-21 02:00:00+00:00, run_after=2026-09-22 02:00:00+00:00
[2026-09-21T14:13:50.121+0000] {processor.py:208} INFO - Processing /opt/airflow/dags/dss150p_pipeline.py took 0.912 seconds
[2026-09-21T14:14:20.597+0000] {processor.py:186} INFO - Started process (PID=2013) to work on /opt/airflow/dags/dss150p_pipeline.py
[2026-09-21T14:14:20.600+0000] {processor.py:914} INFO - Processing file /opt/airflow/dags/dss150p_pipeline.py for tasks to queue
[2026-09-21T14:14:20.605+0000] {logging_mixin.py:190} INFO - [2026-09-21T14:14:20.605+0000] {dagbag.py:588} INFO - Filling up the DagBag from /opt/airflow/dags/dss150p_pipeline.py
[2026-09-21T14:14:20.657+0000] {processor.py:925} INFO - DAG(s) 'dss150p_sales_pipeline' retrieved from /opt/airflow/dags/dss150p_pipeline.py
[2026-09-21T14:14:20.747+0000] {logging_mixin.py:190} INFO - [2026-09-21T14:14:20.747+0000] {dag.py:3239} INFO - Sync 1 DAGs
[2026-09-21T14:14:20.786+0000] {logging_mixin.py:190} INFO - [2026-09-21T14:14:20.786+0000] {dag.py:4180} INFO - Setting next_dagrun for dss150p_sales_pipeline to 2026-09-21 02:00:00+00:00, run_after=2026-09-22 02:00:00+00:00
[2026-09-21T14:14:20.817+0000] {processor.py:208} INFO - Processing /opt/airflow/dags/dss150p_pipeline.py took 0.232 seconds
[2026-09-21T14:14:51.318+0000] {processor.py:186} INFO - Started process (PID=2018) to work on /opt/airflow/dags/dss150p_pipeline.py
[2026-09-21T14:14:51.321+0000] {processor.py:914} INFO - Processing file /opt/airflow/dags/dss150p_pipeline.py for tasks to queue
[2026-09-21T14:14:51.327+0000] {logging_mixin.py:190} INFO - [2026-09-21T14:14:51.326+0000] {dagbag.py:588} INFO - Filling up the DagBag from /opt/airflow/dags/dss150p_pipeline.py
[2026-09-21T14:14:51.385+0000] {processor.py:925} INFO - DAG(s) 'dss150p_sales_pipeline' retrieved from /opt/airflow/dags/dss150p_pipeline.py
[2026-09-21T14:14:51.497+0000] {logging_mixin.py:190} INFO - [2026-09-21T14:14:51.496+0000] {dag.py:3239} INFO - Sync 1 DAGs
[2026-09-21T14:14:51.554+0000] {logging_mixin.py:190} INFO - [2026-09-21T14:14:51.554+0000] {dag.py:4180} INFO - Setting next_dagrun for dss150p_sales_pipeline to 2026-09-21 02:00:00+00:00, run_after=2026-09-22 02:00:00+00:00
[2026-09-21T14:14:51.596+0000] {processor.py:208} INFO - Processing /opt/airflow/dags/dss150p_pipeline.py took 0.294 seconds
[2026-09-21T14:15:21.860+0000] {processor.py:186} INFO - Started process (PID=2023) to work on /opt/airflow/dags/dss150p_pipeline.py
[2026-09-21T14:15:21.867+0000] {processor.py:914} INFO - Processing file /opt/airflow/dags/dss150p_pipeline.py for tasks to queue
[2026-09-21T14:15:21.881+0000] {logging_mixin.py:190} INFO - [2026-09-21T14:15:21.880+0000] {dagbag.py:588} INFO - Filling up the DagBag from /opt/airflow/dags/dss150p_pipeline.py
[2026-09-21T14:15:21.942+0000] {processor.py:925} INFO - DAG(s) 'dss150p_sales_pipeline' retrieved from /opt/airflow/dags/dss150p_pipeline.py
[2026-09-21T14:15:22.064+0000] {logging_mixin.py:190} INFO - [2026-09-21T14:15:22.063+0000] {dag.py:3239} INFO - Sync 1 DAGs
[2026-09-21T14:15:22.120+0000] {logging_mixin.py:190} INFO - [2026-09-21T14:15:22.119+0000] {dag.py:4180} INFO - Setting next_dagrun for dss150p_sales_pipeline to 2026-09-21 02:00:00+00:00, run_after=2026-09-22 02:00:00+00:00
[2026-09-21T14:15:22.161+0000] {processor.py:208} INFO - Processing /opt/airflow/dags/dss150p_pipeline.py took 0.338 seconds
[2026-09-21T14:15:53.247+0000] {processor.py:186} INFO - Started process (PID=2028) to work on /opt/airflow/dags/dss150p_pipeline.py
[2026-09-21T14:15:53.252+0000] {processor.py:914} INFO - Processing file /opt/airflow/dags/dss150p_pipeline.py for tasks to queue
[2026-09-21T14:15:53.263+0000] {logging_mixin.py:190} INFO - [2026-09-21T14:15:53.262+0000] {dagbag.py:588} INFO - Filling up the DagBag from /opt/airflow/dags/dss150p_pipeline.py
[2026-09-21T14:15:53.339+0000] {processor.py:925} INFO - DAG(s) 'dss150p_sales_pipeline' retrieved from /opt/airflow/dags/dss150p_pipeline.py
[2026-09-21T14:15:53.510+0000] {logging_mixin.py:190} INFO - [2026-09-21T14:15:53.509+0000] {dag.py:3239} INFO - Sync 1 DAGs
[2026-09-21T14:15:53.607+0000] {logging_mixin.py:190} INFO - [2026-09-21T14:15:53.607+0000] {dag.py:4180} INFO - Setting next_dagrun for dss150p_sales_pipeline to 2026-09-21 02:00:00+00:00, run_after=2026-09-22 02:00:00+00:00
[2026-09-21T14:15:53.689+0000] {processor.py:208} INFO - Processing /opt/airflow/dags/dss150p_pipeline.py took 0.468 seconds
[2026-09-21T14:16:23.816+0000] {processor.py:186} INFO - Started process (PID=2033) to work on /opt/airflow/dags/dss150p_pipeline.py
[2026-09-21T14:16:23.819+0000] {processor.py:914} INFO - Processing file /opt/airflow/dags/dss150p_pipeline.py for tasks to queue
[2026-09-21T14:16:23.830+0000] {logging_mixin.py:190} INFO - [2026-09-21T14:16:23.825+0000] {dagbag.py:588} INFO - Filling up the DagBag from /opt/airflow/dags/dss150p_pipeline.py
[2026-09-21T14:16:23.886+0000] {processor.py:925} INFO - DAG(s) 'dss150p_sales_pipeline' retrieved from /opt/airflow/dags/dss150p_pipeline.py
[2026-09-21T14:16:24.040+0000] {logging_mixin.py:190} INFO - [2026-09-21T14:16:24.039+0000] {dag.py:3239} INFO - Sync 1 DAGs
[2026-09-21T14:16:24.166+0000] {logging_mixin.py:190} INFO - [2026-09-21T14:16:24.155+0000] {dag.py:4180} INFO - Setting next_dagrun for dss150p_sales_pipeline to 2026-09-21 02:00:00+00:00, run_after=2026-09-22 02:00:00+00:00
[2026-09-21T14:16:24.274+0000] {processor.py:208} INFO - Processing /opt/airflow/dags/dss150p_pipeline.py took 0.473 seconds
[2026-09-21T14:16:54.807+0000] {processor.py:186} INFO - Started process (PID=2073) to work on /opt/airflow/dags/dss150p_pipeline.py
[2026-09-21T14:16:54.815+0000] {processor.py:914} INFO - Processing file /opt/airflow/dags/dss150p_pipeline.py for tasks to queue
[2026-09-21T14:16:54.845+0000] {logging_mixin.py:190} INFO - [2026-09-21T14:16:54.841+0000] {dagbag.py:588} INFO - Filling up the DagBag from /opt/airflow/dags/dss150p_pipeline.py
[2026-09-21T14:16:54.947+0000] {processor.py:925} INFO - DAG(s) 'dss150p_sales_pipeline' retrieved from /opt/airflow/dags/dss150p_pipeline.py
[2026-09-21T14:16:55.099+0000] {logging_mixin.py:190} INFO - [2026-09-21T14:16:55.099+0000] {dag.py:3239} INFO - Sync 1 DAGs
[2026-09-21T14:16:55.172+0000] {logging_mixin.py:190} INFO - [2026-09-21T14:16:55.171+0000] {dag.py:4180} INFO - Setting next_dagrun for dss150p_sales_pipeline to 2026-09-21 02:00:00+00:00, run_after=2026-09-22 02:00:00+00:00
[2026-09-21T14:16:55.219+0000] {processor.py:208} INFO - Processing /opt/airflow/dags/dss150p_pipeline.py took 0.486 seconds
[2026-09-21T14:17:25.597+0000] {processor.py:186} INFO - Started process (PID=2078) to work on /opt/airflow/dags/dss150p_pipeline.py
[2026-09-21T14:17:25.600+0000] {processor.py:914} INFO - Processing file /opt/airflow/dags/dss150p_pipeline.py for tasks to queue
[2026-09-21T14:17:25.605+0000] {logging_mixin.py:190} INFO - [2026-09-21T14:17:25.605+0000] {dagbag.py:588} INFO - Filling up the DagBag from /opt/airflow/dags/dss150p_pipeline.py
[2026-09-21T14:17:25.667+0000] {processor.py:925} INFO - DAG(s) 'dss150p_sales_pipeline' retrieved from /opt/airflow/dags/dss150p_pipeline.py
[2026-09-21T14:17:25.786+0000] {logging_mixin.py:190} INFO - [2026-09-21T14:17:25.785+0000] {dag.py:3239} INFO - Sync 1 DAGs
[2026-09-21T14:17:25.831+0000] {logging_mixin.py:190} INFO - [2026-09-21T14:17:25.831+0000] {dag.py:4180} INFO - Setting next_dagrun for dss150p_sales_pipeline to 2026-09-21 02:00:00+00:00, run_after=2026-09-22 02:00:00+00:00
[2026-09-21T14:17:25.866+0000] {processor.py:208} INFO - Processing /opt/airflow/dags/dss150p_pipeline.py took 0.285 seconds
[2026-09-21T14:17:56.216+0000] {processor.py:186} INFO - Started process (PID=2083) to work on /opt/airflow/dags/dss150p_pipeline.py
[2026-09-21T14:17:56.226+0000] {processor.py:914} INFO - Processing file /opt/airflow/dags/dss150p_pipeline.py for tasks to queue
[2026-09-21T14:17:56.237+0000] {logging_mixin.py:190} INFO - [2026-09-21T14:17:56.236+0000] {dagbag.py:588} INFO - Filling up the DagBag from /opt/airflow/dags/dss150p_pipeline.py
[2026-09-21T14:17:56.437+0000] {processor.py:925} INFO - DAG(s) 'dss150p_sales_pipeline' retrieved from /opt/airflow/dags/dss150p_pipeline.py
[2026-09-21T14:17:56.699+0000] {logging_mixin.py:190} INFO - [2026-09-21T14:17:56.698+0000] {dag.py:3239} INFO - Sync 1 DAGs
[2026-09-21T14:17:56.805+0000] {logging_mixin.py:190} INFO - [2026-09-21T14:17:56.804+0000] {dag.py:4180} INFO - Setting next_dagrun for dss150p_sales_pipeline to 2026-09-21 02:00:00+00:00, run_after=2026-09-22 02:00:00+00:00
[2026-09-21T14:17:56.904+0000] {processor.py:208} INFO - Processing /opt/airflow/dags/dss150p_pipeline.py took 0.741 seconds
[2026-09-21T14:18:27.645+0000] {processor.py:186} INFO - Started process (PID=2096) to work on /opt/airflow/dags/dss150p_pipeline.py
[2026-09-21T14:18:27.649+0000] {processor.py:914} INFO - Processing file /opt/airflow/dags/dss150p_pipeline.py for tasks to queue
[2026-09-21T14:18:27.662+0000] {logging_mixin.py:190} INFO - [2026-09-21T14:18:27.662+0000] {dagbag.py:588} INFO - Filling up the DagBag from /opt/airflow/dags/dss150p_pipeline.py
[2026-09-21T14:18:27.816+0000] {processor.py:925} INFO - DAG(s) 'dss150p_sales_pipeline' retrieved from /opt/airflow/dags/dss150p_pipeline.py
[2026-09-21T14:18:28.258+0000] {logging_mixin.py:190} INFO - [2026-09-21T14:18:28.258+0000] {dag.py:3239} INFO - Sync 1 DAGs
[2026-09-21T14:18:28.453+0000] {logging_mixin.py:190} INFO - [2026-09-21T14:18:28.452+0000] {dag.py:4180} INFO - Setting next_dagrun for dss150p_sales_pipeline to 2026-09-21 02:00:00+00:00, run_after=2026-09-22 02:00:00+00:00
[2026-09-21T14:18:28.616+0000] {processor.py:208} INFO - Processing /opt/airflow/dags/dss150p_pipeline.py took 1.007 seconds
[2026-09-21T14:18:59.573+0000] {processor.py:186} INFO - Started process (PID=2101) to work on /opt/airflow/dags/dss150p_pipeline.py
[2026-09-21T14:18:59.587+0000] {processor.py:914} INFO - Processing file /opt/airflow/dags/dss150p_pipeline.py for tasks to queue
[2026-09-21T14:18:59.603+0000] {logging_mixin.py:190} INFO - [2026-09-21T14:18:59.600+0000] {dagbag.py:588} INFO - Filling up the DagBag from /opt/airflow/dags/dss150p_pipeline.py
[2026-09-21T14:18:59.719+0000] {processor.py:925} INFO - DAG(s) 'dss150p_sales_pipeline' retrieved from /opt/airflow/dags/dss150p_pipeline.py
[2026-09-21T14:19:00.040+0000] {logging_mixin.py:190} INFO - [2026-09-21T14:19:00.040+0000] {dag.py:3239} INFO - Sync 1 DAGs
[2026-09-21T14:19:00.212+0000] {logging_mixin.py:190} INFO - [2026-09-21T14:19:00.211+0000] {dag.py:4180} INFO - Setting next_dagrun for dss150p_sales_pipeline to 2026-09-21 02:00:00+00:00, run_after=2026-09-22 02:00:00+00:00
[2026-09-21T14:19:00.380+0000] {processor.py:208} INFO - Processing /opt/airflow/dags/dss150p_pipeline.py took 0.847 seconds
[2026-09-21T14:19:31.588+0000] {processor.py:186} INFO - Started process (PID=2114) to work on /opt/airflow/dags/dss150p_pipeline.py
[2026-09-21T14:19:31.616+0000] {processor.py:914} INFO - Processing file /opt/airflow/dags/dss150p_pipeline.py for tasks to queue
[2026-09-21T14:19:31.632+0000] {logging_mixin.py:190} INFO - [2026-09-21T14:19:31.631+0000] {dagbag.py:588} INFO - Filling up the DagBag from /opt/airflow/dags/dss150p_pipeline.py
[2026-09-21T14:19:31.729+0000] {processor.py:925} INFO - DAG(s) 'dss150p_sales_pipeline' retrieved from /opt/airflow/dags/dss150p_pipeline.py
[2026-09-21T14:19:31.940+0000] {logging_mixin.py:190} INFO - [2026-09-21T14:19:31.939+0000] {dag.py:3239} INFO - Sync 1 DAGs
[2026-09-21T14:19:32.011+0000] {logging_mixin.py:190} INFO - [2026-09-21T14:19:32.010+0000] {dag.py:4180} INFO - Setting next_dagrun for dss150p_sales_pipeline to 2026-09-21 02:00:00+00:00, run_after=2026-09-22 02:00:00+00:00
[2026-09-21T14:19:32.052+0000] {processor.py:208} INFO - Processing /opt/airflow/dags/dss150p_pipeline.py took 0.518 seconds
[2026-09-21T14:20:02.607+0000] {processor.py:186} INFO - Started process (PID=2119) to work on /opt/airflow/dags/dss150p_pipeline.py
[2026-09-21T14:20:02.610+0000] {processor.py:914} INFO - Processing file /opt/airflow/dags/dss150p_pipeline.py for tasks to queue
[2026-09-21T14:20:02.615+0000] {logging_mixin.py:190} INFO - [2026-09-21T14:20:02.614+0000] {dagbag.py:588} INFO - Filling up the DagBag from /opt/airflow/dags/dss150p_pipeline.py
[2026-09-21T14:20:02.697+0000] {processor.py:925} INFO - DAG(s) 'dss150p_sales_pipeline' retrieved from /opt/airflow/dags/dss150p_pipeline.py
[2026-09-21T14:20:02.974+0000] {logging_mixin.py:190} INFO - [2026-09-21T14:20:02.973+0000] {dag.py:3239} INFO - Sync 1 DAGs
[2026-09-21T14:20:03.073+0000] {logging_mixin.py:190} INFO - [2026-09-21T14:20:03.072+0000] {dag.py:4180} INFO - Setting next_dagrun for dss150p_sales_pipeline to 2026-09-21 02:00:00+00:00, run_after=2026-09-22 02:00:00+00:00
[2026-09-21T14:20:03.224+0000] {processor.py:208} INFO - Processing /opt/airflow/dags/dss150p_pipeline.py took 0.657 seconds
[2026-09-21T14:20:33.636+0000] {processor.py:186} INFO - Started process (PID=2124) to work on /opt/airflow/dags/dss150p_pipeline.py
[2026-09-21T14:20:33.638+0000] {processor.py:914} INFO - Processing file /opt/airflow/dags/dss150p_pipeline.py for tasks to queue
[2026-09-21T14:20:33.644+0000] {logging_mixin.py:190} INFO - [2026-09-21T14:20:33.644+0000] {dagbag.py:588} INFO - Filling up the DagBag from /opt/airflow/dags/dss150p_pipeline.py
[2026-09-21T14:20:33.700+0000] {processor.py:925} INFO - DAG(s) 'dss150p_sales_pipeline' retrieved from /opt/airflow/dags/dss150p_pipeline.py
[2026-09-21T14:20:33.795+0000] {logging_mixin.py:190} INFO - [2026-09-21T14:20:33.795+0000] {dag.py:3239} INFO - Sync 1 DAGs
[2026-09-21T14:20:33.832+0000] {logging_mixin.py:190} INFO - [2026-09-21T14:20:33.832+0000] {dag.py:4180} INFO - Setting next_dagrun for dss150p_sales_pipeline to 2026-09-21 02:00:00+00:00, run_after=2026-09-22 02:00:00+00:00
[2026-09-21T14:20:33.865+0000] {processor.py:208} INFO - Processing /opt/airflow/dags/dss150p_pipeline.py took 0.241 seconds
[2026-09-21T14:21:04.002+0000] {processor.py:186} INFO - Started process (PID=2129) to work on /opt/airflow/dags/dss150p_pipeline.py
[2026-09-21T14:21:04.005+0000] {processor.py:914} INFO - Processing file /opt/airflow/dags/dss150p_pipeline.py for tasks to queue
[2026-09-21T14:21:04.013+0000] {logging_mixin.py:190} INFO - [2026-09-21T14:21:04.012+0000] {dagbag.py:588} INFO - Filling up the DagBag from /opt/airflow/dags/dss150p_pipeline.py
[2026-09-21T14:21:04.063+0000] {processor.py:925} INFO - DAG(s) 'dss150p_sales_pipeline' retrieved from /opt/airflow/dags/dss150p_pipeline.py
[2026-09-21T14:21:04.152+0000] {logging_mixin.py:190} INFO - [2026-09-21T14:21:04.151+0000] {dag.py:3239} INFO - Sync 1 DAGs
[2026-09-21T14:21:04.200+0000] {logging_mixin.py:190} INFO - [2026-09-21T14:21:04.200+0000] {dag.py:4180} INFO - Setting next_dagrun for dss150p_sales_pipeline to 2026-09-21 02:00:00+00:00, run_after=2026-09-22 02:00:00+00:00
[2026-09-21T14:21:04.237+0000] {processor.py:208} INFO - Processing /opt/airflow/dags/dss150p_pipeline.py took 0.252 seconds
[2026-09-21T14:21:34.890+0000] {processor.py:186} INFO - Started process (PID=2134) to work on /opt/airflow/dags/dss150p_pipeline.py
[2026-09-21T14:21:34.896+0000] {processor.py:914} INFO - Processing file /opt/airflow/dags/dss150p_pipeline.py for tasks to queue
[2026-09-21T14:21:34.912+0000] {logging_mixin.py:190} INFO - [2026-09-21T14:21:34.911+0000] {dagbag.py:588} INFO - Filling up the DagBag from /opt/airflow/dags/dss150p_pipeline.py
[2026-09-21T14:21:35.048+0000] {processor.py:925} INFO - DAG(s) 'dss150p_sales_pipeline' retrieved from /opt/airflow/dags/dss150p_pipeline.py
[2026-09-21T14:21:35.247+0000] {logging_mixin.py:190} INFO - [2026-09-21T14:21:35.246+0000] {dag.py:3239} INFO - Sync 1 DAGs
[2026-09-21T14:21:35.300+0000] {logging_mixin.py:190} INFO - [2026-09-21T14:21:35.299+0000] {dag.py:4180} INFO - Setting next_dagrun for dss150p_sales_pipeline to 2026-09-21 02:00:00+00:00, run_after=2026-09-22 02:00:00+00:00
[2026-09-21T14:21:35.337+0000] {processor.py:208} INFO - Processing /opt/airflow/dags/dss150p_pipeline.py took 0.490 seconds
[2026-09-21T14:22:05.894+0000] {processor.py:186} INFO - Started process (PID=2139) to work on /opt/airflow/dags/dss150p_pipeline.py
[2026-09-21T14:22:05.903+0000] {processor.py:914} INFO - Processing file /opt/airflow/dags/dss150p_pipeline.py for tasks to queue
[2026-09-21T14:22:05.924+0000] {logging_mixin.py:190} INFO - [2026-09-21T14:22:05.923+0000] {dagbag.py:588} INFO - Filling up the DagBag from /opt/airflow/dags/dss150p_pipeline.py
[2026-09-21T14:22:06.107+0000] {processor.py:925} INFO - DAG(s) 'dss150p_sales_pipeline' retrieved from /opt/airflow/dags/dss150p_pipeline.py
[2026-09-21T14:22:06.301+0000] {logging_mixin.py:190} INFO - [2026-09-21T14:22:06.301+0000] {dag.py:3239} INFO - Sync 1 DAGs
[2026-09-21T14:22:06.432+0000] {logging_mixin.py:190} INFO - [2026-09-21T14:22:06.432+0000] {dag.py:4180} INFO - Setting next_dagrun for dss150p_sales_pipeline to 2026-09-21 02:00:00+00:00, run_after=2026-09-22 02:00:00+00:00
[2026-09-21T14:22:06.514+0000] {processor.py:208} INFO - Processing /opt/airflow/dags/dss150p_pipeline.py took 0.654 seconds
[2026-09-21T14:22:36.617+0000] {processor.py:186} INFO - Started process (PID=2144) to work on /opt/airflow/dags/dss150p_pipeline.py
[2026-09-21T14:22:36.620+0000] {processor.py:914} INFO - Processing file /opt/airflow/dags/dss150p_pipeline.py for tasks to queue
[2026-09-21T14:22:36.624+0000] {logging_mixin.py:190} INFO - [2026-09-21T14:22:36.624+0000] {dagbag.py:588} INFO - Filling up the DagBag from /opt/airflow/dags/dss150p_pipeline.py
[2026-09-21T14:22:36.664+0000] {processor.py:925} INFO - DAG(s) 'dss150p_sales_pipeline' retrieved from /opt/airflow/dags/dss150p_pipeline.py
[2026-09-21T14:22:36.770+0000] {logging_mixin.py:190} INFO - [2026-09-21T14:22:36.770+0000] {dag.py:3239} INFO - Sync 1 DAGs
[2026-09-21T14:22:36.819+0000] {logging_mixin.py:190} INFO - [2026-09-21T14:22:36.818+0000] {dag.py:4180} INFO - Setting next_dagrun for dss150p_sales_pipeline to 2026-09-21 02:00:00+00:00, run_after=2026-09-22 02:00:00+00:00
[2026-09-21T14:22:36.865+0000] {processor.py:208} INFO - Processing /opt/airflow/dags/dss150p_pipeline.py took 0.261 seconds
[2026-09-21T14:23:07.210+0000] {processor.py:186} INFO - Started process (PID=2149) to work on /opt/airflow/dags/dss150p_pipeline.py
[2026-09-21T14:23:07.212+0000] {processor.py:914} INFO - Processing file /opt/airflow/dags/dss150p_pipeline.py for tasks to queue
[2026-09-21T14:23:07.217+0000] {logging_mixin.py:190} INFO - [2026-09-21T14:23:07.217+0000] {dagbag.py:588} INFO - Filling up the DagBag from /opt/airflow/dags/dss150p_pipeline.py
[2026-09-21T14:23:07.280+0000] {processor.py:925} INFO - DAG(s) 'dss150p_sales_pipeline' retrieved from /opt/airflow/dags/dss150p_pipeline.py
[2026-09-21T14:23:07.522+0000] {logging_mixin.py:190} INFO - [2026-09-21T14:23:07.522+0000] {dag.py:3239} INFO - Sync 1 DAGs
[2026-09-21T14:23:07.693+0000] {logging_mixin.py:190} INFO - [2026-09-21T14:23:07.692+0000] {dag.py:4180} INFO - Setting next_dagrun for dss150p_sales_pipeline to 2026-09-21 02:00:00+00:00, run_after=2026-09-22 02:00:00+00:00
[2026-09-21T14:23:07.748+0000] {processor.py:208} INFO - Processing /opt/airflow/dags/dss150p_pipeline.py took 0.553 seconds
[2026-09-21T14:23:38.209+0000] {processor.py:186} INFO - Started process (PID=2154) to work on /opt/airflow/dags/dss150p_pipeline.py
[2026-09-21T14:23:38.213+0000] {processor.py:914} INFO - Processing file /opt/airflow/dags/dss150p_pipeline.py for tasks to queue
[2026-09-21T14:23:38.234+0000] {logging_mixin.py:190} INFO - [2026-09-21T14:23:38.233+0000] {dagbag.py:588} INFO - Filling up the DagBag from /opt/airflow/dags/dss150p_pipeline.py
[2026-09-21T14:23:38.313+0000] {processor.py:925} INFO - DAG(s) 'dss150p_sales_pipeline' retrieved from /opt/airflow/dags/dss150p_pipeline.py
[2026-09-21T14:23:38.732+0000] {logging_mixin.py:190} INFO - [2026-09-21T14:23:38.731+0000] {dag.py:3239} INFO - Sync 1 DAGs
[2026-09-21T14:23:39.142+0000] {logging_mixin.py:190} INFO - [2026-09-21T14:23:39.141+0000] {dag.py:4180} INFO - Setting next_dagrun for dss150p_sales_pipeline to 2026-09-21 02:00:00+00:00, run_after=2026-09-22 02:00:00+00:00
[2026-09-21T14:23:39.366+0000] {processor.py:208} INFO - Processing /opt/airflow/dags/dss150p_pipeline.py took 1.178 seconds
[2026-09-21T14:24:10.164+0000] {processor.py:186} INFO - Started process (PID=2159) to work on /opt/airflow/dags/dss150p_pipeline.py
[2026-09-21T14:24:10.168+0000] {processor.py:914} INFO - Processing file /opt/airflow/dags/dss150p_pipeline.py for tasks to queue
[2026-09-21T14:24:10.184+0000] {logging_mixin.py:190} INFO - [2026-09-21T14:24:10.183+0000] {dagbag.py:588} INFO - Filling up the DagBag from /opt/airflow/dags/dss150p_pipeline.py
[2026-09-21T14:24:10.336+0000] {processor.py:925} INFO - DAG(s) 'dss150p_sales_pipeline' retrieved from /opt/airflow/dags/dss150p_pipeline.py
[2026-09-21T14:24:10.570+0000] {logging_mixin.py:190} INFO - [2026-09-21T14:24:10.569+0000] {dag.py:3239} INFO - Sync 1 DAGs
[2026-09-21T14:24:10.656+0000] {logging_mixin.py:190} INFO - [2026-09-21T14:24:10.655+0000] {dag.py:4180} INFO - Setting next_dagrun for dss150p_sales_pipeline to 2026-09-21 02:00:00+00:00, run_after=2026-09-22 02:00:00+00:00
[2026-09-21T14:24:10.745+0000] {processor.py:208} INFO - Processing /opt/airflow/dags/dss150p_pipeline.py took 0.617 seconds
[2026-09-21T14:24:43.909+0000] {processor.py:186} INFO - Started process (PID=2164) to work on /opt/airflow/dags/dss150p_pipeline.py
[2026-09-21T14:24:44.069+0000] {processor.py:914} INFO - Processing file /opt/airflow/dags/dss150p_pipeline.py for tasks to queue
[2026-09-21T14:24:44.133+0000] {logging_mixin.py:190} INFO - [2026-09-21T14:24:44.126+0000] {dagbag.py:588} INFO - Filling up the DagBag from /opt/airflow/dags/dss150p_pipeline.py
[2026-09-21T14:24:45.328+0000] {processor.py:925} INFO - DAG(s) 'dss150p_sales_pipeline' retrieved from /opt/airflow/dags/dss150p_pipeline.py
[2026-09-21T14:24:46.212+0000] {logging_mixin.py:190} INFO - [2026-09-21T14:24:46.211+0000] {dag.py:3239} INFO - Sync 1 DAGs
[2026-09-21T14:24:46.861+0000] {logging_mixin.py:190} INFO - [2026-09-21T14:24:46.860+0000] {dag.py:4180} INFO - Setting next_dagrun for dss150p_sales_pipeline to 2026-09-21 02:00:00+00:00, run_after=2026-09-22 02:00:00+00:00
[2026-09-21T14:24:47.068+0000] {processor.py:208} INFO - Processing /opt/airflow/dags/dss150p_pipeline.py took 3.345 seconds
[2026-09-21T14:25:17.453+0000] {processor.py:186} INFO - Started process (PID=2169) to work on /opt/airflow/dags/dss150p_pipeline.py
[2026-09-21T14:25:17.470+0000] {processor.py:914} INFO - Processing file /opt/airflow/dags/dss150p_pipeline.py for tasks to queue
[2026-09-21T14:25:17.490+0000] {logging_mixin.py:190} INFO - [2026-09-21T14:25:17.489+0000] {dagbag.py:588} INFO - Filling up the DagBag from /opt/airflow/dags/dss150p_pipeline.py
[2026-09-21T14:25:17.635+0000] {processor.py:925} INFO - DAG(s) 'dss150p_sales_pipeline' retrieved from /opt/airflow/dags/dss150p_pipeline.py
[2026-09-21T14:25:17.772+0000] {logging_mixin.py:190} INFO - [2026-09-21T14:25:17.771+0000] {dag.py:3239} INFO - Sync 1 DAGs
[2026-09-21T14:25:17.845+0000] {logging_mixin.py:190} INFO - [2026-09-21T14:25:17.844+0000] {dag.py:4180} INFO - Setting next_dagrun for dss150p_sales_pipeline to 2026-09-21 02:00:00+00:00, run_after=2026-09-22 02:00:00+00:00
[2026-09-21T14:25:17.887+0000] {processor.py:208} INFO - Processing /opt/airflow/dags/dss150p_pipeline.py took 0.477 seconds
[2026-09-21T14:25:48.058+0000] {processor.py:186} INFO - Started process (PID=2174) to work on /opt/airflow/dags/dss150p_pipeline.py
[2026-09-21T14:25:48.061+0000] {processor.py:914} INFO - Processing file /opt/airflow/dags/dss150p_pipeline.py for tasks to queue
[2026-09-21T14:25:48.069+0000] {logging_mixin.py:190} INFO - [2026-09-21T14:25:48.068+0000] {dagbag.py:588} INFO - Filling up the DagBag from /opt/airflow/dags/dss150p_pipeline.py
[2026-09-21T14:25:48.121+0000] {processor.py:925} INFO - DAG(s) 'dss150p_sales_pipeline' retrieved from /opt/airflow/dags/dss150p_pipeline.py
[2026-09-21T14:25:48.218+0000] {logging_mixin.py:190} INFO - [2026-09-21T14:25:48.217+0000] {dag.py:3239} INFO - Sync 1 DAGs
[2026-09-21T14:25:48.294+0000] {logging_mixin.py:190} INFO - [2026-09-21T14:25:48.293+0000] {dag.py:4180} INFO - Setting next_dagrun for dss150p_sales_pipeline to 2026-09-21 02:00:00+00:00, run_after=2026-09-22 02:00:00+00:00
[2026-09-21T14:25:48.357+0000] {processor.py:208} INFO - Processing /opt/airflow/dags/dss150p_pipeline.py took 0.318 seconds
[2026-09-21T14:26:19.509+0000] {processor.py:186} INFO - Started process (PID=2179) to work on /opt/airflow/dags/dss150p_pipeline.py
[2026-09-21T14:26:19.512+0000] {processor.py:914} INFO - Processing file /opt/airflow/dags/dss150p_pipeline.py for tasks to queue
[2026-09-21T14:26:19.547+0000] {logging_mixin.py:190} INFO - [2026-09-21T14:26:19.540+0000] {dagbag.py:588} INFO - Filling up the DagBag from /opt/airflow/dags/dss150p_pipeline.py
[2026-09-21T14:26:19.653+0000] {processor.py:925} INFO - DAG(s) 'dss150p_sales_pipeline' retrieved from /opt/airflow/dags/dss150p_pipeline.py
[2026-09-21T14:26:19.840+0000] {logging_mixin.py:190} INFO - [2026-09-21T14:26:19.839+0000] {dag.py:3239} INFO - Sync 1 DAGs
[2026-09-21T14:26:19.882+0000] {logging_mixin.py:190} INFO - [2026-09-21T14:26:19.882+0000] {dag.py:4180} INFO - Setting next_dagrun for dss150p_sales_pipeline to 2026-09-21 02:00:00+00:00, run_after=2026-09-22 02:00:00+00:00
[2026-09-21T14:26:19.914+0000] {processor.py:208} INFO - Processing /opt/airflow/dags/dss150p_pipeline.py took 0.430 seconds
[2026-09-21T14:26:50.067+0000] {processor.py:186} INFO - Started process (PID=2184) to work on /opt/airflow/dags/dss150p_pipeline.py
[2026-09-21T14:26:50.076+0000] {processor.py:914} INFO - Processing file /opt/airflow/dags/dss150p_pipeline.py for tasks to queue
[2026-09-21T14:26:50.085+0000] {logging_mixin.py:190} INFO - [2026-09-21T14:26:50.084+0000] {dagbag.py:588} INFO - Filling up the DagBag from /opt/airflow/dags/dss150p_pipeline.py
[2026-09-21T14:26:50.164+0000] {processor.py:925} INFO - DAG(s) 'dss150p_sales_pipeline' retrieved from /opt/airflow/dags/dss150p_pipeline.py
[2026-09-21T14:26:50.375+0000] {logging_mixin.py:190} INFO - [2026-09-21T14:26:50.374+0000] {dag.py:3239} INFO - Sync 1 DAGs
[2026-09-21T14:26:50.476+0000] {logging_mixin.py:190} INFO - [2026-09-21T14:26:50.476+0000] {dag.py:4180} INFO - Setting next_dagrun for dss150p_sales_pipeline to 2026-09-21 02:00:00+00:00, run_after=2026-09-22 02:00:00+00:00
[2026-09-21T14:26:50.536+0000] {processor.py:208} INFO - Processing /opt/airflow/dags/dss150p_pipeline.py took 0.492 seconds
[2026-09-21T14:27:20.696+0000] {processor.py:186} INFO - Started process (PID=2189) to work on /opt/airflow/dags/dss150p_pipeline.py
[2026-09-21T14:27:20.699+0000] {processor.py:914} INFO - Processing file /opt/airflow/dags/dss150p_pipeline.py for tasks to queue
[2026-09-21T14:27:20.707+0000] {logging_mixin.py:190} INFO - [2026-09-21T14:27:20.706+0000] {dagbag.py:588} INFO - Filling up the DagBag from /opt/airflow/dags/dss150p_pipeline.py
[2026-09-21T14:27:20.768+0000] {processor.py:925} INFO - DAG(s) 'dss150p_sales_pipeline' retrieved from /opt/airflow/dags/dss150p_pipeline.py
[2026-09-21T14:27:20.919+0000] {logging_mixin.py:190} INFO - [2026-09-21T14:27:20.919+0000] {dag.py:3239} INFO - Sync 1 DAGs
[2026-09-21T14:27:20.987+0000] {logging_mixin.py:190} INFO - [2026-09-21T14:27:20.986+0000] {dag.py:4180} INFO - Setting next_dagrun for dss150p_sales_pipeline to 2026-09-21 02:00:00+00:00, run_after=2026-09-22 02:00:00+00:00
[2026-09-21T14:27:21.035+0000] {processor.py:208} INFO - Processing /opt/airflow/dags/dss150p_pipeline.py took 0.361 seconds
[2026-09-21T14:27:51.583+0000] {processor.py:186} INFO - Started process (PID=2194) to work on /opt/airflow/dags/dss150p_pipeline.py
[2026-09-21T14:27:51.586+0000] {processor.py:914} INFO - Processing file /opt/airflow/dags/dss150p_pipeline.py for tasks to queue
[2026-09-21T14:27:51.595+0000] {logging_mixin.py:190} INFO - [2026-09-21T14:27:51.594+0000] {dagbag.py:588} INFO - Filling up the DagBag from /opt/airflow/dags/dss150p_pipeline.py
[2026-09-21T14:27:51.750+0000] {processor.py:925} INFO - DAG(s) 'dss150p_sales_pipeline' retrieved from /opt/airflow/dags/dss150p_pipeline.py
[2026-09-21T14:27:52.057+0000] {logging_mixin.py:190} INFO - [2026-09-21T14:27:52.050+0000] {dag.py:3239} INFO - Sync 1 DAGs
[2026-09-21T14:27:52.140+0000] {logging_mixin.py:190} INFO - [2026-09-21T14:27:52.139+0000] {dag.py:4180} INFO - Setting next_dagrun for dss150p_sales_pipeline to 2026-09-21 02:00:00+00:00, run_after=2026-09-22 02:00:00+00:00
[2026-09-21T14:27:52.181+0000] {processor.py:208} INFO - Processing /opt/airflow/dags/dss150p_pipeline.py took 0.617 seconds
[2026-09-21T14:28:22.298+0000] {processor.py:186} INFO - Started process (PID=2199) to work on /opt/airflow/dags/dss150p_pipeline.py
[2026-09-21T14:28:22.301+0000] {processor.py:914} INFO - Processing file /opt/airflow/dags/dss150p_pipeline.py for tasks to queue
[2026-09-21T14:28:22.307+0000] {logging_mixin.py:190} INFO - [2026-09-21T14:28:22.306+0000] {dagbag.py:588} INFO - Filling up the DagBag from /opt/airflow/dags/dss150p_pipeline.py
[2026-09-21T14:28:22.357+0000] {processor.py:925} INFO - DAG(s) 'dss150p_sales_pipeline' retrieved from /opt/airflow/dags/dss150p_pipeline.py
[2026-09-21T14:28:22.467+0000] {logging_mixin.py:190} INFO - [2026-09-21T14:28:22.467+0000] {dag.py:3239} INFO - Sync 1 DAGs
[2026-09-21T14:28:22.596+0000] {logging_mixin.py:190} INFO - [2026-09-21T14:28:22.594+0000] {dag.py:4180} INFO - Setting next_dagrun for dss150p_sales_pipeline to 2026-09-21 02:00:00+00:00, run_after=2026-09-22 02:00:00+00:00
[2026-09-21T14:28:22.715+0000] {processor.py:208} INFO - Processing /opt/airflow/dags/dss150p_pipeline.py took 0.430 seconds
[2026-09-21T14:28:53.829+0000] {processor.py:186} INFO - Started process (PID=2204) to work on /opt/airflow/dags/dss150p_pipeline.py
[2026-09-21T14:28:53.833+0000] {processor.py:914} INFO - Processing file /opt/airflow/dags/dss150p_pipeline.py for tasks to queue
[2026-09-21T14:28:53.871+0000] {logging_mixin.py:190} INFO - [2026-09-21T14:28:53.870+0000] {dagbag.py:588} INFO - Filling up the DagBag from /opt/airflow/dags/dss150p_pipeline.py
[2026-09-21T14:28:54.160+0000] {processor.py:925} INFO - DAG(s) 'dss150p_sales_pipeline' retrieved from /opt/airflow/dags/dss150p_pipeline.py
[2026-09-21T14:28:54.422+0000] {logging_mixin.py:190} INFO - [2026-09-21T14:28:54.422+0000] {dag.py:3239} INFO - Sync 1 DAGs
[2026-09-21T14:28:54.532+0000] {logging_mixin.py:190} INFO - [2026-09-21T14:28:54.532+0000] {dag.py:4180} INFO - Setting next_dagrun for dss150p_sales_pipeline to 2026-09-21 02:00:00+00:00, run_after=2026-09-22 02:00:00+00:00
[2026-09-21T14:28:54.642+0000] {processor.py:208} INFO - Processing /opt/airflow/dags/dss150p_pipeline.py took 0.851 seconds
[2026-09-21T14:29:25.459+0000] {processor.py:186} INFO - Started process (PID=2209) to work on /opt/airflow/dags/dss150p_pipeline.py
[2026-09-21T14:29:25.463+0000] {processor.py:914} INFO - Processing file /opt/airflow/dags/dss150p_pipeline.py for tasks to queue
[2026-09-21T14:29:25.473+0000] {logging_mixin.py:190} INFO - [2026-09-21T14:29:25.472+0000] {dagbag.py:588} INFO - Filling up the DagBag from /opt/airflow/dags/dss150p_pipeline.py
[2026-09-21T14:29:25.539+0000] {processor.py:925} INFO - DAG(s) 'dss150p_sales_pipeline' retrieved from /opt/airflow/dags/dss150p_pipeline.py
[2026-09-21T14:29:25.722+0000] {logging_mixin.py:190} INFO - [2026-09-21T14:29:25.722+0000] {dag.py:3239} INFO - Sync 1 DAGs
[2026-09-21T14:29:25.965+0000] {logging_mixin.py:190} INFO - [2026-09-21T14:29:25.964+0000] {dag.py:4180} INFO - Setting next_dagrun for dss150p_sales_pipeline to 2026-09-21 02:00:00+00:00, run_after=2026-09-22 02:00:00+00:00
[2026-09-21T14:29:26.288+0000] {processor.py:208} INFO - Processing /opt/airflow/dags/dss150p_pipeline.py took 0.847 seconds
[2026-09-21T14:29:57.373+0000] {processor.py:186} INFO - Started process (PID=2214) to work on /opt/airflow/dags/dss150p_pipeline.py
[2026-09-21T14:29:57.387+0000] {processor.py:914} INFO - Processing file /opt/airflow/dags/dss150p_pipeline.py for tasks to queue
[2026-09-21T14:29:57.395+0000] {logging_mixin.py:190} INFO - [2026-09-21T14:29:57.394+0000] {dagbag.py:588} INFO - Filling up the DagBag from /opt/airflow/dags/dss150p_pipeline.py
[2026-09-21T14:29:57.460+0000] {processor.py:925} INFO - DAG(s) 'dss150p_sales_pipeline' retrieved from /opt/airflow/dags/dss150p_pipeline.py
[2026-09-21T14:29:57.567+0000] {logging_mixin.py:190} INFO - [2026-09-21T14:29:57.567+0000] {dag.py:3239} INFO - Sync 1 DAGs
[2026-09-21T14:29:57.664+0000] {logging_mixin.py:190} INFO - [2026-09-21T14:29:57.664+0000] {dag.py:4180} INFO - Setting next_dagrun for dss150p_sales_pipeline to 2026-09-21 02:00:00+00:00, run_after=2026-09-22 02:00:00+00:00
[2026-09-21T14:29:57.706+0000] {processor.py:208} INFO - Processing /opt/airflow/dags/dss150p_pipeline.py took 0.348 seconds
[2026-09-21T14:30:28.144+0000] {processor.py:186} INFO - Started process (PID=2219) to work on /opt/airflow/dags/dss150p_pipeline.py
[2026-09-21T14:30:28.147+0000] {processor.py:914} INFO - Processing file /opt/airflow/dags/dss150p_pipeline.py for tasks to queue
[2026-09-21T14:30:28.153+0000] {logging_mixin.py:190} INFO - [2026-09-21T14:30:28.152+0000] {dagbag.py:588} INFO - Filling up the DagBag from /opt/airflow/dags/dss150p_pipeline.py
[2026-09-21T14:30:28.196+0000] {processor.py:925} INFO - DAG(s) 'dss150p_sales_pipeline' retrieved from /opt/airflow/dags/dss150p_pipeline.py
[2026-09-21T14:30:28.277+0000] {logging_mixin.py:190} INFO - [2026-09-21T14:30:28.277+0000] {dag.py:3239} INFO - Sync 1 DAGs
[2026-09-21T14:30:28.314+0000] {logging_mixin.py:190} INFO - [2026-09-21T14:30:28.314+0000] {dag.py:4180} INFO - Setting next_dagrun for dss150p_sales_pipeline to 2026-09-21 02:00:00+00:00, run_after=2026-09-22 02:00:00+00:00
[2026-09-21T14:30:28.348+0000] {processor.py:208} INFO - Processing /opt/airflow/dags/dss150p_pipeline.py took 0.219 seconds
[2026-09-21T14:30:58.505+0000] {processor.py:186} INFO - Started process (PID=2224) to work on /opt/airflow/dags/dss150p_pipeline.py
[2026-09-21T14:30:58.508+0000] {processor.py:914} INFO - Processing file /opt/airflow/dags/dss150p_pipeline.py for tasks to queue
[2026-09-21T14:30:58.513+0000] {logging_mixin.py:190} INFO - [2026-09-21T14:30:58.512+0000] {dagbag.py:588} INFO - Filling up the DagBag from /opt/airflow/dags/dss150p_pipeline.py
[2026-09-21T14:30:58.561+0000] {processor.py:925} INFO - DAG(s) 'dss150p_sales_pipeline' retrieved from /opt/airflow/dags/dss150p_pipeline.py
[2026-09-21T14:30:58.646+0000] {logging_mixin.py:190} INFO - [2026-09-21T14:30:58.645+0000] {dag.py:3239} INFO - Sync 1 DAGs
[2026-09-21T14:30:58.690+0000] {logging_mixin.py:190} INFO - [2026-09-21T14:30:58.690+0000] {dag.py:4180} INFO - Setting next_dagrun for dss150p_sales_pipeline to 2026-09-21 02:00:00+00:00, run_after=2026-09-22 02:00:00+00:00
[2026-09-21T14:30:58.727+0000] {processor.py:208} INFO - Processing /opt/airflow/dags/dss150p_pipeline.py took 0.233 seconds
[2026-09-21T14:31:29.493+0000] {processor.py:186} INFO - Started process (PID=2229) to work on /opt/airflow/dags/dss150p_pipeline.py
[2026-09-21T14:31:29.496+0000] {processor.py:914} INFO - Processing file /opt/airflow/dags/dss150p_pipeline.py for tasks to queue
[2026-09-21T14:31:29.502+0000] {logging_mixin.py:190} INFO - [2026-09-21T14:31:29.502+0000] {dagbag.py:588} INFO - Filling up the DagBag from /opt/airflow/dags/dss150p_pipeline.py
[2026-09-21T14:31:29.564+0000] {processor.py:925} INFO - DAG(s) 'dss150p_sales_pipeline' retrieved from /opt/airflow/dags/dss150p_pipeline.py
[2026-09-21T14:31:29.695+0000] {logging_mixin.py:190} INFO - [2026-09-21T14:31:29.694+0000] {dag.py:3239} INFO - Sync 1 DAGs
[2026-09-21T14:31:29.778+0000] {logging_mixin.py:190} INFO - [2026-09-21T14:31:29.774+0000] {dag.py:4180} INFO - Setting next_dagrun for dss150p_sales_pipeline to 2026-09-21 02:00:00+00:00, run_after=2026-09-22 02:00:00+00:00
[2026-09-21T14:31:29.868+0000] {processor.py:208} INFO - Processing /opt/airflow/dags/dss150p_pipeline.py took 0.395 seconds
[2026-09-21T14:32:00.344+0000] {processor.py:186} INFO - Started process (PID=2234) to work on /opt/airflow/dags/dss150p_pipeline.py
[2026-09-21T14:32:00.347+0000] {processor.py:914} INFO - Processing file /opt/airflow/dags/dss150p_pipeline.py for tasks to queue
[2026-09-21T14:32:00.353+0000] {logging_mixin.py:190} INFO - [2026-09-21T14:32:00.353+0000] {dagbag.py:588} INFO - Filling up the DagBag from /opt/airflow/dags/dss150p_pipeline.py
[2026-09-21T14:32:00.404+0000] {processor.py:925} INFO - DAG(s) 'dss150p_sales_pipeline' retrieved from /opt/airflow/dags/dss150p_pipeline.py
[2026-09-21T14:32:00.500+0000] {logging_mixin.py:190} INFO - [2026-09-21T14:32:00.499+0000] {dag.py:3239} INFO - Sync 1 DAGs
[2026-09-21T14:32:00.548+0000] {logging_mixin.py:190} INFO - [2026-09-21T14:32:00.548+0000] {dag.py:4180} INFO - Setting next_dagrun for dss150p_sales_pipeline to 2026-09-21 02:00:00+00:00, run_after=2026-09-22 02:00:00+00:00
[2026-09-21T14:32:00.583+0000] {processor.py:208} INFO - Processing /opt/airflow/dags/dss150p_pipeline.py took 0.255 seconds
[2026-09-21T14:32:30.918+0000] {processor.py:186} INFO - Started process (PID=2239) to work on /opt/airflow/dags/dss150p_pipeline.py
[2026-09-21T14:32:30.922+0000] {processor.py:914} INFO - Processing file /opt/airflow/dags/dss150p_pipeline.py for tasks to queue
[2026-09-21T14:32:30.932+0000] {logging_mixin.py:190} INFO - [2026-09-21T14:32:30.931+0000] {dagbag.py:588} INFO - Filling up the DagBag from /opt/airflow/dags/dss150p_pipeline.py
[2026-09-21T14:32:30.996+0000] {processor.py:925} INFO - DAG(s) 'dss150p_sales_pipeline' retrieved from /opt/airflow/dags/dss150p_pipeline.py
[2026-09-21T14:32:31.115+0000] {logging_mixin.py:190} INFO - [2026-09-21T14:32:31.115+0000] {dag.py:3239} INFO - Sync 1 DAGs
[2026-09-21T14:32:31.173+0000] {logging_mixin.py:190} INFO - [2026-09-21T14:32:31.172+0000] {dag.py:4180} INFO - Setting next_dagrun for dss150p_sales_pipeline to 2026-09-21 02:00:00+00:00, run_after=2026-09-22 02:00:00+00:00
[2026-09-21T14:32:31.218+0000] {processor.py:208} INFO - Processing /opt/airflow/dags/dss150p_pipeline.py took 0.324 seconds
[2026-09-21T14:33:01.753+0000] {processor.py:186} INFO - Started process (PID=2244) to work on /opt/airflow/dags/dss150p_pipeline.py
[2026-09-21T14:33:01.759+0000] {processor.py:914} INFO - Processing file /opt/airflow/dags/dss150p_pipeline.py for tasks to queue
[2026-09-21T14:33:01.801+0000] {logging_mixin.py:190} INFO - [2026-09-21T14:33:01.789+0000] {dagbag.py:588} INFO - Filling up the DagBag from /opt/airflow/dags/dss150p_pipeline.py
[2026-09-21T14:33:02.184+0000] {processor.py:925} INFO - DAG(s) 'dss150p_sales_pipeline' retrieved from /opt/airflow/dags/dss150p_pipeline.py
[2026-09-21T14:33:02.512+0000] {logging_mixin.py:190} INFO - [2026-09-21T14:33:02.512+0000] {dag.py:3239} INFO - Sync 1 DAGs
[2026-09-21T14:33:02.670+0000] {logging_mixin.py:190} INFO - [2026-09-21T14:33:02.670+0000] {dag.py:4180} INFO - Setting next_dagrun for dss150p_sales_pipeline to 2026-09-21 02:00:00+00:00, run_after=2026-09-22 02:00:00+00:00
[2026-09-21T14:33:02.766+0000] {processor.py:208} INFO - Processing /opt/airflow/dags/dss150p_pipeline.py took 1.054 seconds
[2026-09-21T14:33:33.962+0000] {processor.py:186} INFO - Started process (PID=2260) to work on /opt/airflow/dags/dss150p_pipeline.py
[2026-09-21T14:33:33.967+0000] {processor.py:914} INFO - Processing file /opt/airflow/dags/dss150p_pipeline.py for tasks to queue
[2026-09-21T14:33:33.975+0000] {logging_mixin.py:190} INFO - [2026-09-21T14:33:33.974+0000] {dagbag.py:588} INFO - Filling up the DagBag from /opt/airflow/dags/dss150p_pipeline.py
[2026-09-21T14:33:34.114+0000] {processor.py:925} INFO - DAG(s) 'dss150p_sales_pipeline' retrieved from /opt/airflow/dags/dss150p_pipeline.py
[2026-09-21T14:33:34.451+0000] {logging_mixin.py:190} INFO - [2026-09-21T14:33:34.451+0000] {dag.py:3239} INFO - Sync 1 DAGs
[2026-09-21T14:33:34.654+0000] {logging_mixin.py:190} INFO - [2026-09-21T14:33:34.654+0000] {dag.py:4180} INFO - Setting next_dagrun for dss150p_sales_pipeline to 2026-09-21 02:00:00+00:00, run_after=2026-09-22 02:00:00+00:00
[2026-09-21T14:33:34.875+0000] {processor.py:208} INFO - Processing /opt/airflow/dags/dss150p_pipeline.py took 0.938 seconds
[2026-09-21T14:34:05.812+0000] {processor.py:186} INFO - Started process (PID=2293) to work on /opt/airflow/dags/dss150p_pipeline.py
[2026-09-21T14:34:05.821+0000] {processor.py:914} INFO - Processing file /opt/airflow/dags/dss150p_pipeline.py for tasks to queue
[2026-09-21T14:34:05.831+0000] {logging_mixin.py:190} INFO - [2026-09-21T14:34:05.830+0000] {dagbag.py:588} INFO - Filling up the DagBag from /opt/airflow/dags/dss150p_pipeline.py
[2026-09-21T14:34:05.911+0000] {processor.py:925} INFO - DAG(s) 'dss150p_sales_pipeline' retrieved from /opt/airflow/dags/dss150p_pipeline.py
[2026-09-21T14:34:06.228+0000] {logging_mixin.py:190} INFO - [2026-09-21T14:34:06.227+0000] {dag.py:3239} INFO - Sync 1 DAGs
[2026-09-21T14:34:06.326+0000] {logging_mixin.py:190} INFO - [2026-09-21T14:34:06.325+0000] {dag.py:4180} INFO - Setting next_dagrun for dss150p_sales_pipeline to 2026-09-21 02:00:00+00:00, run_after=2026-09-22 02:00:00+00:00
[2026-09-21T14:34:06.404+0000] {processor.py:208} INFO - Processing /opt/airflow/dags/dss150p_pipeline.py took 0.621 seconds
[2026-09-21T14:34:36.800+0000] {processor.py:186} INFO - Started process (PID=2306) to work on /opt/airflow/dags/dss150p_pipeline.py
[2026-09-21T14:34:36.813+0000] {processor.py:914} INFO - Processing file /opt/airflow/dags/dss150p_pipeline.py for tasks to queue
[2026-09-21T14:34:36.840+0000] {logging_mixin.py:190} INFO - [2026-09-21T14:34:36.832+0000] {dagbag.py:588} INFO - Filling up the DagBag from /opt/airflow/dags/dss150p_pipeline.py
[2026-09-21T14:34:37.390+0000] {processor.py:925} INFO - DAG(s) 'dss150p_sales_pipeline' retrieved from /opt/airflow/dags/dss150p_pipeline.py
[2026-09-21T14:34:37.998+0000] {logging_mixin.py:190} INFO - [2026-09-21T14:34:37.997+0000] {dag.py:3239} INFO - Sync 1 DAGs
[2026-09-21T14:34:38.335+0000] {logging_mixin.py:190} INFO - [2026-09-21T14:34:38.334+0000] {dag.py:4180} INFO - Setting next_dagrun for dss150p_sales_pipeline to 2026-09-21 02:00:00+00:00, run_after=2026-09-22 02:00:00+00:00
[2026-09-21T14:34:38.505+0000] {processor.py:208} INFO - Processing /opt/airflow/dags/dss150p_pipeline.py took 1.748 seconds
[2026-09-21T14:35:09.148+0000] {processor.py:186} INFO - Started process (PID=2311) to work on /opt/airflow/dags/dss150p_pipeline.py
[2026-09-21T14:35:09.154+0000] {processor.py:914} INFO - Processing file /opt/airflow/dags/dss150p_pipeline.py for tasks to queue
[2026-09-21T14:35:09.165+0000] {logging_mixin.py:190} INFO - [2026-09-21T14:35:09.164+0000] {dagbag.py:588} INFO - Filling up the DagBag from /opt/airflow/dags/dss150p_pipeline.py
[2026-09-21T14:35:09.239+0000] {processor.py:925} INFO - DAG(s) 'dss150p_sales_pipeline' retrieved from /opt/airflow/dags/dss150p_pipeline.py
[2026-09-21T14:35:09.505+0000] {logging_mixin.py:190} INFO - [2026-09-21T14:35:09.494+0000] {dag.py:3239} INFO - Sync 1 DAGs
[2026-09-21T14:35:09.609+0000] {logging_mixin.py:190} INFO - [2026-09-21T14:35:09.608+0000] {dag.py:4180} INFO - Setting next_dagrun for dss150p_sales_pipeline to 2026-09-21 02:00:00+00:00, run_after=2026-09-22 02:00:00+00:00
[2026-09-21T14:35:09.711+0000] {processor.py:208} INFO - Processing /opt/airflow/dags/dss150p_pipeline.py took 0.602 seconds
[2026-09-21T14:35:40.178+0000] {processor.py:186} INFO - Started process (PID=2317) to work on /opt/airflow/dags/dss150p_pipeline.py
[2026-09-21T14:35:40.181+0000] {processor.py:914} INFO - Processing file /opt/airflow/dags/dss150p_pipeline.py for tasks to queue
[2026-09-21T14:35:40.187+0000] {logging_mixin.py:190} INFO - [2026-09-21T14:35:40.187+0000] {dagbag.py:588} INFO - Filling up the DagBag from /opt/airflow/dags/dss150p_pipeline.py
[2026-09-21T14:35:40.254+0000] {processor.py:925} INFO - DAG(s) 'dss150p_sales_pipeline' retrieved from /opt/airflow/dags/dss150p_pipeline.py
[2026-09-21T14:35:40.389+0000] {logging_mixin.py:190} INFO - [2026-09-21T14:35:40.388+0000] {dag.py:3239} INFO - Sync 1 DAGs
[2026-09-21T14:35:40.454+0000] {logging_mixin.py:190} INFO - [2026-09-21T14:35:40.454+0000] {dag.py:4180} INFO - Setting next_dagrun for dss150p_sales_pipeline to 2026-09-21 02:00:00+00:00, run_after=2026-09-22 02:00:00+00:00
[2026-09-21T14:35:40.494+0000] {processor.py:208} INFO - Processing /opt/airflow/dags/dss150p_pipeline.py took 0.336 seconds
[2026-09-21T14:36:10.876+0000] {processor.py:186} INFO - Started process (PID=2329) to work on /opt/airflow/dags/dss150p_pipeline.py
[2026-09-21T14:36:10.880+0000] {processor.py:914} INFO - Processing file /opt/airflow/dags/dss150p_pipeline.py for tasks to queue
[2026-09-21T14:36:10.892+0000] {logging_mixin.py:190} INFO - [2026-09-21T14:36:10.891+0000] {dagbag.py:588} INFO - Filling up the DagBag from /opt/airflow/dags/dss150p_pipeline.py
[2026-09-21T14:36:11.015+0000] {processor.py:925} INFO - DAG(s) 'dss150p_sales_pipeline' retrieved from /opt/airflow/dags/dss150p_pipeline.py
[2026-09-21T14:36:11.262+0000] {logging_mixin.py:190} INFO - [2026-09-21T14:36:11.261+0000] {dag.py:3239} INFO - Sync 1 DAGs
[2026-09-21T14:36:11.413+0000] {logging_mixin.py:190} INFO - [2026-09-21T14:36:11.413+0000] {dag.py:4180} INFO - Setting next_dagrun for dss150p_sales_pipeline to 2026-09-21 02:00:00+00:00, run_after=2026-09-22 02:00:00+00:00
[2026-09-21T14:36:11.542+0000] {processor.py:208} INFO - Processing /opt/airflow/dags/dss150p_pipeline.py took 0.691 seconds
[2026-09-21T14:36:42.207+0000] {processor.py:186} INFO - Started process (PID=2334) to work on /opt/airflow/dags/dss150p_pipeline.py
[2026-09-21T14:36:42.210+0000] {processor.py:914} INFO - Processing file /opt/airflow/dags/dss150p_pipeline.py for tasks to queue
[2026-09-21T14:36:42.218+0000] {logging_mixin.py:190} INFO - [2026-09-21T14:36:42.217+0000] {dagbag.py:588} INFO - Filling up the DagBag from /opt/airflow/dags/dss150p_pipeline.py
[2026-09-21T14:36:42.364+0000] {processor.py:925} INFO - DAG(s) 'dss150p_sales_pipeline' retrieved from /opt/airflow/dags/dss150p_pipeline.py
[2026-09-21T14:36:42.602+0000] {logging_mixin.py:190} INFO - [2026-09-21T14:36:42.602+0000] {dag.py:3239} INFO - Sync 1 DAGs
[2026-09-21T14:36:42.720+0000] {logging_mixin.py:190} INFO - [2026-09-21T14:36:42.719+0000] {dag.py:4180} INFO - Setting next_dagrun for dss150p_sales_pipeline to 2026-09-21 02:00:00+00:00, run_after=2026-09-22 02:00:00+00:00
[2026-09-21T14:36:42.776+0000] {processor.py:208} INFO - Processing /opt/airflow/dags/dss150p_pipeline.py took 0.593 seconds
[2026-09-21T14:37:13.173+0000] {processor.py:186} INFO - Started process (PID=2347) to work on /opt/airflow/dags/dss150p_pipeline.py
[2026-09-21T14:37:13.176+0000] {processor.py:914} INFO - Processing file /opt/airflow/dags/dss150p_pipeline.py for tasks to queue
[2026-09-21T14:37:13.183+0000] {logging_mixin.py:190} INFO - [2026-09-21T14:37:13.182+0000] {dagbag.py:588} INFO - Filling up the DagBag from /opt/airflow/dags/dss150p_pipeline.py
[2026-09-21T14:37:13.257+0000] {processor.py:925} INFO - DAG(s) 'dss150p_sales_pipeline' retrieved from /opt/airflow/dags/dss150p_pipeline.py
[2026-09-21T14:37:13.423+0000] {logging_mixin.py:190} INFO - [2026-09-21T14:37:13.423+0000] {dag.py:3239} INFO - Sync 1 DAGs
[2026-09-21T14:37:13.462+0000] {logging_mixin.py:190} INFO - [2026-09-21T14:37:13.462+0000] {dag.py:4180} INFO - Setting next_dagrun for dss150p_sales_pipeline to 2026-09-21 02:00:00+00:00, run_after=2026-09-22 02:00:00+00:00
[2026-09-21T14:37:13.494+0000] {processor.py:208} INFO - Processing /opt/airflow/dags/dss150p_pipeline.py took 0.337 seconds
[2026-09-21T14:37:43.635+0000] {processor.py:186} INFO - Started process (PID=2352) to work on /opt/airflow/dags/dss150p_pipeline.py
[2026-09-21T14:37:43.638+0000] {processor.py:914} INFO - Processing file /opt/airflow/dags/dss150p_pipeline.py for tasks to queue
[2026-09-21T14:37:43.645+0000] {logging_mixin.py:190} INFO - [2026-09-21T14:37:43.644+0000] {dagbag.py:588} INFO - Filling up the DagBag from /opt/airflow/dags/dss150p_pipeline.py
[2026-09-21T14:37:43.709+0000] {processor.py:925} INFO - DAG(s) 'dss150p_sales_pipeline' retrieved from /opt/airflow/dags/dss150p_pipeline.py
[2026-09-21T14:37:43.815+0000] {logging_mixin.py:190} INFO - [2026-09-21T14:37:43.815+0000] {dag.py:3239} INFO - Sync 1 DAGs
[2026-09-21T14:37:43.883+0000] {logging_mixin.py:190} INFO - [2026-09-21T14:37:43.880+0000] {dag.py:4180} INFO - Setting next_dagrun for dss150p_sales_pipeline to 2026-09-21 02:00:00+00:00, run_after=2026-09-22 02:00:00+00:00
[2026-09-21T14:37:43.937+0000] {processor.py:208} INFO - Processing /opt/airflow/dags/dss150p_pipeline.py took 0.322 seconds
[2026-09-21T14:38:15.072+0000] {processor.py:186} INFO - Started process (PID=2365) to work on /opt/airflow/dags/dss150p_pipeline.py
[2026-09-21T14:38:15.077+0000] {processor.py:914} INFO - Processing file /opt/airflow/dags/dss150p_pipeline.py for tasks to queue
[2026-09-21T14:38:15.094+0000] {logging_mixin.py:190} INFO - [2026-09-21T14:38:15.093+0000] {dagbag.py:588} INFO - Filling up the DagBag from /opt/airflow/dags/dss150p_pipeline.py
[2026-09-21T14:38:15.207+0000] {processor.py:925} INFO - DAG(s) 'dss150p_sales_pipeline' retrieved from /opt/airflow/dags/dss150p_pipeline.py
[2026-09-21T14:38:15.348+0000] {logging_mixin.py:190} INFO - [2026-09-21T14:38:15.347+0000] {dag.py:3239} INFO - Sync 1 DAGs
[2026-09-21T14:38:15.415+0000] {logging_mixin.py:190} INFO - [2026-09-21T14:38:15.408+0000] {dag.py:4180} INFO - Setting next_dagrun for dss150p_sales_pipeline to 2026-09-21 02:00:00+00:00, run_after=2026-09-22 02:00:00+00:00
[2026-09-21T14:38:15.459+0000] {processor.py:208} INFO - Processing /opt/airflow/dags/dss150p_pipeline.py took 0.434 seconds
[2026-09-21T14:38:45.702+0000] {processor.py:186} INFO - Started process (PID=2370) to work on /opt/airflow/dags/dss150p_pipeline.py
[2026-09-21T14:38:45.707+0000] {processor.py:914} INFO - Processing file /opt/airflow/dags/dss150p_pipeline.py for tasks to queue
[2026-09-21T14:38:45.722+0000] {logging_mixin.py:190} INFO - [2026-09-21T14:38:45.721+0000] {dagbag.py:588} INFO - Filling up the DagBag from /opt/airflow/dags/dss150p_pipeline.py
[2026-09-21T14:38:45.851+0000] {processor.py:925} INFO - DAG(s) 'dss150p_sales_pipeline' retrieved from /opt/airflow/dags/dss150p_pipeline.py
[2026-09-21T14:38:46.052+0000] {logging_mixin.py:190} INFO - [2026-09-21T14:38:46.052+0000] {dag.py:3239} INFO - Sync 1 DAGs
[2026-09-21T14:38:46.134+0000] {logging_mixin.py:190} INFO - [2026-09-21T14:38:46.133+0000] {dag.py:4180} INFO - Setting next_dagrun for dss150p_sales_pipeline to 2026-09-21 02:00:00+00:00, run_after=2026-09-22 02:00:00+00:00
[2026-09-21T14:38:46.192+0000] {processor.py:208} INFO - Processing /opt/airflow/dags/dss150p_pipeline.py took 0.526 seconds
[2026-09-21T14:39:16.977+0000] {processor.py:186} INFO - Started process (PID=2375) to work on /opt/airflow/dags/dss150p_pipeline.py
[2026-09-21T14:39:16.981+0000] {processor.py:914} INFO - Processing file /opt/airflow/dags/dss150p_pipeline.py for tasks to queue
[2026-09-21T14:39:16.997+0000] {logging_mixin.py:190} INFO - [2026-09-21T14:39:16.996+0000] {dagbag.py:588} INFO - Filling up the DagBag from /opt/airflow/dags/dss150p_pipeline.py
[2026-09-21T14:39:17.074+0000] {processor.py:925} INFO - DAG(s) 'dss150p_sales_pipeline' retrieved from /opt/airflow/dags/dss150p_pipeline.py
[2026-09-21T14:39:17.178+0000] {logging_mixin.py:190} INFO - [2026-09-21T14:39:17.177+0000] {dag.py:3239} INFO - Sync 1 DAGs
[2026-09-21T14:39:17.224+0000] {logging_mixin.py:190} INFO - [2026-09-21T14:39:17.224+0000] {dag.py:4180} INFO - Setting next_dagrun for dss150p_sales_pipeline to 2026-09-21 02:00:00+00:00, run_after=2026-09-22 02:00:00+00:00
[2026-09-21T14:39:17.286+0000] {processor.py:208} INFO - Processing /opt/airflow/dags/dss150p_pipeline.py took 0.327 seconds
[2026-09-21T14:39:48.365+0000] {processor.py:186} INFO - Started process (PID=2380) to work on /opt/airflow/dags/dss150p_pipeline.py
[2026-09-21T14:39:48.383+0000] {processor.py:914} INFO - Processing file /opt/airflow/dags/dss150p_pipeline.py for tasks to queue
[2026-09-21T14:39:48.396+0000] {logging_mixin.py:190} INFO - [2026-09-21T14:39:48.394+0000] {dagbag.py:588} INFO - Filling up the DagBag from /opt/airflow/dags/dss150p_pipeline.py
[2026-09-21T14:39:48.677+0000] {processor.py:925} INFO - DAG(s) 'dss150p_sales_pipeline' retrieved from /opt/airflow/dags/dss150p_pipeline.py
[2026-09-21T14:39:48.824+0000] {logging_mixin.py:190} INFO - [2026-09-21T14:39:48.824+0000] {dag.py:3239} INFO - Sync 1 DAGs
[2026-09-21T14:39:48.886+0000] {logging_mixin.py:190} INFO - [2026-09-21T14:39:48.885+0000] {dag.py:4180} INFO - Setting next_dagrun for dss150p_sales_pipeline to 2026-09-21 02:00:00+00:00, run_after=2026-09-22 02:00:00+00:00
[2026-09-21T14:39:48.937+0000] {processor.py:208} INFO - Processing /opt/airflow/dags/dss150p_pipeline.py took 0.627 seconds
[2026-09-21T14:40:19.090+0000] {processor.py:186} INFO - Started process (PID=2385) to work on /opt/airflow/dags/dss150p_pipeline.py
[2026-09-21T14:40:19.094+0000] {processor.py:914} INFO - Processing file /opt/airflow/dags/dss150p_pipeline.py for tasks to queue
[2026-09-21T14:40:19.104+0000] {logging_mixin.py:190} INFO - [2026-09-21T14:40:19.103+0000] {dagbag.py:588} INFO - Filling up the DagBag from /opt/airflow/dags/dss150p_pipeline.py
[2026-09-21T14:40:19.168+0000] {processor.py:925} INFO - DAG(s) 'dss150p_sales_pipeline' retrieved from /opt/airflow/dags/dss150p_pipeline.py
[2026-09-21T14:40:19.319+0000] {logging_mixin.py:190} INFO - [2026-09-21T14:40:19.318+0000] {dag.py:3239} INFO - Sync 1 DAGs
[2026-09-21T14:40:19.412+0000] {logging_mixin.py:190} INFO - [2026-09-21T14:40:19.412+0000] {dag.py:4180} INFO - Setting next_dagrun for dss150p_sales_pipeline to 2026-09-21 02:00:00+00:00, run_after=2026-09-22 02:00:00+00:00
[2026-09-21T14:40:19.467+0000] {processor.py:208} INFO - Processing /opt/airflow/dags/dss150p_pipeline.py took 0.395 seconds
[2026-09-21T14:40:50.039+0000] {processor.py:186} INFO - Started process (PID=2390) to work on /opt/airflow/dags/dss150p_pipeline.py
[2026-09-21T14:40:50.044+0000] {processor.py:914} INFO - Processing file /opt/airflow/dags/dss150p_pipeline.py for tasks to queue
[2026-09-21T14:40:50.052+0000] {logging_mixin.py:190} INFO - [2026-09-21T14:40:50.051+0000] {dagbag.py:588} INFO - Filling up the DagBag from /opt/airflow/dags/dss150p_pipeline.py
[2026-09-21T14:40:50.114+0000] {processor.py:925} INFO - DAG(s) 'dss150p_sales_pipeline' retrieved from /opt/airflow/dags/dss150p_pipeline.py
[2026-09-21T14:40:50.252+0000] {logging_mixin.py:190} INFO - [2026-09-21T14:40:50.251+0000] {dag.py:3239} INFO - Sync 1 DAGs
[2026-09-21T14:40:50.295+0000] {logging_mixin.py:190} INFO - [2026-09-21T14:40:50.295+0000] {dag.py:4180} INFO - Setting next_dagrun for dss150p_sales_pipeline to 2026-09-21 02:00:00+00:00, run_after=2026-09-22 02:00:00+00:00
[2026-09-21T14:40:50.330+0000] {processor.py:208} INFO - Processing /opt/airflow/dags/dss150p_pipeline.py took 0.325 seconds
[2026-09-21T14:41:20.502+0000] {processor.py:186} INFO - Started process (PID=2395) to work on /opt/airflow/dags/dss150p_pipeline.py
[2026-09-21T14:41:20.509+0000] {processor.py:914} INFO - Processing file /opt/airflow/dags/dss150p_pipeline.py for tasks to queue
[2026-09-21T14:41:20.522+0000] {logging_mixin.py:190} INFO - [2026-09-21T14:41:20.521+0000] {dagbag.py:588} INFO - Filling up the DagBag from /opt/airflow/dags/dss150p_pipeline.py
[2026-09-21T14:41:20.621+0000] {processor.py:925} INFO - DAG(s) 'dss150p_sales_pipeline' retrieved from /opt/airflow/dags/dss150p_pipeline.py
[2026-09-21T14:41:20.902+0000] {logging_mixin.py:190} INFO - [2026-09-21T14:41:20.902+0000] {dag.py:3239} INFO - Sync 1 DAGs
[2026-09-21T14:41:20.985+0000] {logging_mixin.py:190} INFO - [2026-09-21T14:41:20.985+0000] {dag.py:4180} INFO - Setting next_dagrun for dss150p_sales_pipeline to 2026-09-21 02:00:00+00:00, run_after=2026-09-22 02:00:00+00:00
[2026-09-21T14:41:21.053+0000] {processor.py:208} INFO - Processing /opt/airflow/dags/dss150p_pipeline.py took 0.591 seconds
[2026-09-21T14:41:52.092+0000] {processor.py:186} INFO - Started process (PID=2400) to work on /opt/airflow/dags/dss150p_pipeline.py
[2026-09-21T14:41:52.109+0000] {processor.py:914} INFO - Processing file /opt/airflow/dags/dss150p_pipeline.py for tasks to queue
[2026-09-21T14:41:52.126+0000] {logging_mixin.py:190} INFO - [2026-09-21T14:41:52.125+0000] {dagbag.py:588} INFO - Filling up the DagBag from /opt/airflow/dags/dss150p_pipeline.py
[2026-09-21T14:41:52.244+0000] {processor.py:925} INFO - DAG(s) 'dss150p_sales_pipeline' retrieved from /opt/airflow/dags/dss150p_pipeline.py
[2026-09-21T14:41:52.444+0000] {logging_mixin.py:190} INFO - [2026-09-21T14:41:52.443+0000] {dag.py:3239} INFO - Sync 1 DAGs
[2026-09-21T14:41:52.537+0000] {logging_mixin.py:190} INFO - [2026-09-21T14:41:52.537+0000] {dag.py:4180} INFO - Setting next_dagrun for dss150p_sales_pipeline to 2026-09-21 02:00:00+00:00, run_after=2026-09-22 02:00:00+00:00
[2026-09-21T14:41:52.577+0000] {processor.py:208} INFO - Processing /opt/airflow/dags/dss150p_pipeline.py took 0.513 seconds
[2026-09-21T14:42:23.379+0000] {processor.py:186} INFO - Started process (PID=2405) to work on /opt/airflow/dags/dss150p_pipeline.py
[2026-09-21T14:42:23.383+0000] {processor.py:914} INFO - Processing file /opt/airflow/dags/dss150p_pipeline.py for tasks to queue
[2026-09-21T14:42:23.390+0000] {logging_mixin.py:190} INFO - [2026-09-21T14:42:23.389+0000] {dagbag.py:588} INFO - Filling up the DagBag from /opt/airflow/dags/dss150p_pipeline.py
[2026-09-21T14:42:23.439+0000] {processor.py:925} INFO - DAG(s) 'dss150p_sales_pipeline' retrieved from /opt/airflow/dags/dss150p_pipeline.py
[2026-09-21T14:42:23.560+0000] {logging_mixin.py:190} INFO - [2026-09-21T14:42:23.560+0000] {dag.py:3239} INFO - Sync 1 DAGs
[2026-09-21T14:42:23.636+0000] {logging_mixin.py:190} INFO - [2026-09-21T14:42:23.635+0000] {dag.py:4180} INFO - Setting next_dagrun for dss150p_sales_pipeline to 2026-09-21 02:00:00+00:00, run_after=2026-09-22 02:00:00+00:00
[2026-09-21T14:42:23.699+0000] {processor.py:208} INFO - Processing /opt/airflow/dags/dss150p_pipeline.py took 0.343 seconds
[2026-09-21T14:42:54.208+0000] {processor.py:186} INFO - Started process (PID=2410) to work on /opt/airflow/dags/dss150p_pipeline.py
[2026-09-21T14:42:54.212+0000] {processor.py:914} INFO - Processing file /opt/airflow/dags/dss150p_pipeline.py for tasks to queue
[2026-09-21T14:42:54.223+0000] {logging_mixin.py:190} INFO - [2026-09-21T14:42:54.222+0000] {dagbag.py:588} INFO - Filling up the DagBag from /opt/airflow/dags/dss150p_pipeline.py
[2026-09-21T14:42:54.306+0000] {processor.py:925} INFO - DAG(s) 'dss150p_sales_pipeline' retrieved from /opt/airflow/dags/dss150p_pipeline.py
[2026-09-21T14:42:54.494+0000] {logging_mixin.py:190} INFO - [2026-09-21T14:42:54.493+0000] {dag.py:3239} INFO - Sync 1 DAGs
[2026-09-21T14:42:55.553+0000] {logging_mixin.py:190} INFO - [2026-09-21T14:42:55.552+0000] {dag.py:4180} INFO - Setting next_dagrun for dss150p_sales_pipeline to 2026-09-21 02:00:00+00:00, run_after=2026-09-22 02:00:00+00:00
[2026-09-21T14:42:56.182+0000] {processor.py:208} INFO - Processing /opt/airflow/dags/dss150p_pipeline.py took 1.998 seconds
[2026-09-21T14:43:27.814+0000] {processor.py:186} INFO - Started process (PID=2442) to work on /opt/airflow/dags/dss150p_pipeline.py
[2026-09-21T14:43:27.830+0000] {processor.py:914} INFO - Processing file /opt/airflow/dags/dss150p_pipeline.py for tasks to queue
[2026-09-21T14:43:27.854+0000] {logging_mixin.py:190} INFO - [2026-09-21T14:43:27.853+0000] {dagbag.py:588} INFO - Filling up the DagBag from /opt/airflow/dags/dss150p_pipeline.py
[2026-09-21T14:43:28.162+0000] {processor.py:925} INFO - DAG(s) 'dss150p_sales_pipeline' retrieved from /opt/airflow/dags/dss150p_pipeline.py
[2026-09-21T14:43:29.156+0000] {logging_mixin.py:190} INFO - [2026-09-21T14:43:29.156+0000] {dag.py:3239} INFO - Sync 1 DAGs
[2026-09-21T14:43:29.356+0000] {logging_mixin.py:190} INFO - [2026-09-21T14:43:29.355+0000] {dag.py:4180} INFO - Setting next_dagrun for dss150p_sales_pipeline to 2026-09-21 02:00:00+00:00, run_after=2026-09-22 02:00:00+00:00
[2026-09-21T14:43:29.425+0000] {processor.py:208} INFO - Processing /opt/airflow/dags/dss150p_pipeline.py took 1.704 seconds
[2026-09-21T14:43:59.751+0000] {processor.py:186} INFO - Started process (PID=2467) to work on /opt/airflow/dags/dss150p_pipeline.py
[2026-09-21T14:43:59.754+0000] {processor.py:914} INFO - Processing file /opt/airflow/dags/dss150p_pipeline.py for tasks to queue
[2026-09-21T14:43:59.762+0000] {logging_mixin.py:190} INFO - [2026-09-21T14:43:59.761+0000] {dagbag.py:588} INFO - Filling up the DagBag from /opt/airflow/dags/dss150p_pipeline.py
[2026-09-21T14:43:59.826+0000] {processor.py:925} INFO - DAG(s) 'dss150p_sales_pipeline' retrieved from /opt/airflow/dags/dss150p_pipeline.py
[2026-09-21T14:43:59.961+0000] {logging_mixin.py:190} INFO - [2026-09-21T14:43:59.961+0000] {dag.py:3239} INFO - Sync 1 DAGs
[2026-09-21T14:44:00.040+0000] {logging_mixin.py:190} INFO - [2026-09-21T14:44:00.040+0000] {dag.py:4180} INFO - Setting next_dagrun for dss150p_sales_pipeline to 2026-09-21 02:00:00+00:00, run_after=2026-09-22 02:00:00+00:00
[2026-09-21T14:44:00.116+0000] {processor.py:208} INFO - Processing /opt/airflow/dags/dss150p_pipeline.py took 0.385 seconds
[2026-09-21T14:44:30.551+0000] {processor.py:186} INFO - Started process (PID=2472) to work on /opt/airflow/dags/dss150p_pipeline.py
[2026-09-21T14:44:30.566+0000] {processor.py:914} INFO - Processing file /opt/airflow/dags/dss150p_pipeline.py for tasks to queue
[2026-09-21T14:44:30.612+0000] {logging_mixin.py:190} INFO - [2026-09-21T14:44:30.609+0000] {dagbag.py:588} INFO - Filling up the DagBag from /opt/airflow/dags/dss150p_pipeline.py
[2026-09-21T14:44:30.856+0000] {processor.py:925} INFO - DAG(s) 'dss150p_sales_pipeline' retrieved from /opt/airflow/dags/dss150p_pipeline.py
[2026-09-21T14:44:31.392+0000] {logging_mixin.py:190} INFO - [2026-09-21T14:44:31.392+0000] {dag.py:3239} INFO - Sync 1 DAGs
[2026-09-21T14:44:31.628+0000] {logging_mixin.py:190} INFO - [2026-09-21T14:44:31.627+0000] {dag.py:4180} INFO - Setting next_dagrun for dss150p_sales_pipeline to 2026-09-21 02:00:00+00:00, run_after=2026-09-22 02:00:00+00:00
[2026-09-21T14:44:31.761+0000] {processor.py:208} INFO - Processing /opt/airflow/dags/dss150p_pipeline.py took 1.254 seconds
[2026-09-21T14:45:02.053+0000] {processor.py:186} INFO - Started process (PID=2493) to work on /opt/airflow/dags/dss150p_pipeline.py
[2026-09-21T14:45:02.063+0000] {processor.py:914} INFO - Processing file /opt/airflow/dags/dss150p_pipeline.py for tasks to queue
[2026-09-21T14:45:02.074+0000] {logging_mixin.py:190} INFO - [2026-09-21T14:45:02.073+0000] {dagbag.py:588} INFO - Filling up the DagBag from /opt/airflow/dags/dss150p_pipeline.py
[2026-09-21T14:45:02.160+0000] {processor.py:925} INFO - DAG(s) 'dss150p_sales_pipeline' retrieved from /opt/airflow/dags/dss150p_pipeline.py
[2026-09-21T14:45:02.270+0000] {logging_mixin.py:190} INFO - [2026-09-21T14:45:02.269+0000] {dag.py:3239} INFO - Sync 1 DAGs
[2026-09-21T14:45:02.350+0000] {logging_mixin.py:190} INFO - [2026-09-21T14:45:02.349+0000] {dag.py:4180} INFO - Setting next_dagrun for dss150p_sales_pipeline to 2026-09-21 02:00:00+00:00, run_after=2026-09-22 02:00:00+00:00
[2026-09-21T14:45:02.411+0000] {processor.py:208} INFO - Processing /opt/airflow/dags/dss150p_pipeline.py took 0.385 seconds
[2026-09-21T14:45:32.849+0000] {processor.py:186} INFO - Started process (PID=2498) to work on /opt/airflow/dags/dss150p_pipeline.py
[2026-09-21T14:45:32.853+0000] {processor.py:914} INFO - Processing file /opt/airflow/dags/dss150p_pipeline.py for tasks to queue
[2026-09-21T14:45:32.862+0000] {logging_mixin.py:190} INFO - [2026-09-21T14:45:32.861+0000] {dagbag.py:588} INFO - Filling up the DagBag from /opt/airflow/dags/dss150p_pipeline.py
[2026-09-21T14:45:32.925+0000] {processor.py:925} INFO - DAG(s) 'dss150p_sales_pipeline' retrieved from /opt/airflow/dags/dss150p_pipeline.py
[2026-09-21T14:45:33.193+0000] {logging_mixin.py:190} INFO - [2026-09-21T14:45:33.192+0000] {dag.py:3239} INFO - Sync 1 DAGs
[2026-09-21T14:45:33.304+0000] {logging_mixin.py:190} INFO - [2026-09-21T14:45:33.303+0000] {dag.py:4180} INFO - Setting next_dagrun for dss150p_sales_pipeline to 2026-09-21 02:00:00+00:00, run_after=2026-09-22 02:00:00+00:00
[2026-09-21T14:45:33.387+0000] {processor.py:208} INFO - Processing /opt/airflow/dags/dss150p_pipeline.py took 0.560 seconds
[2026-09-21T14:46:04.611+0000] {processor.py:186} INFO - Started process (PID=2503) to work on /opt/airflow/dags/dss150p_pipeline.py
[2026-09-21T14:46:04.614+0000] {processor.py:914} INFO - Processing file /opt/airflow/dags/dss150p_pipeline.py for tasks to queue
[2026-09-21T14:46:04.640+0000] {logging_mixin.py:190} INFO - [2026-09-21T14:46:04.639+0000] {dagbag.py:588} INFO - Filling up the DagBag from /opt/airflow/dags/dss150p_pipeline.py
[2026-09-21T14:46:04.893+0000] {processor.py:925} INFO - DAG(s) 'dss150p_sales_pipeline' retrieved from /opt/airflow/dags/dss150p_pipeline.py
[2026-09-21T14:46:05.151+0000] {logging_mixin.py:190} INFO - [2026-09-21T14:46:05.150+0000] {dag.py:3239} INFO - Sync 1 DAGs
[2026-09-21T14:46:05.341+0000] {logging_mixin.py:190} INFO - [2026-09-21T14:46:05.341+0000] {dag.py:4180} INFO - Setting next_dagrun for dss150p_sales_pipeline to 2026-09-21 02:00:00+00:00, run_after=2026-09-22 02:00:00+00:00
[2026-09-21T14:46:05.432+0000] {processor.py:208} INFO - Processing /opt/airflow/dags/dss150p_pipeline.py took 0.854 seconds
[2026-09-21T14:46:36.110+0000] {processor.py:186} INFO - Started process (PID=2508) to work on /opt/airflow/dags/dss150p_pipeline.py
[2026-09-21T14:46:36.115+0000] {processor.py:914} INFO - Processing file /opt/airflow/dags/dss150p_pipeline.py for tasks to queue
[2026-09-21T14:46:36.126+0000] {logging_mixin.py:190} INFO - [2026-09-21T14:46:36.125+0000] {dagbag.py:588} INFO - Filling up the DagBag from /opt/airflow/dags/dss150p_pipeline.py
[2026-09-21T14:46:36.255+0000] {processor.py:925} INFO - DAG(s) 'dss150p_sales_pipeline' retrieved from /opt/airflow/dags/dss150p_pipeline.py
[2026-09-21T14:46:36.525+0000] {logging_mixin.py:190} INFO - [2026-09-21T14:46:36.524+0000] {dag.py:3239} INFO - Sync 1 DAGs
[2026-09-21T14:46:36.670+0000] {logging_mixin.py:190} INFO - [2026-09-21T14:46:36.669+0000] {dag.py:4180} INFO - Setting next_dagrun for dss150p_sales_pipeline to 2026-09-21 02:00:00+00:00, run_after=2026-09-22 02:00:00+00:00
[2026-09-21T14:46:36.765+0000] {processor.py:208} INFO - Processing /opt/airflow/dags/dss150p_pipeline.py took 0.681 seconds
[2026-09-21T14:47:07.363+0000] {processor.py:186} INFO - Started process (PID=2513) to work on /opt/airflow/dags/dss150p_pipeline.py
[2026-09-21T14:47:07.367+0000] {processor.py:914} INFO - Processing file /opt/airflow/dags/dss150p_pipeline.py for tasks to queue
[2026-09-21T14:47:07.376+0000] {logging_mixin.py:190} INFO - [2026-09-21T14:47:07.375+0000] {dagbag.py:588} INFO - Filling up the DagBag from /opt/airflow/dags/dss150p_pipeline.py
[2026-09-21T14:47:07.459+0000] {processor.py:925} INFO - DAG(s) 'dss150p_sales_pipeline' retrieved from /opt/airflow/dags/dss150p_pipeline.py
[2026-09-21T14:47:07.580+0000] {logging_mixin.py:190} INFO - [2026-09-21T14:47:07.580+0000] {dag.py:3239} INFO - Sync 1 DAGs
[2026-09-21T14:47:07.623+0000] {logging_mixin.py:190} INFO - [2026-09-21T14:47:07.622+0000] {dag.py:4180} INFO - Setting next_dagrun for dss150p_sales_pipeline to 2026-09-21 02:00:00+00:00, run_after=2026-09-22 02:00:00+00:00
[2026-09-21T14:47:07.660+0000] {processor.py:208} INFO - Processing /opt/airflow/dags/dss150p_pipeline.py took 0.316 seconds
[2026-09-21T14:47:38.486+0000] {processor.py:186} INFO - Started process (PID=2518) to work on /opt/airflow/dags/dss150p_pipeline.py
[2026-09-21T14:47:38.490+0000] {processor.py:914} INFO - Processing file /opt/airflow/dags/dss150p_pipeline.py for tasks to queue
[2026-09-21T14:47:38.504+0000] {logging_mixin.py:190} INFO - [2026-09-21T14:47:38.503+0000] {dagbag.py:588} INFO - Filling up the DagBag from /opt/airflow/dags/dss150p_pipeline.py
[2026-09-21T14:47:38.659+0000] {processor.py:925} INFO - DAG(s) 'dss150p_sales_pipeline' retrieved from /opt/airflow/dags/dss150p_pipeline.py
[2026-09-21T14:47:38.969+0000] {logging_mixin.py:190} INFO - [2026-09-21T14:47:38.968+0000] {dag.py:3239} INFO - Sync 1 DAGs
[2026-09-21T14:47:39.062+0000] {logging_mixin.py:190} INFO - [2026-09-21T14:47:39.062+0000] {dag.py:4180} INFO - Setting next_dagrun for dss150p_sales_pipeline to 2026-09-21 02:00:00+00:00, run_after=2026-09-22 02:00:00+00:00
[2026-09-21T14:47:39.175+0000] {processor.py:208} INFO - Processing /opt/airflow/dags/dss150p_pipeline.py took 0.725 seconds
[2026-09-21T14:48:09.817+0000] {processor.py:186} INFO - Started process (PID=2523) to work on /opt/airflow/dags/dss150p_pipeline.py
[2026-09-21T14:48:09.821+0000] {processor.py:914} INFO - Processing file /opt/airflow/dags/dss150p_pipeline.py for tasks to queue
[2026-09-21T14:48:09.830+0000] {logging_mixin.py:190} INFO - [2026-09-21T14:48:09.829+0000] {dagbag.py:588} INFO - Filling up the DagBag from /opt/airflow/dags/dss150p_pipeline.py
[2026-09-21T14:48:09.901+0000] {processor.py:925} INFO - DAG(s) 'dss150p_sales_pipeline' retrieved from /opt/airflow/dags/dss150p_pipeline.py
[2026-09-21T14:48:10.051+0000] {logging_mixin.py:190} INFO - [2026-09-21T14:48:10.050+0000] {dag.py:3239} INFO - Sync 1 DAGs
[2026-09-21T14:48:10.126+0000] {logging_mixin.py:190} INFO - [2026-09-21T14:48:10.126+0000] {dag.py:4180} INFO - Setting next_dagrun for dss150p_sales_pipeline to 2026-09-21 02:00:00+00:00, run_after=2026-09-22 02:00:00+00:00
[2026-09-21T14:48:10.182+0000] {processor.py:208} INFO - Processing /opt/airflow/dags/dss150p_pipeline.py took 0.399 seconds
[2026-09-21T14:48:41.005+0000] {processor.py:186} INFO - Started process (PID=2528) to work on /opt/airflow/dags/dss150p_pipeline.py
[2026-09-21T14:48:41.008+0000] {processor.py:914} INFO - Processing file /opt/airflow/dags/dss150p_pipeline.py for tasks to queue
[2026-09-21T14:48:41.022+0000] {logging_mixin.py:190} INFO - [2026-09-21T14:48:41.021+0000] {dagbag.py:588} INFO - Filling up the DagBag from /opt/airflow/dags/dss150p_pipeline.py
[2026-09-21T14:48:41.121+0000] {processor.py:925} INFO - DAG(s) 'dss150p_sales_pipeline' retrieved from /opt/airflow/dags/dss150p_pipeline.py
[2026-09-21T14:48:41.356+0000] {logging_mixin.py:190} INFO - [2026-09-21T14:48:41.356+0000] {dag.py:3239} INFO - Sync 1 DAGs
[2026-09-21T14:48:41.515+0000] {logging_mixin.py:190} INFO - [2026-09-21T14:48:41.515+0000] {dag.py:4180} INFO - Setting next_dagrun for dss150p_sales_pipeline to 2026-09-21 02:00:00+00:00, run_after=2026-09-22 02:00:00+00:00
[2026-09-21T14:48:41.591+0000] {processor.py:208} INFO - Processing /opt/airflow/dags/dss150p_pipeline.py took 0.610 seconds
[2026-09-21T14:49:12.242+0000] {processor.py:186} INFO - Started process (PID=2533) to work on /opt/airflow/dags/dss150p_pipeline.py
[2026-09-21T14:49:12.245+0000] {processor.py:914} INFO - Processing file /opt/airflow/dags/dss150p_pipeline.py for tasks to queue
[2026-09-21T14:49:12.254+0000] {logging_mixin.py:190} INFO - [2026-09-21T14:49:12.252+0000] {dagbag.py:588} INFO - Filling up the DagBag from /opt/airflow/dags/dss150p_pipeline.py
[2026-09-21T14:49:12.322+0000] {processor.py:925} INFO - DAG(s) 'dss150p_sales_pipeline' retrieved from /opt/airflow/dags/dss150p_pipeline.py
[2026-09-21T14:49:12.471+0000] {logging_mixin.py:190} INFO - [2026-09-21T14:49:12.470+0000] {dag.py:3239} INFO - Sync 1 DAGs
[2026-09-21T14:49:12.534+0000] {logging_mixin.py:190} INFO - [2026-09-21T14:49:12.533+0000] {dag.py:4180} INFO - Setting next_dagrun for dss150p_sales_pipeline to 2026-09-21 02:00:00+00:00, run_after=2026-09-22 02:00:00+00:00
[2026-09-21T14:49:12.576+0000] {processor.py:208} INFO - Processing /opt/airflow/dags/dss150p_pipeline.py took 0.373 seconds
[2026-09-21T14:49:43.267+0000] {processor.py:186} INFO - Started process (PID=2538) to work on /opt/airflow/dags/dss150p_pipeline.py
[2026-09-21T14:49:43.289+0000] {processor.py:914} INFO - Processing file /opt/airflow/dags/dss150p_pipeline.py for tasks to queue
[2026-09-21T14:49:43.297+0000] {logging_mixin.py:190} INFO - [2026-09-21T14:49:43.296+0000] {dagbag.py:588} INFO - Filling up the DagBag from /opt/airflow/dags/dss150p_pipeline.py
[2026-09-21T14:49:43.342+0000] {processor.py:925} INFO - DAG(s) 'dss150p_sales_pipeline' retrieved from /opt/airflow/dags/dss150p_pipeline.py
[2026-09-21T14:49:43.432+0000] {logging_mixin.py:190} INFO - [2026-09-21T14:49:43.432+0000] {dag.py:3239} INFO - Sync 1 DAGs
[2026-09-21T14:49:43.491+0000] {logging_mixin.py:190} INFO - [2026-09-21T14:49:43.490+0000] {dag.py:4180} INFO - Setting next_dagrun for dss150p_sales_pipeline to 2026-09-21 02:00:00+00:00, run_after=2026-09-22 02:00:00+00:00
[2026-09-21T14:49:43.526+0000] {processor.py:208} INFO - Processing /opt/airflow/dags/dss150p_pipeline.py took 0.461 seconds
[2026-09-21T14:50:13.692+0000] {processor.py:186} INFO - Started process (PID=2543) to work on /opt/airflow/dags/dss150p_pipeline.py
[2026-09-21T14:50:13.694+0000] {processor.py:914} INFO - Processing file /opt/airflow/dags/dss150p_pipeline.py for tasks to queue
[2026-09-21T14:50:13.703+0000] {logging_mixin.py:190} INFO - [2026-09-21T14:50:13.702+0000] {dagbag.py:588} INFO - Filling up the DagBag from /opt/airflow/dags/dss150p_pipeline.py
[2026-09-21T14:50:13.749+0000] {processor.py:925} INFO - DAG(s) 'dss150p_sales_pipeline' retrieved from /opt/airflow/dags/dss150p_pipeline.py
[2026-09-21T14:50:13.900+0000] {logging_mixin.py:190} INFO - [2026-09-21T14:50:13.900+0000] {dag.py:3239} INFO - Sync 1 DAGs
[2026-09-21T14:50:13.963+0000] {logging_mixin.py:190} INFO - [2026-09-21T14:50:13.963+0000] {dag.py:4180} INFO - Setting next_dagrun for dss150p_sales_pipeline to 2026-09-21 02:00:00+00:00, run_after=2026-09-22 02:00:00+00:00
[2026-09-21T14:50:14.013+0000] {processor.py:208} INFO - Processing /opt/airflow/dags/dss150p_pipeline.py took 0.336 seconds
[2026-09-21T14:50:44.768+0000] {processor.py:186} INFO - Started process (PID=2548) to work on /opt/airflow/dags/dss150p_pipeline.py
[2026-09-21T14:50:44.783+0000] {processor.py:914} INFO - Processing file /opt/airflow/dags/dss150p_pipeline.py for tasks to queue
[2026-09-21T14:50:44.792+0000] {logging_mixin.py:190} INFO - [2026-09-21T14:50:44.791+0000] {dagbag.py:588} INFO - Filling up the DagBag from /opt/airflow/dags/dss150p_pipeline.py
[2026-09-21T14:50:44.912+0000] {processor.py:925} INFO - DAG(s) 'dss150p_sales_pipeline' retrieved from /opt/airflow/dags/dss150p_pipeline.py
[2026-09-21T14:50:45.130+0000] {logging_mixin.py:190} INFO - [2026-09-21T14:50:45.129+0000] {dag.py:3239} INFO - Sync 1 DAGs
[2026-09-21T14:50:45.220+0000] {logging_mixin.py:190} INFO - [2026-09-21T14:50:45.219+0000] {dag.py:4180} INFO - Setting next_dagrun for dss150p_sales_pipeline to 2026-09-21 02:00:00+00:00, run_after=2026-09-22 02:00:00+00:00
[2026-09-21T14:50:45.311+0000] {processor.py:208} INFO - Processing /opt/airflow/dags/dss150p_pipeline.py took 0.618 seconds
[2026-09-21T14:51:15.806+0000] {processor.py:186} INFO - Started process (PID=2553) to work on /opt/airflow/dags/dss150p_pipeline.py
[2026-09-21T14:51:15.809+0000] {processor.py:914} INFO - Processing file /opt/airflow/dags/dss150p_pipeline.py for tasks to queue
[2026-09-21T14:51:15.816+0000] {logging_mixin.py:190} INFO - [2026-09-21T14:51:15.815+0000] {dagbag.py:588} INFO - Filling up the DagBag from /opt/airflow/dags/dss150p_pipeline.py
[2026-09-21T14:51:15.874+0000] {processor.py:925} INFO - DAG(s) 'dss150p_sales_pipeline' retrieved from /opt/airflow/dags/dss150p_pipeline.py
[2026-09-21T14:51:16.028+0000] {logging_mixin.py:190} INFO - [2026-09-21T14:51:16.028+0000] {dag.py:3239} INFO - Sync 1 DAGs
[2026-09-21T14:51:16.110+0000] {logging_mixin.py:190} INFO - [2026-09-21T14:51:16.110+0000] {dag.py:4180} INFO - Setting next_dagrun for dss150p_sales_pipeline to 2026-09-21 02:00:00+00:00, run_after=2026-09-22 02:00:00+00:00
[2026-09-21T14:51:16.169+0000] {processor.py:208} INFO - Processing /opt/airflow/dags/dss150p_pipeline.py took 0.382 seconds
[2026-09-21T14:51:46.386+0000] {processor.py:186} INFO - Started process (PID=2558) to work on /opt/airflow/dags/dss150p_pipeline.py
[2026-09-21T14:51:46.389+0000] {processor.py:914} INFO - Processing file /opt/airflow/dags/dss150p_pipeline.py for tasks to queue
[2026-09-21T14:51:46.394+0000] {logging_mixin.py:190} INFO - [2026-09-21T14:51:46.394+0000] {dagbag.py:588} INFO - Filling up the DagBag from /opt/airflow/dags/dss150p_pipeline.py
[2026-09-21T14:51:46.438+0000] {processor.py:925} INFO - DAG(s) 'dss150p_sales_pipeline' retrieved from /opt/airflow/dags/dss150p_pipeline.py
[2026-09-21T14:51:46.516+0000] {logging_mixin.py:190} INFO - [2026-09-21T14:51:46.516+0000] {dag.py:3239} INFO - Sync 1 DAGs
[2026-09-21T14:51:46.551+0000] {logging_mixin.py:190} INFO - [2026-09-21T14:51:46.551+0000] {dag.py:4180} INFO - Setting next_dagrun for dss150p_sales_pipeline to 2026-09-21 02:00:00+00:00, run_after=2026-09-22 02:00:00+00:00
[2026-09-21T14:51:46.581+0000] {processor.py:208} INFO - Processing /opt/airflow/dags/dss150p_pipeline.py took 0.209 seconds
[2026-09-21T14:52:17.176+0000] {processor.py:186} INFO - Started process (PID=2563) to work on /opt/airflow/dags/dss150p_pipeline.py
[2026-09-21T14:52:17.179+0000] {processor.py:914} INFO - Processing file /opt/airflow/dags/dss150p_pipeline.py for tasks to queue
[2026-09-21T14:52:17.187+0000] {logging_mixin.py:190} INFO - [2026-09-21T14:52:17.186+0000] {dagbag.py:588} INFO - Filling up the DagBag from /opt/airflow/dags/dss150p_pipeline.py
[2026-09-21T14:52:17.243+0000] {processor.py:925} INFO - DAG(s) 'dss150p_sales_pipeline' retrieved from /opt/airflow/dags/dss150p_pipeline.py
[2026-09-21T14:52:17.359+0000] {logging_mixin.py:190} INFO - [2026-09-21T14:52:17.359+0000] {dag.py:3239} INFO - Sync 1 DAGs
[2026-09-21T14:52:17.415+0000] {logging_mixin.py:190} INFO - [2026-09-21T14:52:17.415+0000] {dag.py:4180} INFO - Setting next_dagrun for dss150p_sales_pipeline to 2026-09-21 02:00:00+00:00, run_after=2026-09-22 02:00:00+00:00
[2026-09-21T14:52:17.461+0000] {processor.py:208} INFO - Processing /opt/airflow/dags/dss150p_pipeline.py took 0.309 seconds
[2026-09-21T14:52:47.748+0000] {processor.py:186} INFO - Started process (PID=2568) to work on /opt/airflow/dags/dss150p_pipeline.py
[2026-09-21T14:52:47.751+0000] {processor.py:914} INFO - Processing file /opt/airflow/dags/dss150p_pipeline.py for tasks to queue
[2026-09-21T14:52:47.758+0000] {logging_mixin.py:190} INFO - [2026-09-21T14:52:47.757+0000] {dagbag.py:588} INFO - Filling up the DagBag from /opt/airflow/dags/dss150p_pipeline.py
[2026-09-21T14:52:47.832+0000] {processor.py:925} INFO - DAG(s) 'dss150p_sales_pipeline' retrieved from /opt/airflow/dags/dss150p_pipeline.py
[2026-09-21T14:52:48.051+0000] {logging_mixin.py:190} INFO - [2026-09-21T14:52:48.050+0000] {dag.py:3239} INFO - Sync 1 DAGs
[2026-09-21T14:52:48.157+0000] {logging_mixin.py:190} INFO - [2026-09-21T14:52:48.155+0000] {dag.py:4180} INFO - Setting next_dagrun for dss150p_sales_pipeline to 2026-09-21 02:00:00+00:00, run_after=2026-09-22 02:00:00+00:00
[2026-09-21T14:52:48.198+0000] {processor.py:208} INFO - Processing /opt/airflow/dags/dss150p_pipeline.py took 0.463 seconds
[2026-09-21T14:53:18.921+0000] {processor.py:186} INFO - Started process (PID=2573) to work on /opt/airflow/dags/dss150p_pipeline.py
[2026-09-21T14:53:18.928+0000] {processor.py:914} INFO - Processing file /opt/airflow/dags/dss150p_pipeline.py for tasks to queue
[2026-09-21T14:53:18.940+0000] {logging_mixin.py:190} INFO - [2026-09-21T14:53:18.939+0000] {dagbag.py:588} INFO - Filling up the DagBag from /opt/airflow/dags/dss150p_pipeline.py
[2026-09-21T14:53:19.080+0000] {processor.py:925} INFO - DAG(s) 'dss150p_sales_pipeline' retrieved from /opt/airflow/dags/dss150p_pipeline.py
[2026-09-21T14:53:19.344+0000] {logging_mixin.py:190} INFO - [2026-09-21T14:53:19.344+0000] {dag.py:3239} INFO - Sync 1 DAGs
[2026-09-21T14:53:19.563+0000] {logging_mixin.py:190} INFO - [2026-09-21T14:53:19.562+0000] {dag.py:4180} INFO - Setting next_dagrun for dss150p_sales_pipeline to 2026-09-21 02:00:00+00:00, run_after=2026-09-22 02:00:00+00:00
[2026-09-21T14:53:19.701+0000] {processor.py:208} INFO - Processing /opt/airflow/dags/dss150p_pipeline.py took 0.818 seconds
[2026-09-21T14:53:50.088+0000] {processor.py:186} INFO - Started process (PID=2578) to work on /opt/airflow/dags/dss150p_pipeline.py
[2026-09-21T14:53:50.091+0000] {processor.py:914} INFO - Processing file /opt/airflow/dags/dss150p_pipeline.py for tasks to queue
[2026-09-21T14:53:50.097+0000] {logging_mixin.py:190} INFO - [2026-09-21T14:53:50.096+0000] {dagbag.py:588} INFO - Filling up the DagBag from /opt/airflow/dags/dss150p_pipeline.py
[2026-09-21T14:53:50.174+0000] {processor.py:925} INFO - DAG(s) 'dss150p_sales_pipeline' retrieved from /opt/airflow/dags/dss150p_pipeline.py
[2026-09-21T14:53:50.398+0000] {logging_mixin.py:190} INFO - [2026-09-21T14:53:50.398+0000] {dag.py:3239} INFO - Sync 1 DAGs
[2026-09-21T14:53:50.537+0000] {logging_mixin.py:190} INFO - [2026-09-21T14:53:50.535+0000] {dag.py:4180} INFO - Setting next_dagrun for dss150p_sales_pipeline to 2026-09-21 02:00:00+00:00, run_after=2026-09-22 02:00:00+00:00
[2026-09-21T14:53:50.632+0000] {processor.py:208} INFO - Processing /opt/airflow/dags/dss150p_pipeline.py took 0.557 seconds
[2026-09-21T14:54:21.092+0000] {processor.py:186} INFO - Started process (PID=2583) to work on /opt/airflow/dags/dss150p_pipeline.py
[2026-09-21T14:54:21.095+0000] {processor.py:914} INFO - Processing file /opt/airflow/dags/dss150p_pipeline.py for tasks to queue
[2026-09-21T14:54:21.101+0000] {logging_mixin.py:190} INFO - [2026-09-21T14:54:21.100+0000] {dagbag.py:588} INFO - Filling up the DagBag from /opt/airflow/dags/dss150p_pipeline.py
[2026-09-21T14:54:21.175+0000] {processor.py:925} INFO - DAG(s) 'dss150p_sales_pipeline' retrieved from /opt/airflow/dags/dss150p_pipeline.py
[2026-09-21T14:54:21.344+0000] {logging_mixin.py:190} INFO - [2026-09-21T14:54:21.344+0000] {dag.py:3239} INFO - Sync 1 DAGs
[2026-09-21T14:54:21.418+0000] {logging_mixin.py:190} INFO - [2026-09-21T14:54:21.418+0000] {dag.py:4180} INFO - Setting next_dagrun for dss150p_sales_pipeline to 2026-09-21 02:00:00+00:00, run_after=2026-09-22 02:00:00+00:00
[2026-09-21T14:54:21.460+0000] {processor.py:208} INFO - Processing /opt/airflow/dags/dss150p_pipeline.py took 0.379 seconds
[2026-09-21T14:54:51.681+0000] {processor.py:186} INFO - Started process (PID=2588) to work on /opt/airflow/dags/dss150p_pipeline.py
[2026-09-21T14:54:51.684+0000] {processor.py:914} INFO - Processing file /opt/airflow/dags/dss150p_pipeline.py for tasks to queue
[2026-09-21T14:54:51.693+0000] {logging_mixin.py:190} INFO - [2026-09-21T14:54:51.693+0000] {dagbag.py:588} INFO - Filling up the DagBag from /opt/airflow/dags/dss150p_pipeline.py
[2026-09-21T14:54:51.757+0000] {processor.py:925} INFO - DAG(s) 'dss150p_sales_pipeline' retrieved from /opt/airflow/dags/dss150p_pipeline.py
[2026-09-21T14:54:51.861+0000] {logging_mixin.py:190} INFO - [2026-09-21T14:54:51.861+0000] {dag.py:3239} INFO - Sync 1 DAGs
[2026-09-21T14:54:51.910+0000] {logging_mixin.py:190} INFO - [2026-09-21T14:54:51.909+0000] {dag.py:4180} INFO - Setting next_dagrun for dss150p_sales_pipeline to 2026-09-21 02:00:00+00:00, run_after=2026-09-22 02:00:00+00:00
[2026-09-21T14:54:51.952+0000] {processor.py:208} INFO - Processing /opt/airflow/dags/dss150p_pipeline.py took 0.289 seconds
[2026-09-21T14:55:22.371+0000] {processor.py:186} INFO - Started process (PID=2593) to work on /opt/airflow/dags/dss150p_pipeline.py
[2026-09-21T14:55:22.375+0000] {processor.py:914} INFO - Processing file /opt/airflow/dags/dss150p_pipeline.py for tasks to queue
[2026-09-21T14:55:22.389+0000] {logging_mixin.py:190} INFO - [2026-09-21T14:55:22.388+0000] {dagbag.py:588} INFO - Filling up the DagBag from /opt/airflow/dags/dss150p_pipeline.py
[2026-09-21T14:55:22.495+0000] {processor.py:925} INFO - DAG(s) 'dss150p_sales_pipeline' retrieved from /opt/airflow/dags/dss150p_pipeline.py
[2026-09-21T14:55:22.608+0000] {logging_mixin.py:190} INFO - [2026-09-21T14:55:22.607+0000] {dag.py:3239} INFO - Sync 1 DAGs
[2026-09-21T14:55:22.655+0000] {logging_mixin.py:190} INFO - [2026-09-21T14:55:22.655+0000] {dag.py:4180} INFO - Setting next_dagrun for dss150p_sales_pipeline to 2026-09-21 02:00:00+00:00, run_after=2026-09-22 02:00:00+00:00
[2026-09-21T14:55:22.693+0000] {processor.py:208} INFO - Processing /opt/airflow/dags/dss150p_pipeline.py took 0.347 seconds
[2026-09-21T14:55:53.407+0000] {processor.py:186} INFO - Started process (PID=2598) to work on /opt/airflow/dags/dss150p_pipeline.py
[2026-09-21T14:55:53.420+0000] {processor.py:914} INFO - Processing file /opt/airflow/dags/dss150p_pipeline.py for tasks to queue
[2026-09-21T14:55:53.451+0000] {logging_mixin.py:190} INFO - [2026-09-21T14:55:53.450+0000] {dagbag.py:588} INFO - Filling up the DagBag from /opt/airflow/dags/dss150p_pipeline.py
[2026-09-21T14:55:53.615+0000] {processor.py:925} INFO - DAG(s) 'dss150p_sales_pipeline' retrieved from /opt/airflow/dags/dss150p_pipeline.py
[2026-09-21T14:55:53.873+0000] {logging_mixin.py:190} INFO - [2026-09-21T14:55:53.872+0000] {dag.py:3239} INFO - Sync 1 DAGs
[2026-09-21T14:55:53.983+0000] {logging_mixin.py:190} INFO - [2026-09-21T14:55:53.983+0000] {dag.py:4180} INFO - Setting next_dagrun for dss150p_sales_pipeline to 2026-09-21 02:00:00+00:00, run_after=2026-09-22 02:00:00+00:00
[2026-09-21T14:55:54.341+0000] {processor.py:208} INFO - Processing /opt/airflow/dags/dss150p_pipeline.py took 0.977 seconds
[2026-09-21T14:56:24.883+0000] {processor.py:186} INFO - Started process (PID=2603) to work on /opt/airflow/dags/dss150p_pipeline.py
[2026-09-21T14:56:24.891+0000] {processor.py:914} INFO - Processing file /opt/airflow/dags/dss150p_pipeline.py for tasks to queue
[2026-09-21T14:56:24.908+0000] {logging_mixin.py:190} INFO - [2026-09-21T14:56:24.905+0000] {dagbag.py:588} INFO - Filling up the DagBag from /opt/airflow/dags/dss150p_pipeline.py
[2026-09-21T14:56:25.000+0000] {processor.py:925} INFO - DAG(s) 'dss150p_sales_pipeline' retrieved from /opt/airflow/dags/dss150p_pipeline.py
[2026-09-21T14:56:25.209+0000] {logging_mixin.py:190} INFO - [2026-09-21T14:56:25.209+0000] {dag.py:3239} INFO - Sync 1 DAGs
[2026-09-21T14:56:25.363+0000] {logging_mixin.py:190} INFO - [2026-09-21T14:56:25.362+0000] {dag.py:4180} INFO - Setting next_dagrun for dss150p_sales_pipeline to 2026-09-21 02:00:00+00:00, run_after=2026-09-22 02:00:00+00:00
[2026-09-21T14:56:25.405+0000] {processor.py:208} INFO - Processing /opt/airflow/dags/dss150p_pipeline.py took 0.571 seconds
[2026-09-21T14:56:55.583+0000] {processor.py:186} INFO - Started process (PID=2608) to work on /opt/airflow/dags/dss150p_pipeline.py
[2026-09-21T14:56:55.587+0000] {processor.py:914} INFO - Processing file /opt/airflow/dags/dss150p_pipeline.py for tasks to queue
[2026-09-21T14:56:55.594+0000] {logging_mixin.py:190} INFO - [2026-09-21T14:56:55.593+0000] {dagbag.py:588} INFO - Filling up the DagBag from /opt/airflow/dags/dss150p_pipeline.py
[2026-09-21T14:56:55.661+0000] {processor.py:925} INFO - DAG(s) 'dss150p_sales_pipeline' retrieved from /opt/airflow/dags/dss150p_pipeline.py
[2026-09-21T14:56:55.755+0000] {logging_mixin.py:190} INFO - [2026-09-21T14:56:55.755+0000] {dag.py:3239} INFO - Sync 1 DAGs
[2026-09-21T14:56:55.810+0000] {logging_mixin.py:190} INFO - [2026-09-21T14:56:55.809+0000] {dag.py:4180} INFO - Setting next_dagrun for dss150p_sales_pipeline to 2026-09-21 02:00:00+00:00, run_after=2026-09-22 02:00:00+00:00
[2026-09-21T14:56:55.850+0000] {processor.py:208} INFO - Processing /opt/airflow/dags/dss150p_pipeline.py took 0.287 seconds
[2026-09-21T14:57:26.017+0000] {processor.py:186} INFO - Started process (PID=2613) to work on /opt/airflow/dags/dss150p_pipeline.py
[2026-09-21T14:57:26.024+0000] {processor.py:914} INFO - Processing file /opt/airflow/dags/dss150p_pipeline.py for tasks to queue
[2026-09-21T14:57:26.039+0000] {logging_mixin.py:190} INFO - [2026-09-21T14:57:26.038+0000] {dagbag.py:588} INFO - Filling up the DagBag from /opt/airflow/dags/dss150p_pipeline.py
[2026-09-21T14:57:26.219+0000] {processor.py:925} INFO - DAG(s) 'dss150p_sales_pipeline' retrieved from /opt/airflow/dags/dss150p_pipeline.py
[2026-09-21T14:57:26.421+0000] {logging_mixin.py:190} INFO - [2026-09-21T14:57:26.420+0000] {dag.py:3239} INFO - Sync 1 DAGs
[2026-09-21T14:57:26.503+0000] {logging_mixin.py:190} INFO - [2026-09-21T14:57:26.501+0000] {dag.py:4180} INFO - Setting next_dagrun for dss150p_sales_pipeline to 2026-09-21 02:00:00+00:00, run_after=2026-09-22 02:00:00+00:00
[2026-09-21T14:57:26.553+0000] {processor.py:208} INFO - Processing /opt/airflow/dags/dss150p_pipeline.py took 0.560 seconds
[2026-09-21T14:57:57.287+0000] {processor.py:186} INFO - Started process (PID=2618) to work on /opt/airflow/dags/dss150p_pipeline.py
[2026-09-21T14:57:57.291+0000] {processor.py:914} INFO - Processing file /opt/airflow/dags/dss150p_pipeline.py for tasks to queue
[2026-09-21T14:57:57.304+0000] {logging_mixin.py:190} INFO - [2026-09-21T14:57:57.303+0000] {dagbag.py:588} INFO - Filling up the DagBag from /opt/airflow/dags/dss150p_pipeline.py
[2026-09-21T14:57:57.410+0000] {processor.py:925} INFO - DAG(s) 'dss150p_sales_pipeline' retrieved from /opt/airflow/dags/dss150p_pipeline.py
[2026-09-21T14:57:57.568+0000] {logging_mixin.py:190} INFO - [2026-09-21T14:57:57.567+0000] {dag.py:3239} INFO - Sync 1 DAGs
[2026-09-21T14:57:57.661+0000] {logging_mixin.py:190} INFO - [2026-09-21T14:57:57.660+0000] {dag.py:4180} INFO - Setting next_dagrun for dss150p_sales_pipeline to 2026-09-21 02:00:00+00:00, run_after=2026-09-22 02:00:00+00:00
[2026-09-21T14:57:57.753+0000] {processor.py:208} INFO - Processing /opt/airflow/dags/dss150p_pipeline.py took 0.489 seconds
[2026-09-21T14:58:28.081+0000] {processor.py:186} INFO - Started process (PID=2623) to work on /opt/airflow/dags/dss150p_pipeline.py
[2026-09-21T14:58:28.085+0000] {processor.py:914} INFO - Processing file /opt/airflow/dags/dss150p_pipeline.py for tasks to queue
[2026-09-21T14:58:28.092+0000] {logging_mixin.py:190} INFO - [2026-09-21T14:58:28.092+0000] {dagbag.py:588} INFO - Filling up the DagBag from /opt/airflow/dags/dss150p_pipeline.py
[2026-09-21T14:58:28.164+0000] {processor.py:925} INFO - DAG(s) 'dss150p_sales_pipeline' retrieved from /opt/airflow/dags/dss150p_pipeline.py
[2026-09-21T14:58:28.287+0000] {logging_mixin.py:190} INFO - [2026-09-21T14:58:28.287+0000] {dag.py:3239} INFO - Sync 1 DAGs
[2026-09-21T14:58:28.331+0000] {logging_mixin.py:190} INFO - [2026-09-21T14:58:28.330+0000] {dag.py:4180} INFO - Setting next_dagrun for dss150p_sales_pipeline to 2026-09-21 02:00:00+00:00, run_after=2026-09-22 02:00:00+00:00
[2026-09-21T14:58:28.373+0000] {processor.py:208} INFO - Processing /opt/airflow/dags/dss150p_pipeline.py took 0.306 seconds
[2026-09-21T14:58:58.752+0000] {processor.py:186} INFO - Started process (PID=2628) to work on /opt/airflow/dags/dss150p_pipeline.py
[2026-09-21T14:58:58.755+0000] {processor.py:914} INFO - Processing file /opt/airflow/dags/dss150p_pipeline.py for tasks to queue
[2026-09-21T14:58:58.762+0000] {logging_mixin.py:190} INFO - [2026-09-21T14:58:58.761+0000] {dagbag.py:588} INFO - Filling up the DagBag from /opt/airflow/dags/dss150p_pipeline.py
[2026-09-21T14:58:58.847+0000] {processor.py:925} INFO - DAG(s) 'dss150p_sales_pipeline' retrieved from /opt/airflow/dags/dss150p_pipeline.py
[2026-09-21T14:58:59.072+0000] {logging_mixin.py:190} INFO - [2026-09-21T14:58:59.072+0000] {dag.py:3239} INFO - Sync 1 DAGs
[2026-09-21T14:58:59.243+0000] {logging_mixin.py:190} INFO - [2026-09-21T14:58:59.243+0000] {dag.py:4180} INFO - Setting next_dagrun for dss150p_sales_pipeline to 2026-09-21 02:00:00+00:00, run_after=2026-09-22 02:00:00+00:00
[2026-09-21T14:58:59.301+0000] {processor.py:208} INFO - Processing /opt/airflow/dags/dss150p_pipeline.py took 0.567 seconds
[2026-09-21T14:59:29.452+0000] {processor.py:186} INFO - Started process (PID=2633) to work on /opt/airflow/dags/dss150p_pipeline.py
[2026-09-21T14:59:29.456+0000] {processor.py:914} INFO - Processing file /opt/airflow/dags/dss150p_pipeline.py for tasks to queue
[2026-09-21T14:59:29.464+0000] {logging_mixin.py:190} INFO - [2026-09-21T14:59:29.464+0000] {dagbag.py:588} INFO - Filling up the DagBag from /opt/airflow/dags/dss150p_pipeline.py
[2026-09-21T14:59:29.549+0000] {processor.py:925} INFO - DAG(s) 'dss150p_sales_pipeline' retrieved from /opt/airflow/dags/dss150p_pipeline.py
[2026-09-21T14:59:29.739+0000] {logging_mixin.py:190} INFO - [2026-09-21T14:59:29.738+0000] {dag.py:3239} INFO - Sync 1 DAGs
[2026-09-21T14:59:29.872+0000] {logging_mixin.py:190} INFO - [2026-09-21T14:59:29.871+0000] {dag.py:4180} INFO - Setting next_dagrun for dss150p_sales_pipeline to 2026-09-21 02:00:00+00:00, run_after=2026-09-22 02:00:00+00:00
[2026-09-21T14:59:29.979+0000] {processor.py:208} INFO - Processing /opt/airflow/dags/dss150p_pipeline.py took 0.548 seconds
[2026-09-21T15:00:00.252+0000] {processor.py:186} INFO - Started process (PID=2638) to work on /opt/airflow/dags/dss150p_pipeline.py
[2026-09-21T15:00:00.262+0000] {processor.py:914} INFO - Processing file /opt/airflow/dags/dss150p_pipeline.py for tasks to queue
[2026-09-21T15:00:00.284+0000] {logging_mixin.py:190} INFO - [2026-09-21T15:00:00.283+0000] {dagbag.py:588} INFO - Filling up the DagBag from /opt/airflow/dags/dss150p_pipeline.py
[2026-09-21T15:00:00.374+0000] {processor.py:925} INFO - DAG(s) 'dss150p_sales_pipeline' retrieved from /opt/airflow/dags/dss150p_pipeline.py
[2026-09-21T15:00:00.542+0000] {logging_mixin.py:190} INFO - [2026-09-21T15:00:00.541+0000] {dag.py:3239} INFO - Sync 1 DAGs
[2026-09-21T15:00:00.619+0000] {logging_mixin.py:190} INFO - [2026-09-21T15:00:00.619+0000] {dag.py:4180} INFO - Setting next_dagrun for dss150p_sales_pipeline to 2026-09-21 02:00:00+00:00, run_after=2026-09-22 02:00:00+00:00
[2026-09-21T15:00:00.668+0000] {processor.py:208} INFO - Processing /opt/airflow/dags/dss150p_pipeline.py took 0.444 seconds
[2026-09-21T15:00:30.928+0000] {processor.py:186} INFO - Started process (PID=2643) to work on /opt/airflow/dags/dss150p_pipeline.py
[2026-09-21T15:00:30.932+0000] {processor.py:914} INFO - Processing file /opt/airflow/dags/dss150p_pipeline.py for tasks to queue
[2026-09-21T15:00:30.940+0000] {logging_mixin.py:190} INFO - [2026-09-21T15:00:30.938+0000] {dagbag.py:588} INFO - Filling up the DagBag from /opt/airflow/dags/dss150p_pipeline.py
[2026-09-21T15:00:31.008+0000] {processor.py:925} INFO - DAG(s) 'dss150p_sales_pipeline' retrieved from /opt/airflow/dags/dss150p_pipeline.py
[2026-09-21T15:00:31.136+0000] {logging_mixin.py:190} INFO - [2026-09-21T15:00:31.136+0000] {dag.py:3239} INFO - Sync 1 DAGs
[2026-09-21T15:00:31.203+0000] {logging_mixin.py:190} INFO - [2026-09-21T15:00:31.203+0000] {dag.py:4180} INFO - Setting next_dagrun for dss150p_sales_pipeline to 2026-09-21 02:00:00+00:00, run_after=2026-09-22 02:00:00+00:00
[2026-09-21T15:00:31.267+0000] {processor.py:208} INFO - Processing /opt/airflow/dags/dss150p_pipeline.py took 0.359 seconds
[2026-09-21T15:01:01.456+0000] {processor.py:186} INFO - Started process (PID=2648) to work on /opt/airflow/dags/dss150p_pipeline.py
[2026-09-21T15:01:01.469+0000] {processor.py:914} INFO - Processing file /opt/airflow/dags/dss150p_pipeline.py for tasks to queue
[2026-09-21T15:01:01.487+0000] {logging_mixin.py:190} INFO - [2026-09-21T15:01:01.486+0000] {dagbag.py:588} INFO - Filling up the DagBag from /opt/airflow/dags/dss150p_pipeline.py
[2026-09-21T15:01:01.632+0000] {processor.py:925} INFO - DAG(s) 'dss150p_sales_pipeline' retrieved from /opt/airflow/dags/dss150p_pipeline.py
[2026-09-21T15:01:01.870+0000] {logging_mixin.py:190} INFO - [2026-09-21T15:01:01.870+0000] {dag.py:3239} INFO - Sync 1 DAGs
[2026-09-21T15:01:02.050+0000] {logging_mixin.py:190} INFO - [2026-09-21T15:01:02.050+0000] {dag.py:4180} INFO - Setting next_dagrun for dss150p_sales_pipeline to 2026-09-21 02:00:00+00:00, run_after=2026-09-22 02:00:00+00:00
[2026-09-21T15:01:02.258+0000] {processor.py:208} INFO - Processing /opt/airflow/dags/dss150p_pipeline.py took 0.842 seconds
[2026-09-21T15:01:32.876+0000] {processor.py:186} INFO - Started process (PID=2653) to work on /opt/airflow/dags/dss150p_pipeline.py
[2026-09-21T15:01:33.028+0000] {processor.py:914} INFO - Processing file /opt/airflow/dags/dss150p_pipeline.py for tasks to queue
[2026-09-21T15:01:33.079+0000] {logging_mixin.py:190} INFO - [2026-09-21T15:01:33.078+0000] {dagbag.py:588} INFO - Filling up the DagBag from /opt/airflow/dags/dss150p_pipeline.py
[2026-09-21T15:01:33.289+0000] {processor.py:925} INFO - DAG(s) 'dss150p_sales_pipeline' retrieved from /opt/airflow/dags/dss150p_pipeline.py
[2026-09-21T15:01:33.456+0000] {logging_mixin.py:190} INFO - [2026-09-21T15:01:33.455+0000] {dag.py:3239} INFO - Sync 1 DAGs
[2026-09-21T15:01:33.590+0000] {logging_mixin.py:190} INFO - [2026-09-21T15:01:33.589+0000] {dag.py:4180} INFO - Setting next_dagrun for dss150p_sales_pipeline to 2026-09-21 02:00:00+00:00, run_after=2026-09-22 02:00:00+00:00
[2026-09-21T15:01:33.903+0000] {processor.py:208} INFO - Processing /opt/airflow/dags/dss150p_pipeline.py took 1.108 seconds
[2026-09-21T15:02:04.444+0000] {processor.py:186} INFO - Started process (PID=2658) to work on /opt/airflow/dags/dss150p_pipeline.py
[2026-09-21T15:02:04.447+0000] {processor.py:914} INFO - Processing file /opt/airflow/dags/dss150p_pipeline.py for tasks to queue
[2026-09-21T15:02:04.454+0000] {logging_mixin.py:190} INFO - [2026-09-21T15:02:04.453+0000] {dagbag.py:588} INFO - Filling up the DagBag from /opt/airflow/dags/dss150p_pipeline.py
[2026-09-21T15:02:04.510+0000] {processor.py:925} INFO - DAG(s) 'dss150p_sales_pipeline' retrieved from /opt/airflow/dags/dss150p_pipeline.py
[2026-09-21T15:02:04.680+0000] {logging_mixin.py:190} INFO - [2026-09-21T15:02:04.679+0000] {dag.py:3239} INFO - Sync 1 DAGs
[2026-09-21T15:02:04.746+0000] {logging_mixin.py:190} INFO - [2026-09-21T15:02:04.745+0000] {dag.py:4180} INFO - Setting next_dagrun for dss150p_sales_pipeline to 2026-09-21 02:00:00+00:00, run_after=2026-09-22 02:00:00+00:00
[2026-09-21T15:02:04.820+0000] {processor.py:208} INFO - Processing /opt/airflow/dags/dss150p_pipeline.py took 0.392 seconds
[2026-09-21T15:02:35.551+0000] {processor.py:186} INFO - Started process (PID=2663) to work on /opt/airflow/dags/dss150p_pipeline.py
[2026-09-21T15:02:35.564+0000] {processor.py:914} INFO - Processing file /opt/airflow/dags/dss150p_pipeline.py for tasks to queue
[2026-09-21T15:02:35.615+0000] {logging_mixin.py:190} INFO - [2026-09-21T15:02:35.614+0000] {dagbag.py:588} INFO - Filling up the DagBag from /opt/airflow/dags/dss150p_pipeline.py
[2026-09-21T15:02:35.755+0000] {processor.py:925} INFO - DAG(s) 'dss150p_sales_pipeline' retrieved from /opt/airflow/dags/dss150p_pipeline.py
[2026-09-21T15:02:35.895+0000] {logging_mixin.py:190} INFO - [2026-09-21T15:02:35.895+0000] {dag.py:3239} INFO - Sync 1 DAGs
[2026-09-21T15:02:35.973+0000] {logging_mixin.py:190} INFO - [2026-09-21T15:02:35.972+0000] {dag.py:4180} INFO - Setting next_dagrun for dss150p_sales_pipeline to 2026-09-21 02:00:00+00:00, run_after=2026-09-22 02:00:00+00:00
[2026-09-21T15:02:36.022+0000] {processor.py:208} INFO - Processing /opt/airflow/dags/dss150p_pipeline.py took 0.526 seconds
[2026-09-21T15:03:06.271+0000] {processor.py:186} INFO - Started process (PID=2668) to work on /opt/airflow/dags/dss150p_pipeline.py
[2026-09-21T15:03:06.274+0000] {processor.py:914} INFO - Processing file /opt/airflow/dags/dss150p_pipeline.py for tasks to queue
[2026-09-21T15:03:06.280+0000] {logging_mixin.py:190} INFO - [2026-09-21T15:03:06.279+0000] {dagbag.py:588} INFO - Filling up the DagBag from /opt/airflow/dags/dss150p_pipeline.py
[2026-09-21T15:03:06.378+0000] {processor.py:925} INFO - DAG(s) 'dss150p_sales_pipeline' retrieved from /opt/airflow/dags/dss150p_pipeline.py
[2026-09-21T15:03:06.514+0000] {logging_mixin.py:190} INFO - [2026-09-21T15:03:06.513+0000] {dag.py:3239} INFO - Sync 1 DAGs
[2026-09-21T15:03:06.575+0000] {logging_mixin.py:190} INFO - [2026-09-21T15:03:06.575+0000] {dag.py:4180} INFO - Setting next_dagrun for dss150p_sales_pipeline to 2026-09-21 02:00:00+00:00, run_after=2026-09-22 02:00:00+00:00
[2026-09-21T15:03:06.613+0000] {processor.py:208} INFO - Processing /opt/airflow/dags/dss150p_pipeline.py took 0.362 seconds
[2026-09-21T15:03:37.196+0000] {processor.py:186} INFO - Started process (PID=2673) to work on /opt/airflow/dags/dss150p_pipeline.py
[2026-09-21T15:03:37.202+0000] {processor.py:914} INFO - Processing file /opt/airflow/dags/dss150p_pipeline.py for tasks to queue
[2026-09-21T15:03:37.209+0000] {logging_mixin.py:190} INFO - [2026-09-21T15:03:37.208+0000] {dagbag.py:588} INFO - Filling up the DagBag from /opt/airflow/dags/dss150p_pipeline.py
[2026-09-21T15:03:37.273+0000] {processor.py:925} INFO - DAG(s) 'dss150p_sales_pipeline' retrieved from /opt/airflow/dags/dss150p_pipeline.py
[2026-09-21T15:03:37.449+0000] {logging_mixin.py:190} INFO - [2026-09-21T15:03:37.447+0000] {dag.py:3239} INFO - Sync 1 DAGs
[2026-09-21T15:03:37.529+0000] {logging_mixin.py:190} INFO - [2026-09-21T15:03:37.528+0000] {dag.py:4180} INFO - Setting next_dagrun for dss150p_sales_pipeline to 2026-09-21 02:00:00+00:00, run_after=2026-09-22 02:00:00+00:00
[2026-09-21T15:03:37.578+0000] {processor.py:208} INFO - Processing /opt/airflow/dags/dss150p_pipeline.py took 0.415 seconds
[2026-09-21T15:04:08.135+0000] {processor.py:186} INFO - Started process (PID=2678) to work on /opt/airflow/dags/dss150p_pipeline.py
[2026-09-21T15:04:08.138+0000] {processor.py:914} INFO - Processing file /opt/airflow/dags/dss150p_pipeline.py for tasks to queue
[2026-09-21T15:04:08.146+0000] {logging_mixin.py:190} INFO - [2026-09-21T15:04:08.145+0000] {dagbag.py:588} INFO - Filling up the DagBag from /opt/airflow/dags/dss150p_pipeline.py
[2026-09-21T15:04:08.261+0000] {processor.py:925} INFO - DAG(s) 'dss150p_sales_pipeline' retrieved from /opt/airflow/dags/dss150p_pipeline.py
[2026-09-21T15:04:08.355+0000] {logging_mixin.py:190} INFO - [2026-09-21T15:04:08.354+0000] {dag.py:3239} INFO - Sync 1 DAGs
[2026-09-21T15:04:08.402+0000] {logging_mixin.py:190} INFO - [2026-09-21T15:04:08.402+0000] {dag.py:4180} INFO - Setting next_dagrun for dss150p_sales_pipeline to 2026-09-21 02:00:00+00:00, run_after=2026-09-22 02:00:00+00:00
[2026-09-21T15:04:08.450+0000] {processor.py:208} INFO - Processing /opt/airflow/dags/dss150p_pipeline.py took 0.331 seconds
[2026-09-21T15:04:38.859+0000] {processor.py:186} INFO - Started process (PID=2683) to work on /opt/airflow/dags/dss150p_pipeline.py
[2026-09-21T15:04:38.862+0000] {processor.py:914} INFO - Processing file /opt/airflow/dags/dss150p_pipeline.py for tasks to queue
[2026-09-21T15:04:38.868+0000] {logging_mixin.py:190} INFO - [2026-09-21T15:04:38.867+0000] {dagbag.py:588} INFO - Filling up the DagBag from /opt/airflow/dags/dss150p_pipeline.py
[2026-09-21T15:04:38.922+0000] {processor.py:925} INFO - DAG(s) 'dss150p_sales_pipeline' retrieved from /opt/airflow/dags/dss150p_pipeline.py
[2026-09-21T15:04:39.015+0000] {logging_mixin.py:190} INFO - [2026-09-21T15:04:39.015+0000] {dag.py:3239} INFO - Sync 1 DAGs
[2026-09-21T15:04:39.049+0000] {logging_mixin.py:190} INFO - [2026-09-21T15:04:39.048+0000] {dag.py:4180} INFO - Setting next_dagrun for dss150p_sales_pipeline to 2026-09-21 02:00:00+00:00, run_after=2026-09-22 02:00:00+00:00
[2026-09-21T15:04:39.081+0000] {processor.py:208} INFO - Processing /opt/airflow/dags/dss150p_pipeline.py took 0.237 seconds
[2026-09-21T15:05:09.339+0000] {processor.py:186} INFO - Started process (PID=2688) to work on /opt/airflow/dags/dss150p_pipeline.py
[2026-09-21T15:05:09.347+0000] {processor.py:914} INFO - Processing file /opt/airflow/dags/dss150p_pipeline.py for tasks to queue
[2026-09-21T15:05:09.357+0000] {logging_mixin.py:190} INFO - [2026-09-21T15:05:09.356+0000] {dagbag.py:588} INFO - Filling up the DagBag from /opt/airflow/dags/dss150p_pipeline.py
[2026-09-21T15:05:09.488+0000] {processor.py:925} INFO - DAG(s) 'dss150p_sales_pipeline' retrieved from /opt/airflow/dags/dss150p_pipeline.py
[2026-09-21T15:05:09.715+0000] {logging_mixin.py:190} INFO - [2026-09-21T15:05:09.715+0000] {dag.py:3239} INFO - Sync 1 DAGs
[2026-09-21T15:05:09.795+0000] {logging_mixin.py:190} INFO - [2026-09-21T15:05:09.793+0000] {dag.py:4180} INFO - Setting next_dagrun for dss150p_sales_pipeline to 2026-09-21 02:00:00+00:00, run_after=2026-09-22 02:00:00+00:00
[2026-09-21T15:05:09.862+0000] {processor.py:208} INFO - Processing /opt/airflow/dags/dss150p_pipeline.py took 0.586 seconds
[2026-09-21T15:05:40.187+0000] {processor.py:186} INFO - Started process (PID=2693) to work on /opt/airflow/dags/dss150p_pipeline.py
[2026-09-21T15:05:40.191+0000] {processor.py:914} INFO - Processing file /opt/airflow/dags/dss150p_pipeline.py for tasks to queue
[2026-09-21T15:05:40.200+0000] {logging_mixin.py:190} INFO - [2026-09-21T15:05:40.198+0000] {dagbag.py:588} INFO - Filling up the DagBag from /opt/airflow/dags/dss150p_pipeline.py
[2026-09-21T15:05:40.283+0000] {processor.py:925} INFO - DAG(s) 'dss150p_sales_pipeline' retrieved from /opt/airflow/dags/dss150p_pipeline.py
[2026-09-21T15:05:40.411+0000] {logging_mixin.py:190} INFO - [2026-09-21T15:05:40.410+0000] {dag.py:3239} INFO - Sync 1 DAGs
[2026-09-21T15:05:40.473+0000] {logging_mixin.py:190} INFO - [2026-09-21T15:05:40.473+0000] {dag.py:4180} INFO - Setting next_dagrun for dss150p_sales_pipeline to 2026-09-21 02:00:00+00:00, run_after=2026-09-22 02:00:00+00:00
[2026-09-21T15:05:40.527+0000] {processor.py:208} INFO - Processing /opt/airflow/dags/dss150p_pipeline.py took 0.360 seconds
[2026-09-21T15:06:12.001+0000] {processor.py:186} INFO - Started process (PID=2698) to work on /opt/airflow/dags/dss150p_pipeline.py
[2026-09-21T15:06:12.017+0000] {processor.py:914} INFO - Processing file /opt/airflow/dags/dss150p_pipeline.py for tasks to queue
[2026-09-21T15:06:12.030+0000] {logging_mixin.py:190} INFO - [2026-09-21T15:06:12.029+0000] {dagbag.py:588} INFO - Filling up the DagBag from /opt/airflow/dags/dss150p_pipeline.py
[2026-09-21T15:06:12.136+0000] {processor.py:925} INFO - DAG(s) 'dss150p_sales_pipeline' retrieved from /opt/airflow/dags/dss150p_pipeline.py
[2026-09-21T15:06:12.314+0000] {logging_mixin.py:190} INFO - [2026-09-21T15:06:12.314+0000] {dag.py:3239} INFO - Sync 1 DAGs
[2026-09-21T15:06:12.411+0000] {logging_mixin.py:190} INFO - [2026-09-21T15:06:12.410+0000] {dag.py:4180} INFO - Setting next_dagrun for dss150p_sales_pipeline to 2026-09-21 02:00:00+00:00, run_after=2026-09-22 02:00:00+00:00
[2026-09-21T15:06:12.590+0000] {processor.py:208} INFO - Processing /opt/airflow/dags/dss150p_pipeline.py took 0.647 seconds
[2026-09-21T15:06:42.962+0000] {processor.py:186} INFO - Started process (PID=2703) to work on /opt/airflow/dags/dss150p_pipeline.py
[2026-09-21T15:06:42.965+0000] {processor.py:914} INFO - Processing file /opt/airflow/dags/dss150p_pipeline.py for tasks to queue
[2026-09-21T15:06:42.986+0000] {logging_mixin.py:190} INFO - [2026-09-21T15:06:42.985+0000] {dagbag.py:588} INFO - Filling up the DagBag from /opt/airflow/dags/dss150p_pipeline.py
[2026-09-21T15:06:43.126+0000] {processor.py:925} INFO - DAG(s) 'dss150p_sales_pipeline' retrieved from /opt/airflow/dags/dss150p_pipeline.py
[2026-09-21T15:06:43.596+0000] {logging_mixin.py:190} INFO - [2026-09-21T15:06:43.595+0000] {dag.py:3239} INFO - Sync 1 DAGs
[2026-09-21T15:06:43.794+0000] {logging_mixin.py:190} INFO - [2026-09-21T15:06:43.793+0000] {dag.py:4180} INFO - Setting next_dagrun for dss150p_sales_pipeline to 2026-09-21 02:00:00+00:00, run_after=2026-09-22 02:00:00+00:00
[2026-09-21T15:06:43.836+0000] {processor.py:208} INFO - Processing /opt/airflow/dags/dss150p_pipeline.py took 0.902 seconds
[2026-09-21T15:07:16.829+0000] {processor.py:186} INFO - Started process (PID=2708) to work on /opt/airflow/dags/dss150p_pipeline.py
[2026-09-21T15:07:16.847+0000] {processor.py:914} INFO - Processing file /opt/airflow/dags/dss150p_pipeline.py for tasks to queue
[2026-09-21T15:07:16.901+0000] {logging_mixin.py:190} INFO - [2026-09-21T15:07:16.886+0000] {dagbag.py:588} INFO - Filling up the DagBag from /opt/airflow/dags/dss150p_pipeline.py
[2026-09-21T15:07:17.054+0000] {processor.py:925} INFO - DAG(s) 'dss150p_sales_pipeline' retrieved from /opt/airflow/dags/dss150p_pipeline.py
[2026-09-21T15:07:17.194+0000] {logging_mixin.py:190} INFO - [2026-09-21T15:07:17.193+0000] {dag.py:3239} INFO - Sync 1 DAGs
[2026-09-21T15:07:17.241+0000] {logging_mixin.py:190} INFO - [2026-09-21T15:07:17.241+0000] {dag.py:4180} INFO - Setting next_dagrun for dss150p_sales_pipeline to 2026-09-21 02:00:00+00:00, run_after=2026-09-22 02:00:00+00:00
[2026-09-21T15:07:17.279+0000] {processor.py:208} INFO - Processing /opt/airflow/dags/dss150p_pipeline.py took 0.562 seconds
[2026-09-21T15:07:48.004+0000] {processor.py:186} INFO - Started process (PID=2713) to work on /opt/airflow/dags/dss150p_pipeline.py
[2026-09-21T15:07:48.009+0000] {processor.py:914} INFO - Processing file /opt/airflow/dags/dss150p_pipeline.py for tasks to queue
[2026-09-21T15:07:48.017+0000] {logging_mixin.py:190} INFO - [2026-09-21T15:07:48.016+0000] {dagbag.py:588} INFO - Filling up the DagBag from /opt/airflow/dags/dss150p_pipeline.py
[2026-09-21T15:07:48.080+0000] {processor.py:925} INFO - DAG(s) 'dss150p_sales_pipeline' retrieved from /opt/airflow/dags/dss150p_pipeline.py
[2026-09-21T15:07:48.182+0000] {logging_mixin.py:190} INFO - [2026-09-21T15:07:48.182+0000] {dag.py:3239} INFO - Sync 1 DAGs
[2026-09-21T15:07:48.219+0000] {logging_mixin.py:190} INFO - [2026-09-21T15:07:48.219+0000] {dag.py:4180} INFO - Setting next_dagrun for dss150p_sales_pipeline to 2026-09-21 02:00:00+00:00, run_after=2026-09-22 02:00:00+00:00
[2026-09-21T15:07:48.255+0000] {processor.py:208} INFO - Processing /opt/airflow/dags/dss150p_pipeline.py took 0.273 seconds
[2026-09-21T15:08:20.042+0000] {processor.py:186} INFO - Started process (PID=2718) to work on /opt/airflow/dags/dss150p_pipeline.py
[2026-09-21T15:08:20.047+0000] {processor.py:914} INFO - Processing file /opt/airflow/dags/dss150p_pipeline.py for tasks to queue
[2026-09-21T15:08:20.095+0000] {logging_mixin.py:190} INFO - [2026-09-21T15:08:20.094+0000] {dagbag.py:588} INFO - Filling up the DagBag from /opt/airflow/dags/dss150p_pipeline.py
[2026-09-21T15:08:20.225+0000] {processor.py:925} INFO - DAG(s) 'dss150p_sales_pipeline' retrieved from /opt/airflow/dags/dss150p_pipeline.py
[2026-09-21T15:08:20.457+0000] {logging_mixin.py:190} INFO - [2026-09-21T15:08:20.457+0000] {dag.py:3239} INFO - Sync 1 DAGs
[2026-09-21T15:08:20.512+0000] {logging_mixin.py:190} INFO - [2026-09-21T15:08:20.511+0000] {dag.py:4180} INFO - Setting next_dagrun for dss150p_sales_pipeline to 2026-09-21 02:00:00+00:00, run_after=2026-09-22 02:00:00+00:00
[2026-09-21T15:08:20.569+0000] {processor.py:208} INFO - Processing /opt/airflow/dags/dss150p_pipeline.py took 0.570 seconds
[2026-09-21T15:08:51.030+0000] {processor.py:186} INFO - Started process (PID=2723) to work on /opt/airflow/dags/dss150p_pipeline.py
[2026-09-21T15:08:51.033+0000] {processor.py:914} INFO - Processing file /opt/airflow/dags/dss150p_pipeline.py for tasks to queue
[2026-09-21T15:08:51.038+0000] {logging_mixin.py:190} INFO - [2026-09-21T15:08:51.037+0000] {dagbag.py:588} INFO - Filling up the DagBag from /opt/airflow/dags/dss150p_pipeline.py
[2026-09-21T15:08:51.084+0000] {processor.py:925} INFO - DAG(s) 'dss150p_sales_pipeline' retrieved from /opt/airflow/dags/dss150p_pipeline.py
[2026-09-21T15:08:51.177+0000] {logging_mixin.py:190} INFO - [2026-09-21T15:08:51.177+0000] {dag.py:3239} INFO - Sync 1 DAGs
[2026-09-21T15:08:51.224+0000] {logging_mixin.py:190} INFO - [2026-09-21T15:08:51.224+0000] {dag.py:4180} INFO - Setting next_dagrun for dss150p_sales_pipeline to 2026-09-21 02:00:00+00:00, run_after=2026-09-22 02:00:00+00:00
[2026-09-21T15:08:51.258+0000] {processor.py:208} INFO - Processing /opt/airflow/dags/dss150p_pipeline.py took 0.242 seconds
[2026-09-21T15:09:22.185+0000] {processor.py:186} INFO - Started process (PID=2728) to work on /opt/airflow/dags/dss150p_pipeline.py
[2026-09-21T15:09:22.188+0000] {processor.py:914} INFO - Processing file /opt/airflow/dags/dss150p_pipeline.py for tasks to queue
[2026-09-21T15:09:22.194+0000] {logging_mixin.py:190} INFO - [2026-09-21T15:09:22.193+0000] {dagbag.py:588} INFO - Filling up the DagBag from /opt/airflow/dags/dss150p_pipeline.py
[2026-09-21T15:09:22.260+0000] {processor.py:925} INFO - DAG(s) 'dss150p_sales_pipeline' retrieved from /opt/airflow/dags/dss150p_pipeline.py
[2026-09-21T15:09:22.367+0000] {logging_mixin.py:190} INFO - [2026-09-21T15:09:22.367+0000] {dag.py:3239} INFO - Sync 1 DAGs
[2026-09-21T15:09:22.422+0000] {logging_mixin.py:190} INFO - [2026-09-21T15:09:22.421+0000] {dag.py:4180} INFO - Setting next_dagrun for dss150p_sales_pipeline to 2026-09-21 02:00:00+00:00, run_after=2026-09-22 02:00:00+00:00
[2026-09-21T15:09:22.488+0000] {processor.py:208} INFO - Processing /opt/airflow/dags/dss150p_pipeline.py took 0.321 seconds
[2026-09-21T15:09:52.836+0000] {processor.py:186} INFO - Started process (PID=2733) to work on /opt/airflow/dags/dss150p_pipeline.py
[2026-09-21T15:09:52.852+0000] {processor.py:914} INFO - Processing file /opt/airflow/dags/dss150p_pipeline.py for tasks to queue
[2026-09-21T15:09:52.912+0000] {logging_mixin.py:190} INFO - [2026-09-21T15:09:52.905+0000] {dagbag.py:588} INFO - Filling up the DagBag from /opt/airflow/dags/dss150p_pipeline.py
[2026-09-21T15:09:53.082+0000] {processor.py:925} INFO - DAG(s) 'dss150p_sales_pipeline' retrieved from /opt/airflow/dags/dss150p_pipeline.py
[2026-09-21T15:09:53.293+0000] {logging_mixin.py:190} INFO - [2026-09-21T15:09:53.292+0000] {dag.py:3239} INFO - Sync 1 DAGs
[2026-09-21T15:09:53.408+0000] {logging_mixin.py:190} INFO - [2026-09-21T15:09:53.407+0000] {dag.py:4180} INFO - Setting next_dagrun for dss150p_sales_pipeline to 2026-09-21 02:00:00+00:00, run_after=2026-09-22 02:00:00+00:00
[2026-09-21T15:09:53.462+0000] {processor.py:208} INFO - Processing /opt/airflow/dags/dss150p_pipeline.py took 0.652 seconds
[2026-09-21T15:10:23.764+0000] {processor.py:186} INFO - Started process (PID=2738) to work on /opt/airflow/dags/dss150p_pipeline.py
[2026-09-21T15:10:23.767+0000] {processor.py:914} INFO - Processing file /opt/airflow/dags/dss150p_pipeline.py for tasks to queue
[2026-09-21T15:10:23.775+0000] {logging_mixin.py:190} INFO - [2026-09-21T15:10:23.773+0000] {dagbag.py:588} INFO - Filling up the DagBag from /opt/airflow/dags/dss150p_pipeline.py
[2026-09-21T15:10:23.847+0000] {processor.py:925} INFO - DAG(s) 'dss150p_sales_pipeline' retrieved from /opt/airflow/dags/dss150p_pipeline.py
[2026-09-21T15:10:23.961+0000] {logging_mixin.py:190} INFO - [2026-09-21T15:10:23.960+0000] {dag.py:3239} INFO - Sync 1 DAGs
[2026-09-21T15:10:24.049+0000] {logging_mixin.py:190} INFO - [2026-09-21T15:10:24.048+0000] {dag.py:4180} INFO - Setting next_dagrun for dss150p_sales_pipeline to 2026-09-21 02:00:00+00:00, run_after=2026-09-22 02:00:00+00:00
[2026-09-21T15:10:24.287+0000] {processor.py:208} INFO - Processing /opt/airflow/dags/dss150p_pipeline.py took 0.539 seconds
[2026-09-21T15:10:54.815+0000] {processor.py:186} INFO - Started process (PID=2743) to work on /opt/airflow/dags/dss150p_pipeline.py
[2026-09-21T15:10:54.819+0000] {processor.py:914} INFO - Processing file /opt/airflow/dags/dss150p_pipeline.py for tasks to queue
[2026-09-21T15:10:54.827+0000] {logging_mixin.py:190} INFO - [2026-09-21T15:10:54.826+0000] {dagbag.py:588} INFO - Filling up the DagBag from /opt/airflow/dags/dss150p_pipeline.py
[2026-09-21T15:10:54.880+0000] {processor.py:925} INFO - DAG(s) 'dss150p_sales_pipeline' retrieved from /opt/airflow/dags/dss150p_pipeline.py
[2026-09-21T15:10:55.018+0000] {logging_mixin.py:190} INFO - [2026-09-21T15:10:55.018+0000] {dag.py:3239} INFO - Sync 1 DAGs
[2026-09-21T15:10:55.064+0000] {logging_mixin.py:190} INFO - [2026-09-21T15:10:55.063+0000] {dag.py:4180} INFO - Setting next_dagrun for dss150p_sales_pipeline to 2026-09-21 02:00:00+00:00, run_after=2026-09-22 02:00:00+00:00
[2026-09-21T15:10:55.096+0000] {processor.py:208} INFO - Processing /opt/airflow/dags/dss150p_pipeline.py took 0.302 seconds
[2026-09-21T15:11:25.843+0000] {processor.py:186} INFO - Started process (PID=2748) to work on /opt/airflow/dags/dss150p_pipeline.py
[2026-09-21T15:11:25.846+0000] {processor.py:914} INFO - Processing file /opt/airflow/dags/dss150p_pipeline.py for tasks to queue
[2026-09-21T15:11:25.855+0000] {logging_mixin.py:190} INFO - [2026-09-21T15:11:25.854+0000] {dagbag.py:588} INFO - Filling up the DagBag from /opt/airflow/dags/dss150p_pipeline.py
[2026-09-21T15:11:25.941+0000] {processor.py:925} INFO - DAG(s) 'dss150p_sales_pipeline' retrieved from /opt/airflow/dags/dss150p_pipeline.py
[2026-09-21T15:11:26.021+0000] {logging_mixin.py:190} INFO - [2026-09-21T15:11:26.020+0000] {dag.py:3239} INFO - Sync 1 DAGs
[2026-09-21T15:11:26.057+0000] {logging_mixin.py:190} INFO - [2026-09-21T15:11:26.056+0000] {dag.py:4180} INFO - Setting next_dagrun for dss150p_sales_pipeline to 2026-09-21 02:00:00+00:00, run_after=2026-09-22 02:00:00+00:00
[2026-09-21T15:11:26.093+0000] {processor.py:208} INFO - Processing /opt/airflow/dags/dss150p_pipeline.py took 0.275 seconds
[2026-09-21T15:11:56.440+0000] {processor.py:186} INFO - Started process (PID=2753) to work on /opt/airflow/dags/dss150p_pipeline.py
[2026-09-21T15:11:56.444+0000] {processor.py:914} INFO - Processing file /opt/airflow/dags/dss150p_pipeline.py for tasks to queue
[2026-09-21T15:11:56.452+0000] {logging_mixin.py:190} INFO - [2026-09-21T15:11:56.451+0000] {dagbag.py:588} INFO - Filling up the DagBag from /opt/airflow/dags/dss150p_pipeline.py
[2026-09-21T15:11:56.509+0000] {processor.py:925} INFO - DAG(s) 'dss150p_sales_pipeline' retrieved from /opt/airflow/dags/dss150p_pipeline.py
[2026-09-21T15:11:56.619+0000] {logging_mixin.py:190} INFO - [2026-09-21T15:11:56.618+0000] {dag.py:3239} INFO - Sync 1 DAGs
[2026-09-21T15:11:56.674+0000] {logging_mixin.py:190} INFO - [2026-09-21T15:11:56.673+0000] {dag.py:4180} INFO - Setting next_dagrun for dss150p_sales_pipeline to 2026-09-21 02:00:00+00:00, run_after=2026-09-22 02:00:00+00:00
[2026-09-21T15:11:56.725+0000] {processor.py:208} INFO - Processing /opt/airflow/dags/dss150p_pipeline.py took 0.306 seconds
[2026-09-21T15:12:27.728+0000] {processor.py:186} INFO - Started process (PID=2758) to work on /opt/airflow/dags/dss150p_pipeline.py
[2026-09-21T15:12:27.731+0000] {processor.py:914} INFO - Processing file /opt/airflow/dags/dss150p_pipeline.py for tasks to queue
[2026-09-21T15:12:27.738+0000] {logging_mixin.py:190} INFO - [2026-09-21T15:12:27.737+0000] {dagbag.py:588} INFO - Filling up the DagBag from /opt/airflow/dags/dss150p_pipeline.py
[2026-09-21T15:12:27.793+0000] {processor.py:925} INFO - DAG(s) 'dss150p_sales_pipeline' retrieved from /opt/airflow/dags/dss150p_pipeline.py
[2026-09-21T15:12:27.910+0000] {logging_mixin.py:190} INFO - [2026-09-21T15:12:27.910+0000] {dag.py:3239} INFO - Sync 1 DAGs
[2026-09-21T15:12:27.960+0000] {logging_mixin.py:190} INFO - [2026-09-21T15:12:27.958+0000] {dag.py:4180} INFO - Setting next_dagrun for dss150p_sales_pipeline to 2026-09-21 02:00:00+00:00, run_after=2026-09-22 02:00:00+00:00
[2026-09-21T15:12:28.030+0000] {processor.py:208} INFO - Processing /opt/airflow/dags/dss150p_pipeline.py took 0.316 seconds
[2026-09-21T15:12:58.405+0000] {processor.py:186} INFO - Started process (PID=2763) to work on /opt/airflow/dags/dss150p_pipeline.py
[2026-09-21T15:12:58.409+0000] {processor.py:914} INFO - Processing file /opt/airflow/dags/dss150p_pipeline.py for tasks to queue
[2026-09-21T15:12:58.415+0000] {logging_mixin.py:190} INFO - [2026-09-21T15:12:58.414+0000] {dagbag.py:588} INFO - Filling up the DagBag from /opt/airflow/dags/dss150p_pipeline.py
[2026-09-21T15:12:58.474+0000] {processor.py:925} INFO - DAG(s) 'dss150p_sales_pipeline' retrieved from /opt/airflow/dags/dss150p_pipeline.py
[2026-09-21T15:12:58.571+0000] {logging_mixin.py:190} INFO - [2026-09-21T15:12:58.570+0000] {dag.py:3239} INFO - Sync 1 DAGs
[2026-09-21T15:12:58.618+0000] {logging_mixin.py:190} INFO - [2026-09-21T15:12:58.617+0000] {dag.py:4180} INFO - Setting next_dagrun for dss150p_sales_pipeline to 2026-09-21 02:00:00+00:00, run_after=2026-09-22 02:00:00+00:00
[2026-09-21T15:12:58.654+0000] {processor.py:208} INFO - Processing /opt/airflow/dags/dss150p_pipeline.py took 0.273 seconds
[2026-09-21T15:13:29.332+0000] {processor.py:186} INFO - Started process (PID=2768) to work on /opt/airflow/dags/dss150p_pipeline.py
[2026-09-21T15:13:29.335+0000] {processor.py:914} INFO - Processing file /opt/airflow/dags/dss150p_pipeline.py for tasks to queue
[2026-09-21T15:13:29.341+0000] {logging_mixin.py:190} INFO - [2026-09-21T15:13:29.340+0000] {dagbag.py:588} INFO - Filling up the DagBag from /opt/airflow/dags/dss150p_pipeline.py
[2026-09-21T15:13:29.397+0000] {processor.py:925} INFO - DAG(s) 'dss150p_sales_pipeline' retrieved from /opt/airflow/dags/dss150p_pipeline.py
[2026-09-21T15:13:29.504+0000] {logging_mixin.py:190} INFO - [2026-09-21T15:13:29.504+0000] {dag.py:3239} INFO - Sync 1 DAGs
[2026-09-21T15:13:29.587+0000] {logging_mixin.py:190} INFO - [2026-09-21T15:13:29.586+0000] {dag.py:4180} INFO - Setting next_dagrun for dss150p_sales_pipeline to 2026-09-21 02:00:00+00:00, run_after=2026-09-22 02:00:00+00:00
[2026-09-21T15:13:29.635+0000] {processor.py:208} INFO - Processing /opt/airflow/dags/dss150p_pipeline.py took 0.314 seconds
[2026-09-21T15:14:00.059+0000] {processor.py:186} INFO - Started process (PID=2773) to work on /opt/airflow/dags/dss150p_pipeline.py
[2026-09-21T15:14:00.067+0000] {processor.py:914} INFO - Processing file /opt/airflow/dags/dss150p_pipeline.py for tasks to queue
[2026-09-21T15:14:00.079+0000] {logging_mixin.py:190} INFO - [2026-09-21T15:14:00.078+0000] {dagbag.py:588} INFO - Filling up the DagBag from /opt/airflow/dags/dss150p_pipeline.py
[2026-09-21T15:14:00.160+0000] {processor.py:925} INFO - DAG(s) 'dss150p_sales_pipeline' retrieved from /opt/airflow/dags/dss150p_pipeline.py
[2026-09-21T15:14:00.286+0000] {logging_mixin.py:190} INFO - [2026-09-21T15:14:00.286+0000] {dag.py:3239} INFO - Sync 1 DAGs
[2026-09-21T15:14:00.325+0000] {logging_mixin.py:190} INFO - [2026-09-21T15:14:00.325+0000] {dag.py:4180} INFO - Setting next_dagrun for dss150p_sales_pipeline to 2026-09-21 02:00:00+00:00, run_after=2026-09-22 02:00:00+00:00
[2026-09-21T15:14:00.362+0000] {processor.py:208} INFO - Processing /opt/airflow/dags/dss150p_pipeline.py took 0.328 seconds
[2026-09-21T15:14:31.115+0000] {processor.py:186} INFO - Started process (PID=2778) to work on /opt/airflow/dags/dss150p_pipeline.py
[2026-09-21T15:14:31.120+0000] {processor.py:914} INFO - Processing file /opt/airflow/dags/dss150p_pipeline.py for tasks to queue
[2026-09-21T15:14:31.128+0000] {logging_mixin.py:190} INFO - [2026-09-21T15:14:31.127+0000] {dagbag.py:588} INFO - Filling up the DagBag from /opt/airflow/dags/dss150p_pipeline.py
[2026-09-21T15:14:31.182+0000] {processor.py:925} INFO - DAG(s) 'dss150p_sales_pipeline' retrieved from /opt/airflow/dags/dss150p_pipeline.py
[2026-09-21T15:14:31.278+0000] {logging_mixin.py:190} INFO - [2026-09-21T15:14:31.278+0000] {dag.py:3239} INFO - Sync 1 DAGs
[2026-09-21T15:14:31.320+0000] {logging_mixin.py:190} INFO - [2026-09-21T15:14:31.319+0000] {dag.py:4180} INFO - Setting next_dagrun for dss150p_sales_pipeline to 2026-09-21 02:00:00+00:00, run_after=2026-09-22 02:00:00+00:00
[2026-09-21T15:14:31.352+0000] {processor.py:208} INFO - Processing /opt/airflow/dags/dss150p_pipeline.py took 0.260 seconds
[2026-09-21T15:15:02.231+0000] {processor.py:186} INFO - Started process (PID=2783) to work on /opt/airflow/dags/dss150p_pipeline.py
[2026-09-21T15:15:02.235+0000] {processor.py:914} INFO - Processing file /opt/airflow/dags/dss150p_pipeline.py for tasks to queue
[2026-09-21T15:15:02.245+0000] {logging_mixin.py:190} INFO - [2026-09-21T15:15:02.243+0000] {dagbag.py:588} INFO - Filling up the DagBag from /opt/airflow/dags/dss150p_pipeline.py
[2026-09-21T15:15:02.336+0000] {processor.py:925} INFO - DAG(s) 'dss150p_sales_pipeline' retrieved from /opt/airflow/dags/dss150p_pipeline.py
[2026-09-21T15:15:02.501+0000] {logging_mixin.py:190} INFO - [2026-09-21T15:15:02.500+0000] {dag.py:3239} INFO - Sync 1 DAGs
[2026-09-21T15:15:02.598+0000] {logging_mixin.py:190} INFO - [2026-09-21T15:15:02.598+0000] {dag.py:4180} INFO - Setting next_dagrun for dss150p_sales_pipeline to 2026-09-21 02:00:00+00:00, run_after=2026-09-22 02:00:00+00:00
[2026-09-21T15:15:02.648+0000] {processor.py:208} INFO - Processing /opt/airflow/dags/dss150p_pipeline.py took 0.444 seconds
[2026-09-21T15:15:32.858+0000] {processor.py:186} INFO - Started process (PID=2788) to work on /opt/airflow/dags/dss150p_pipeline.py
[2026-09-21T15:15:32.861+0000] {processor.py:914} INFO - Processing file /opt/airflow/dags/dss150p_pipeline.py for tasks to queue
[2026-09-21T15:15:32.874+0000] {logging_mixin.py:190} INFO - [2026-09-21T15:15:32.873+0000] {dagbag.py:588} INFO - Filling up the DagBag from /opt/airflow/dags/dss150p_pipeline.py
[2026-09-21T15:15:32.933+0000] {processor.py:925} INFO - DAG(s) 'dss150p_sales_pipeline' retrieved from /opt/airflow/dags/dss150p_pipeline.py
[2026-09-21T15:15:33.036+0000] {logging_mixin.py:190} INFO - [2026-09-21T15:15:33.035+0000] {dag.py:3239} INFO - Sync 1 DAGs
[2026-09-21T15:15:33.079+0000] {logging_mixin.py:190} INFO - [2026-09-21T15:15:33.079+0000] {dag.py:4180} INFO - Setting next_dagrun for dss150p_sales_pipeline to 2026-09-21 02:00:00+00:00, run_after=2026-09-22 02:00:00+00:00
[2026-09-21T15:15:33.122+0000] {processor.py:208} INFO - Processing /opt/airflow/dags/dss150p_pipeline.py took 0.281 seconds
[2026-09-21T15:16:03.504+0000] {processor.py:186} INFO - Started process (PID=2793) to work on /opt/airflow/dags/dss150p_pipeline.py
[2026-09-21T15:16:03.507+0000] {processor.py:914} INFO - Processing file /opt/airflow/dags/dss150p_pipeline.py for tasks to queue
[2026-09-21T15:16:03.514+0000] {logging_mixin.py:190} INFO - [2026-09-21T15:16:03.513+0000] {dagbag.py:588} INFO - Filling up the DagBag from /opt/airflow/dags/dss150p_pipeline.py
[2026-09-21T15:16:03.569+0000] {processor.py:925} INFO - DAG(s) 'dss150p_sales_pipeline' retrieved from /opt/airflow/dags/dss150p_pipeline.py
[2026-09-21T15:16:03.761+0000] {logging_mixin.py:190} INFO - [2026-09-21T15:16:03.760+0000] {dag.py:3239} INFO - Sync 1 DAGs
[2026-09-21T15:16:03.824+0000] {logging_mixin.py:190} INFO - [2026-09-21T15:16:03.824+0000] {dag.py:4180} INFO - Setting next_dagrun for dss150p_sales_pipeline to 2026-09-21 02:00:00+00:00, run_after=2026-09-22 02:00:00+00:00
[2026-09-21T15:16:03.861+0000] {processor.py:208} INFO - Processing /opt/airflow/dags/dss150p_pipeline.py took 0.374 seconds
[2026-09-21T15:16:34.703+0000] {processor.py:186} INFO - Started process (PID=2798) to work on /opt/airflow/dags/dss150p_pipeline.py
[2026-09-21T15:16:34.706+0000] {processor.py:914} INFO - Processing file /opt/airflow/dags/dss150p_pipeline.py for tasks to queue
[2026-09-21T15:16:34.711+0000] {logging_mixin.py:190} INFO - [2026-09-21T15:16:34.711+0000] {dagbag.py:588} INFO - Filling up the DagBag from /opt/airflow/dags/dss150p_pipeline.py
[2026-09-21T15:16:34.765+0000] {processor.py:925} INFO - DAG(s) 'dss150p_sales_pipeline' retrieved from /opt/airflow/dags/dss150p_pipeline.py
[2026-09-21T15:16:34.883+0000] {logging_mixin.py:190} INFO - [2026-09-21T15:16:34.883+0000] {dag.py:3239} INFO - Sync 1 DAGs
[2026-09-21T15:16:34.943+0000] {logging_mixin.py:190} INFO - [2026-09-21T15:16:34.943+0000] {dag.py:4180} INFO - Setting next_dagrun for dss150p_sales_pipeline to 2026-09-21 02:00:00+00:00, run_after=2026-09-22 02:00:00+00:00
[2026-09-21T15:16:34.986+0000] {processor.py:208} INFO - Processing /opt/airflow/dags/dss150p_pipeline.py took 0.303 seconds
[2026-09-21T15:17:05.486+0000] {processor.py:186} INFO - Started process (PID=2803) to work on /opt/airflow/dags/dss150p_pipeline.py
[2026-09-21T15:17:05.494+0000] {processor.py:914} INFO - Processing file /opt/airflow/dags/dss150p_pipeline.py for tasks to queue
[2026-09-21T15:17:05.535+0000] {logging_mixin.py:190} INFO - [2026-09-21T15:17:05.532+0000] {dagbag.py:588} INFO - Filling up the DagBag from /opt/airflow/dags/dss150p_pipeline.py
[2026-09-21T15:17:05.988+0000] {processor.py:925} INFO - DAG(s) 'dss150p_sales_pipeline' retrieved from /opt/airflow/dags/dss150p_pipeline.py
[2026-09-21T15:17:06.206+0000] {logging_mixin.py:190} INFO - [2026-09-21T15:17:06.205+0000] {dag.py:3239} INFO - Sync 1 DAGs
[2026-09-21T15:17:06.360+0000] {logging_mixin.py:190} INFO - [2026-09-21T15:17:06.359+0000] {dag.py:4180} INFO - Setting next_dagrun for dss150p_sales_pipeline to 2026-09-21 02:00:00+00:00, run_after=2026-09-22 02:00:00+00:00
[2026-09-21T15:17:06.482+0000] {processor.py:208} INFO - Processing /opt/airflow/dags/dss150p_pipeline.py took 1.050 seconds
[2026-09-21T15:17:37.426+0000] {processor.py:186} INFO - Started process (PID=2808) to work on /opt/airflow/dags/dss150p_pipeline.py
[2026-09-21T15:17:37.429+0000] {processor.py:914} INFO - Processing file /opt/airflow/dags/dss150p_pipeline.py for tasks to queue
[2026-09-21T15:17:37.434+0000] {logging_mixin.py:190} INFO - [2026-09-21T15:17:37.434+0000] {dagbag.py:588} INFO - Filling up the DagBag from /opt/airflow/dags/dss150p_pipeline.py
[2026-09-21T15:17:37.479+0000] {processor.py:925} INFO - DAG(s) 'dss150p_sales_pipeline' retrieved from /opt/airflow/dags/dss150p_pipeline.py
[2026-09-21T15:17:37.567+0000] {logging_mixin.py:190} INFO - [2026-09-21T15:17:37.567+0000] {dag.py:3239} INFO - Sync 1 DAGs
[2026-09-21T15:17:37.616+0000] {logging_mixin.py:190} INFO - [2026-09-21T15:17:37.616+0000] {dag.py:4180} INFO - Setting next_dagrun for dss150p_sales_pipeline to 2026-09-21 02:00:00+00:00, run_after=2026-09-22 02:00:00+00:00
[2026-09-21T15:17:37.655+0000] {processor.py:208} INFO - Processing /opt/airflow/dags/dss150p_pipeline.py took 0.244 seconds
[2026-09-21T15:18:12.420+0000] {processor.py:186} INFO - Started process (PID=2813) to work on /opt/airflow/dags/dss150p_pipeline.py
[2026-09-21T15:18:12.466+0000] {processor.py:914} INFO - Processing file /opt/airflow/dags/dss150p_pipeline.py for tasks to queue
[2026-09-21T15:18:12.477+0000] {logging_mixin.py:190} INFO - [2026-09-21T15:18:12.476+0000] {dagbag.py:588} INFO - Filling up the DagBag from /opt/airflow/dags/dss150p_pipeline.py
[2026-09-21T15:18:13.005+0000] {processor.py:925} INFO - DAG(s) 'dss150p_sales_pipeline' retrieved from /opt/airflow/dags/dss150p_pipeline.py
[2026-09-21T15:18:13.405+0000] {logging_mixin.py:190} INFO - [2026-09-21T15:18:13.395+0000] {dag.py:3239} INFO - Sync 1 DAGs
[2026-09-21T15:18:13.594+0000] {logging_mixin.py:190} INFO - [2026-09-21T15:18:13.593+0000] {dag.py:4180} INFO - Setting next_dagrun for dss150p_sales_pipeline to 2026-09-21 02:00:00+00:00, run_after=2026-09-22 02:00:00+00:00
[2026-09-21T15:18:13.713+0000] {processor.py:208} INFO - Processing /opt/airflow/dags/dss150p_pipeline.py took 1.337 seconds
[2026-09-21T15:18:44.400+0000] {processor.py:186} INFO - Started process (PID=2818) to work on /opt/airflow/dags/dss150p_pipeline.py
[2026-09-21T15:18:44.409+0000] {processor.py:914} INFO - Processing file /opt/airflow/dags/dss150p_pipeline.py for tasks to queue
[2026-09-21T15:18:44.434+0000] {logging_mixin.py:190} INFO - [2026-09-21T15:18:44.433+0000] {dagbag.py:588} INFO - Filling up the DagBag from /opt/airflow/dags/dss150p_pipeline.py
[2026-09-21T15:18:44.542+0000] {processor.py:925} INFO - DAG(s) 'dss150p_sales_pipeline' retrieved from /opt/airflow/dags/dss150p_pipeline.py
[2026-09-21T15:18:44.700+0000] {logging_mixin.py:190} INFO - [2026-09-21T15:18:44.699+0000] {dag.py:3239} INFO - Sync 1 DAGs
[2026-09-21T15:18:44.754+0000] {logging_mixin.py:190} INFO - [2026-09-21T15:18:44.753+0000] {dag.py:4180} INFO - Setting next_dagrun for dss150p_sales_pipeline to 2026-09-21 02:00:00+00:00, run_after=2026-09-22 02:00:00+00:00
[2026-09-21T15:18:44.788+0000] {processor.py:208} INFO - Processing /opt/airflow/dags/dss150p_pipeline.py took 0.432 seconds
[2026-09-21T15:27:35.579+0000] {processor.py:186} INFO - Started process (PID=164) to work on /opt/airflow/dags/dss150p_pipeline.py
[2026-09-21T15:27:35.587+0000] {processor.py:914} INFO - Processing file /opt/airflow/dags/dss150p_pipeline.py for tasks to queue
[2026-09-21T15:27:35.606+0000] {logging_mixin.py:190} INFO - [2026-09-21T15:27:35.605+0000] {dagbag.py:588} INFO - Filling up the DagBag from /opt/airflow/dags/dss150p_pipeline.py
[2026-09-21T15:27:35.754+0000] {processor.py:925} INFO - DAG(s) 'dss150p_sales_pipeline' retrieved from /opt/airflow/dags/dss150p_pipeline.py
[2026-09-21T15:27:44.431+0000] {logging_mixin.py:190} INFO - [2026-09-21T15:27:44.431+0000] {dag.py:3239} INFO - Sync 1 DAGs
[2026-09-21T15:27:45.095+0000] {logging_mixin.py:190} INFO - [2026-09-21T15:27:45.095+0000] {dag.py:4180} INFO - Setting next_dagrun for dss150p_sales_pipeline to 2026-09-21 02:00:00+00:00, run_after=2026-09-22 02:00:00+00:00
[2026-09-21T15:27:45.238+0000] {processor.py:208} INFO - Processing /opt/airflow/dags/dss150p_pipeline.py took 9.703 seconds
[2026-09-21T15:28:20.027+0000] {processor.py:186} INFO - Started process (PID=169) to work on /opt/airflow/dags/dss150p_pipeline.py
[2026-09-21T15:28:20.062+0000] {processor.py:914} INFO - Processing file /opt/airflow/dags/dss150p_pipeline.py for tasks to queue
[2026-09-21T15:28:20.095+0000] {logging_mixin.py:190} INFO - [2026-09-21T15:28:20.095+0000] {dagbag.py:588} INFO - Filling up the DagBag from /opt/airflow/dags/dss150p_pipeline.py
[2026-09-21T15:28:20.530+0000] {processor.py:925} INFO - DAG(s) 'dss150p_sales_pipeline' retrieved from /opt/airflow/dags/dss150p_pipeline.py
[2026-09-21T15:28:21.859+0000] {logging_mixin.py:190} INFO - [2026-09-21T15:28:21.854+0000] {dag.py:3239} INFO - Sync 1 DAGs
[2026-09-21T15:28:22.047+0000] {logging_mixin.py:190} INFO - [2026-09-21T15:28:22.046+0000] {dag.py:4180} INFO - Setting next_dagrun for dss150p_sales_pipeline to 2026-09-21 02:00:00+00:00, run_after=2026-09-22 02:00:00+00:00
[2026-09-21T15:28:22.245+0000] {processor.py:208} INFO - Processing /opt/airflow/dags/dss150p_pipeline.py took 2.292 seconds
[2026-09-21T15:28:55.167+0000] {processor.py:186} INFO - Started process (PID=174) to work on /opt/airflow/dags/dss150p_pipeline.py
[2026-09-21T15:28:55.334+0000] {processor.py:914} INFO - Processing file /opt/airflow/dags/dss150p_pipeline.py for tasks to queue
[2026-09-21T15:28:55.583+0000] {logging_mixin.py:190} INFO - [2026-09-21T15:28:55.503+0000] {dagbag.py:588} INFO - Filling up the DagBag from /opt/airflow/dags/dss150p_pipeline.py
[2026-09-21T15:28:57.837+0000] {processor.py:925} INFO - DAG(s) 'dss150p_sales_pipeline' retrieved from /opt/airflow/dags/dss150p_pipeline.py
[2026-09-21T15:28:59.096+0000] {logging_mixin.py:190} INFO - [2026-09-21T15:28:59.083+0000] {dag.py:3239} INFO - Sync 1 DAGs
[2026-09-21T15:28:59.679+0000] {logging_mixin.py:190} INFO - [2026-09-21T15:28:59.678+0000] {dag.py:4180} INFO - Setting next_dagrun for dss150p_sales_pipeline to 2026-09-21 02:00:00+00:00, run_after=2026-09-22 02:00:00+00:00
[2026-09-21T15:28:59.864+0000] {processor.py:208} INFO - Processing /opt/airflow/dags/dss150p_pipeline.py took 6.543 seconds
[2026-09-21T15:29:30.318+0000] {processor.py:186} INFO - Started process (PID=179) to work on /opt/airflow/dags/dss150p_pipeline.py
[2026-09-21T15:29:30.321+0000] {processor.py:914} INFO - Processing file /opt/airflow/dags/dss150p_pipeline.py for tasks to queue
[2026-09-21T15:29:30.326+0000] {logging_mixin.py:190} INFO - [2026-09-21T15:29:30.326+0000] {dagbag.py:588} INFO - Filling up the DagBag from /opt/airflow/dags/dss150p_pipeline.py
[2026-09-21T15:29:30.415+0000] {processor.py:925} INFO - DAG(s) 'dss150p_sales_pipeline' retrieved from /opt/airflow/dags/dss150p_pipeline.py
[2026-09-21T15:29:30.619+0000] {logging_mixin.py:190} INFO - [2026-09-21T15:29:30.618+0000] {dag.py:3239} INFO - Sync 1 DAGs
[2026-09-21T15:29:30.756+0000] {logging_mixin.py:190} INFO - [2026-09-21T15:29:30.756+0000] {dag.py:4180} INFO - Setting next_dagrun for dss150p_sales_pipeline to 2026-09-21 02:00:00+00:00, run_after=2026-09-22 02:00:00+00:00
[2026-09-21T15:29:30.888+0000] {processor.py:208} INFO - Processing /opt/airflow/dags/dss150p_pipeline.py took 0.586 seconds
[2026-09-21T15:30:01.159+0000] {processor.py:186} INFO - Started process (PID=184) to work on /opt/airflow/dags/dss150p_pipeline.py
[2026-09-21T15:30:01.162+0000] {processor.py:914} INFO - Processing file /opt/airflow/dags/dss150p_pipeline.py for tasks to queue
[2026-09-21T15:30:01.172+0000] {logging_mixin.py:190} INFO - [2026-09-21T15:30:01.171+0000] {dagbag.py:588} INFO - Filling up the DagBag from /opt/airflow/dags/dss150p_pipeline.py
[2026-09-21T15:30:01.317+0000] {processor.py:925} INFO - DAG(s) 'dss150p_sales_pipeline' retrieved from /opt/airflow/dags/dss150p_pipeline.py
[2026-09-21T15:30:01.533+0000] {logging_mixin.py:190} INFO - [2026-09-21T15:30:01.533+0000] {dag.py:3239} INFO - Sync 1 DAGs
[2026-09-21T15:30:01.639+0000] {logging_mixin.py:190} INFO - [2026-09-21T15:30:01.638+0000] {dag.py:4180} INFO - Setting next_dagrun for dss150p_sales_pipeline to 2026-09-21 02:00:00+00:00, run_after=2026-09-22 02:00:00+00:00
[2026-09-21T15:30:01.718+0000] {processor.py:208} INFO - Processing /opt/airflow/dags/dss150p_pipeline.py took 0.582 seconds
[2026-09-21T15:30:32.225+0000] {processor.py:186} INFO - Started process (PID=189) to work on /opt/airflow/dags/dss150p_pipeline.py
[2026-09-21T15:30:32.228+0000] {processor.py:914} INFO - Processing file /opt/airflow/dags/dss150p_pipeline.py for tasks to queue
[2026-09-21T15:30:32.240+0000] {logging_mixin.py:190} INFO - [2026-09-21T15:30:32.238+0000] {dagbag.py:588} INFO - Filling up the DagBag from /opt/airflow/dags/dss150p_pipeline.py
[2026-09-21T15:30:32.360+0000] {processor.py:925} INFO - DAG(s) 'dss150p_sales_pipeline' retrieved from /opt/airflow/dags/dss150p_pipeline.py
[2026-09-21T15:30:32.563+0000] {logging_mixin.py:190} INFO - [2026-09-21T15:30:32.562+0000] {dag.py:3239} INFO - Sync 1 DAGs
[2026-09-21T15:30:32.624+0000] {logging_mixin.py:190} INFO - [2026-09-21T15:30:32.620+0000] {dag.py:4180} INFO - Setting next_dagrun for dss150p_sales_pipeline to 2026-09-21 02:00:00+00:00, run_after=2026-09-22 02:00:00+00:00
[2026-09-21T15:30:32.673+0000] {processor.py:208} INFO - Processing /opt/airflow/dags/dss150p_pipeline.py took 0.474 seconds
[2026-09-21T15:31:03.429+0000] {processor.py:186} INFO - Started process (PID=194) to work on /opt/airflow/dags/dss150p_pipeline.py
[2026-09-21T15:31:03.434+0000] {processor.py:914} INFO - Processing file /opt/airflow/dags/dss150p_pipeline.py for tasks to queue
[2026-09-21T15:31:03.458+0000] {logging_mixin.py:190} INFO - [2026-09-21T15:31:03.457+0000] {dagbag.py:588} INFO - Filling up the DagBag from /opt/airflow/dags/dss150p_pipeline.py
[2026-09-21T15:31:03.734+0000] {processor.py:925} INFO - DAG(s) 'dss150p_sales_pipeline' retrieved from /opt/airflow/dags/dss150p_pipeline.py
[2026-09-21T15:31:04.180+0000] {logging_mixin.py:190} INFO - [2026-09-21T15:31:04.179+0000] {dag.py:3239} INFO - Sync 1 DAGs
[2026-09-21T15:31:04.289+0000] {logging_mixin.py:190} INFO - [2026-09-21T15:31:04.289+0000] {dag.py:4180} INFO - Setting next_dagrun for dss150p_sales_pipeline to 2026-09-21 02:00:00+00:00, run_after=2026-09-22 02:00:00+00:00
[2026-09-21T15:31:04.381+0000] {processor.py:208} INFO - Processing /opt/airflow/dags/dss150p_pipeline.py took 1.001 seconds
[2026-09-21T15:31:35.245+0000] {processor.py:186} INFO - Started process (PID=199) to work on /opt/airflow/dags/dss150p_pipeline.py
[2026-09-21T15:31:35.258+0000] {processor.py:914} INFO - Processing file /opt/airflow/dags/dss150p_pipeline.py for tasks to queue
[2026-09-21T15:31:35.274+0000] {logging_mixin.py:190} INFO - [2026-09-21T15:31:35.273+0000] {dagbag.py:588} INFO - Filling up the DagBag from /opt/airflow/dags/dss150p_pipeline.py
[2026-09-21T15:31:35.411+0000] {processor.py:925} INFO - DAG(s) 'dss150p_sales_pipeline' retrieved from /opt/airflow/dags/dss150p_pipeline.py
[2026-09-21T15:31:35.652+0000] {logging_mixin.py:190} INFO - [2026-09-21T15:31:35.652+0000] {dag.py:3239} INFO - Sync 1 DAGs
[2026-09-21T15:31:35.778+0000] {logging_mixin.py:190} INFO - [2026-09-21T15:31:35.777+0000] {dag.py:4180} INFO - Setting next_dagrun for dss150p_sales_pipeline to 2026-09-21 02:00:00+00:00, run_after=2026-09-22 02:00:00+00:00
[2026-09-21T15:31:35.845+0000] {processor.py:208} INFO - Processing /opt/airflow/dags/dss150p_pipeline.py took 0.631 seconds
[2026-09-21T15:32:06.194+0000] {processor.py:186} INFO - Started process (PID=204) to work on /opt/airflow/dags/dss150p_pipeline.py
[2026-09-21T15:32:06.214+0000] {processor.py:914} INFO - Processing file /opt/airflow/dags/dss150p_pipeline.py for tasks to queue
[2026-09-21T15:32:06.242+0000] {logging_mixin.py:190} INFO - [2026-09-21T15:32:06.235+0000] {dagbag.py:588} INFO - Filling up the DagBag from /opt/airflow/dags/dss150p_pipeline.py
[2026-09-21T15:32:06.379+0000] {processor.py:925} INFO - DAG(s) 'dss150p_sales_pipeline' retrieved from /opt/airflow/dags/dss150p_pipeline.py
[2026-09-21T15:32:06.640+0000] {logging_mixin.py:190} INFO - [2026-09-21T15:32:06.640+0000] {dag.py:3239} INFO - Sync 1 DAGs
[2026-09-21T15:32:06.709+0000] {logging_mixin.py:190} INFO - [2026-09-21T15:32:06.709+0000] {dag.py:4180} INFO - Setting next_dagrun for dss150p_sales_pipeline to 2026-09-21 02:00:00+00:00, run_after=2026-09-22 02:00:00+00:00
[2026-09-21T15:32:06.877+0000] {processor.py:208} INFO - Processing /opt/airflow/dags/dss150p_pipeline.py took 0.740 seconds
[2026-09-21T15:32:37.896+0000] {processor.py:186} INFO - Started process (PID=209) to work on /opt/airflow/dags/dss150p_pipeline.py
[2026-09-21T15:32:37.900+0000] {processor.py:914} INFO - Processing file /opt/airflow/dags/dss150p_pipeline.py for tasks to queue
[2026-09-21T15:32:37.910+0000] {logging_mixin.py:190} INFO - [2026-09-21T15:32:37.909+0000] {dagbag.py:588} INFO - Filling up the DagBag from /opt/airflow/dags/dss150p_pipeline.py
[2026-09-21T15:32:37.979+0000] {processor.py:925} INFO - DAG(s) 'dss150p_sales_pipeline' retrieved from /opt/airflow/dags/dss150p_pipeline.py
[2026-09-21T15:32:38.153+0000] {logging_mixin.py:190} INFO - [2026-09-21T15:32:38.153+0000] {dag.py:3239} INFO - Sync 1 DAGs
[2026-09-21T15:32:38.218+0000] {logging_mixin.py:190} INFO - [2026-09-21T15:32:38.217+0000] {dag.py:4180} INFO - Setting next_dagrun for dss150p_sales_pipeline to 2026-09-21 02:00:00+00:00, run_after=2026-09-22 02:00:00+00:00
[2026-09-21T15:32:38.328+0000] {processor.py:208} INFO - Processing /opt/airflow/dags/dss150p_pipeline.py took 0.452 seconds
[2026-09-21T15:33:09.138+0000] {processor.py:186} INFO - Started process (PID=214) to work on /opt/airflow/dags/dss150p_pipeline.py
[2026-09-21T15:33:09.144+0000] {processor.py:914} INFO - Processing file /opt/airflow/dags/dss150p_pipeline.py for tasks to queue
[2026-09-21T15:33:09.153+0000] {logging_mixin.py:190} INFO - [2026-09-21T15:33:09.152+0000] {dagbag.py:588} INFO - Filling up the DagBag from /opt/airflow/dags/dss150p_pipeline.py
[2026-09-21T15:33:09.229+0000] {processor.py:925} INFO - DAG(s) 'dss150p_sales_pipeline' retrieved from /opt/airflow/dags/dss150p_pipeline.py
[2026-09-21T15:33:09.352+0000] {logging_mixin.py:190} INFO - [2026-09-21T15:33:09.351+0000] {dag.py:3239} INFO - Sync 1 DAGs
[2026-09-21T15:33:09.467+0000] {logging_mixin.py:190} INFO - [2026-09-21T15:33:09.466+0000] {dag.py:4180} INFO - Setting next_dagrun for dss150p_sales_pipeline to 2026-09-21 02:00:00+00:00, run_after=2026-09-22 02:00:00+00:00
[2026-09-21T15:33:09.558+0000] {processor.py:208} INFO - Processing /opt/airflow/dags/dss150p_pipeline.py took 0.441 seconds
[2026-09-21T15:33:39.848+0000] {processor.py:186} INFO - Started process (PID=219) to work on /opt/airflow/dags/dss150p_pipeline.py
[2026-09-21T15:33:39.851+0000] {processor.py:914} INFO - Processing file /opt/airflow/dags/dss150p_pipeline.py for tasks to queue
[2026-09-21T15:33:39.857+0000] {logging_mixin.py:190} INFO - [2026-09-21T15:33:39.856+0000] {dagbag.py:588} INFO - Filling up the DagBag from /opt/airflow/dags/dss150p_pipeline.py
[2026-09-21T15:33:39.905+0000] {processor.py:925} INFO - DAG(s) 'dss150p_sales_pipeline' retrieved from /opt/airflow/dags/dss150p_pipeline.py
[2026-09-21T15:33:40.046+0000] {logging_mixin.py:190} INFO - [2026-09-21T15:33:40.046+0000] {dag.py:3239} INFO - Sync 1 DAGs
[2026-09-21T15:33:40.145+0000] {logging_mixin.py:190} INFO - [2026-09-21T15:33:40.143+0000] {dag.py:4180} INFO - Setting next_dagrun for dss150p_sales_pipeline to 2026-09-21 02:00:00+00:00, run_after=2026-09-22 02:00:00+00:00
[2026-09-21T15:33:40.229+0000] {processor.py:208} INFO - Processing /opt/airflow/dags/dss150p_pipeline.py took 0.396 seconds
[2026-09-21T15:34:11.027+0000] {processor.py:186} INFO - Started process (PID=232) to work on /opt/airflow/dags/dss150p_pipeline.py
[2026-09-21T15:34:11.033+0000] {processor.py:914} INFO - Processing file /opt/airflow/dags/dss150p_pipeline.py for tasks to queue
[2026-09-21T15:34:11.074+0000] {logging_mixin.py:190} INFO - [2026-09-21T15:34:11.059+0000] {dagbag.py:588} INFO - Filling up the DagBag from /opt/airflow/dags/dss150p_pipeline.py
[2026-09-21T15:34:11.282+0000] {processor.py:925} INFO - DAG(s) 'dss150p_sales_pipeline' retrieved from /opt/airflow/dags/dss150p_pipeline.py
[2026-09-21T15:34:11.639+0000] {logging_mixin.py:190} INFO - [2026-09-21T15:34:11.638+0000] {dag.py:3239} INFO - Sync 1 DAGs
[2026-09-21T15:34:11.854+0000] {logging_mixin.py:190} INFO - [2026-09-21T15:34:11.854+0000] {dag.py:4180} INFO - Setting next_dagrun for dss150p_sales_pipeline to 2026-09-21 02:00:00+00:00, run_after=2026-09-22 02:00:00+00:00
[2026-09-21T15:34:11.978+0000] {processor.py:208} INFO - Processing /opt/airflow/dags/dss150p_pipeline.py took 0.999 seconds
[2026-09-21T15:34:42.510+0000] {processor.py:186} INFO - Started process (PID=252) to work on /opt/airflow/dags/dss150p_pipeline.py
[2026-09-21T15:34:42.513+0000] {processor.py:914} INFO - Processing file /opt/airflow/dags/dss150p_pipeline.py for tasks to queue
[2026-09-21T15:34:42.523+0000] {logging_mixin.py:190} INFO - [2026-09-21T15:34:42.522+0000] {dagbag.py:588} INFO - Filling up the DagBag from /opt/airflow/dags/dss150p_pipeline.py
[2026-09-21T15:34:42.590+0000] {processor.py:925} INFO - DAG(s) 'dss150p_sales_pipeline' retrieved from /opt/airflow/dags/dss150p_pipeline.py
[2026-09-21T15:34:42.709+0000] {logging_mixin.py:190} INFO - [2026-09-21T15:34:42.709+0000] {dag.py:3239} INFO - Sync 1 DAGs
[2026-09-21T15:34:42.791+0000] {logging_mixin.py:190} INFO - [2026-09-21T15:34:42.790+0000] {dag.py:4180} INFO - Setting next_dagrun for dss150p_sales_pipeline to 2026-09-21 02:00:00+00:00, run_after=2026-09-22 02:00:00+00:00
[2026-09-21T15:34:42.850+0000] {processor.py:208} INFO - Processing /opt/airflow/dags/dss150p_pipeline.py took 0.360 seconds
[2026-09-21T15:35:13.259+0000] {processor.py:186} INFO - Started process (PID=257) to work on /opt/airflow/dags/dss150p_pipeline.py
[2026-09-21T15:35:13.266+0000] {processor.py:914} INFO - Processing file /opt/airflow/dags/dss150p_pipeline.py for tasks to queue
[2026-09-21T15:35:13.291+0000] {logging_mixin.py:190} INFO - [2026-09-21T15:35:13.289+0000] {dagbag.py:588} INFO - Filling up the DagBag from /opt/airflow/dags/dss150p_pipeline.py
[2026-09-21T15:35:13.408+0000] {processor.py:925} INFO - DAG(s) 'dss150p_sales_pipeline' retrieved from /opt/airflow/dags/dss150p_pipeline.py
[2026-09-21T15:35:13.574+0000] {logging_mixin.py:190} INFO - [2026-09-21T15:35:13.574+0000] {dag.py:3239} INFO - Sync 1 DAGs
[2026-09-21T15:35:13.642+0000] {logging_mixin.py:190} INFO - [2026-09-21T15:35:13.642+0000] {dag.py:4180} INFO - Setting next_dagrun for dss150p_sales_pipeline to 2026-09-21 02:00:00+00:00, run_after=2026-09-22 02:00:00+00:00
[2026-09-21T15:35:13.714+0000] {processor.py:208} INFO - Processing /opt/airflow/dags/dss150p_pipeline.py took 0.504 seconds
[2026-09-21T15:35:44.657+0000] {processor.py:186} INFO - Started process (PID=276) to work on /opt/airflow/dags/dss150p_pipeline.py
[2026-09-21T15:35:44.673+0000] {processor.py:914} INFO - Processing file /opt/airflow/dags/dss150p_pipeline.py for tasks to queue
[2026-09-21T15:35:44.692+0000] {logging_mixin.py:190} INFO - [2026-09-21T15:35:44.682+0000] {dagbag.py:588} INFO - Filling up the DagBag from /opt/airflow/dags/dss150p_pipeline.py
[2026-09-21T15:35:44.964+0000] {processor.py:925} INFO - DAG(s) 'dss150p_sales_pipeline' retrieved from /opt/airflow/dags/dss150p_pipeline.py
[2026-09-21T15:35:45.529+0000] {logging_mixin.py:190} INFO - [2026-09-21T15:35:45.529+0000] {dag.py:3239} INFO - Sync 1 DAGs
[2026-09-21T15:35:45.641+0000] {logging_mixin.py:190} INFO - [2026-09-21T15:35:45.641+0000] {dag.py:4180} INFO - Setting next_dagrun for dss150p_sales_pipeline to 2026-09-21 02:00:00+00:00, run_after=2026-09-22 02:00:00+00:00
[2026-09-21T15:35:45.690+0000] {processor.py:208} INFO - Processing /opt/airflow/dags/dss150p_pipeline.py took 1.090 seconds
[2026-09-21T15:36:16.186+0000] {processor.py:186} INFO - Started process (PID=281) to work on /opt/airflow/dags/dss150p_pipeline.py
[2026-09-21T15:36:16.190+0000] {processor.py:914} INFO - Processing file /opt/airflow/dags/dss150p_pipeline.py for tasks to queue
[2026-09-21T15:36:16.207+0000] {logging_mixin.py:190} INFO - [2026-09-21T15:36:16.206+0000] {dagbag.py:588} INFO - Filling up the DagBag from /opt/airflow/dags/dss150p_pipeline.py
[2026-09-21T15:36:16.427+0000] {processor.py:925} INFO - DAG(s) 'dss150p_sales_pipeline' retrieved from /opt/airflow/dags/dss150p_pipeline.py
[2026-09-21T15:36:16.591+0000] {logging_mixin.py:190} INFO - [2026-09-21T15:36:16.590+0000] {dag.py:3239} INFO - Sync 1 DAGs
[2026-09-21T15:36:16.759+0000] {logging_mixin.py:190} INFO - [2026-09-21T15:36:16.757+0000] {dag.py:4180} INFO - Setting next_dagrun for dss150p_sales_pipeline to 2026-09-21 02:00:00+00:00, run_after=2026-09-22 02:00:00+00:00
[2026-09-21T15:36:16.888+0000] {processor.py:208} INFO - Processing /opt/airflow/dags/dss150p_pipeline.py took 0.733 seconds
[2026-09-21T15:36:47.463+0000] {processor.py:186} INFO - Started process (PID=300) to work on /opt/airflow/dags/dss150p_pipeline.py
[2026-09-21T15:36:47.465+0000] {processor.py:914} INFO - Processing file /opt/airflow/dags/dss150p_pipeline.py for tasks to queue
[2026-09-21T15:36:47.472+0000] {logging_mixin.py:190} INFO - [2026-09-21T15:36:47.471+0000] {dagbag.py:588} INFO - Filling up the DagBag from /opt/airflow/dags/dss150p_pipeline.py
[2026-09-21T15:36:47.527+0000] {processor.py:925} INFO - DAG(s) 'dss150p_sales_pipeline' retrieved from /opt/airflow/dags/dss150p_pipeline.py
[2026-09-21T15:36:47.642+0000] {logging_mixin.py:190} INFO - [2026-09-21T15:36:47.642+0000] {dag.py:3239} INFO - Sync 1 DAGs
[2026-09-21T15:36:47.708+0000] {logging_mixin.py:190} INFO - [2026-09-21T15:36:47.708+0000] {dag.py:4180} INFO - Setting next_dagrun for dss150p_sales_pipeline to 2026-09-21 02:00:00+00:00, run_after=2026-09-22 02:00:00+00:00
[2026-09-21T15:36:47.758+0000] {processor.py:208} INFO - Processing /opt/airflow/dags/dss150p_pipeline.py took 0.313 seconds
[2026-09-21T15:37:17.972+0000] {processor.py:186} INFO - Started process (PID=305) to work on /opt/airflow/dags/dss150p_pipeline.py
[2026-09-21T15:37:17.976+0000] {processor.py:914} INFO - Processing file /opt/airflow/dags/dss150p_pipeline.py for tasks to queue
[2026-09-21T15:37:17.982+0000] {logging_mixin.py:190} INFO - [2026-09-21T15:37:17.981+0000] {dagbag.py:588} INFO - Filling up the DagBag from /opt/airflow/dags/dss150p_pipeline.py
[2026-09-21T15:37:18.041+0000] {processor.py:925} INFO - DAG(s) 'dss150p_sales_pipeline' retrieved from /opt/airflow/dags/dss150p_pipeline.py
[2026-09-21T15:37:18.170+0000] {logging_mixin.py:190} INFO - [2026-09-21T15:37:18.170+0000] {dag.py:3239} INFO - Sync 1 DAGs
[2026-09-21T15:37:18.219+0000] {logging_mixin.py:190} INFO - [2026-09-21T15:37:18.219+0000] {dag.py:4180} INFO - Setting next_dagrun for dss150p_sales_pipeline to 2026-09-21 02:00:00+00:00, run_after=2026-09-22 02:00:00+00:00
[2026-09-21T15:37:18.266+0000] {processor.py:208} INFO - Processing /opt/airflow/dags/dss150p_pipeline.py took 0.312 seconds
[2026-09-21T15:37:48.512+0000] {processor.py:186} INFO - Started process (PID=310) to work on /opt/airflow/dags/dss150p_pipeline.py
[2026-09-21T15:37:48.516+0000] {processor.py:914} INFO - Processing file /opt/airflow/dags/dss150p_pipeline.py for tasks to queue
[2026-09-21T15:37:48.522+0000] {logging_mixin.py:190} INFO - [2026-09-21T15:37:48.521+0000] {dagbag.py:588} INFO - Filling up the DagBag from /opt/airflow/dags/dss150p_pipeline.py
[2026-09-21T15:37:48.580+0000] {processor.py:925} INFO - DAG(s) 'dss150p_sales_pipeline' retrieved from /opt/airflow/dags/dss150p_pipeline.py
[2026-09-21T15:37:48.705+0000] {logging_mixin.py:190} INFO - [2026-09-21T15:37:48.705+0000] {dag.py:3239} INFO - Sync 1 DAGs
[2026-09-21T15:37:48.792+0000] {logging_mixin.py:190} INFO - [2026-09-21T15:37:48.792+0000] {dag.py:4180} INFO - Setting next_dagrun for dss150p_sales_pipeline to 2026-09-21 02:00:00+00:00, run_after=2026-09-22 02:00:00+00:00
[2026-09-21T15:37:48.856+0000] {processor.py:208} INFO - Processing /opt/airflow/dags/dss150p_pipeline.py took 0.362 seconds
[2026-09-21T15:38:19.010+0000] {processor.py:186} INFO - Started process (PID=315) to work on /opt/airflow/dags/dss150p_pipeline.py
[2026-09-21T15:38:19.014+0000] {processor.py:914} INFO - Processing file /opt/airflow/dags/dss150p_pipeline.py for tasks to queue
[2026-09-21T15:38:19.027+0000] {logging_mixin.py:190} INFO - [2026-09-21T15:38:19.027+0000] {dagbag.py:588} INFO - Filling up the DagBag from /opt/airflow/dags/dss150p_pipeline.py
[2026-09-21T15:38:19.095+0000] {processor.py:925} INFO - DAG(s) 'dss150p_sales_pipeline' retrieved from /opt/airflow/dags/dss150p_pipeline.py
[2026-09-21T15:38:19.220+0000] {logging_mixin.py:190} INFO - [2026-09-21T15:38:19.220+0000] {dag.py:3239} INFO - Sync 1 DAGs
[2026-09-21T15:38:19.283+0000] {logging_mixin.py:190} INFO - [2026-09-21T15:38:19.283+0000] {dag.py:4180} INFO - Setting next_dagrun for dss150p_sales_pipeline to 2026-09-21 02:00:00+00:00, run_after=2026-09-22 02:00:00+00:00
[2026-09-21T15:38:19.330+0000] {processor.py:208} INFO - Processing /opt/airflow/dags/dss150p_pipeline.py took 0.352 seconds
[2026-09-21T15:38:50.087+0000] {processor.py:186} INFO - Started process (PID=328) to work on /opt/airflow/dags/dss150p_pipeline.py
[2026-09-21T15:38:50.093+0000] {processor.py:914} INFO - Processing file /opt/airflow/dags/dss150p_pipeline.py for tasks to queue
[2026-09-21T15:38:50.192+0000] {logging_mixin.py:190} INFO - [2026-09-21T15:38:50.185+0000] {dagbag.py:588} INFO - Filling up the DagBag from /opt/airflow/dags/dss150p_pipeline.py
[2026-09-21T15:38:50.373+0000] {processor.py:925} INFO - DAG(s) 'dss150p_sales_pipeline' retrieved from /opt/airflow/dags/dss150p_pipeline.py
[2026-09-21T15:38:50.690+0000] {logging_mixin.py:190} INFO - [2026-09-21T15:38:50.689+0000] {dag.py:3239} INFO - Sync 1 DAGs
[2026-09-21T15:38:50.899+0000] {logging_mixin.py:190} INFO - [2026-09-21T15:38:50.893+0000] {dag.py:4180} INFO - Setting next_dagrun for dss150p_sales_pipeline to 2026-09-21 02:00:00+00:00, run_after=2026-09-22 02:00:00+00:00
[2026-09-21T15:38:51.113+0000] {processor.py:208} INFO - Processing /opt/airflow/dags/dss150p_pipeline.py took 1.056 seconds
[2026-09-21T15:39:22.229+0000] {processor.py:186} INFO - Started process (PID=372) to work on /opt/airflow/dags/dss150p_pipeline.py
[2026-09-21T15:39:22.237+0000] {processor.py:914} INFO - Processing file /opt/airflow/dags/dss150p_pipeline.py for tasks to queue
[2026-09-21T15:39:22.248+0000] {logging_mixin.py:190} INFO - [2026-09-21T15:39:22.246+0000] {dagbag.py:588} INFO - Filling up the DagBag from /opt/airflow/dags/dss150p_pipeline.py
[2026-09-21T15:39:22.480+0000] {processor.py:925} INFO - DAG(s) 'dss150p_sales_pipeline' retrieved from /opt/airflow/dags/dss150p_pipeline.py
[2026-09-21T15:39:22.698+0000] {logging_mixin.py:190} INFO - [2026-09-21T15:39:22.698+0000] {dag.py:3239} INFO - Sync 1 DAGs
[2026-09-21T15:39:22.823+0000] {logging_mixin.py:190} INFO - [2026-09-21T15:39:22.823+0000] {dag.py:4180} INFO - Setting next_dagrun for dss150p_sales_pipeline to 2026-09-21 02:00:00+00:00, run_after=2026-09-22 02:00:00+00:00
[2026-09-21T15:39:22.900+0000] {processor.py:208} INFO - Processing /opt/airflow/dags/dss150p_pipeline.py took 0.708 seconds
[2026-09-21T15:39:53.701+0000] {processor.py:186} INFO - Started process (PID=377) to work on /opt/airflow/dags/dss150p_pipeline.py
[2026-09-21T15:39:53.726+0000] {processor.py:914} INFO - Processing file /opt/airflow/dags/dss150p_pipeline.py for tasks to queue
[2026-09-21T15:39:53.757+0000] {logging_mixin.py:190} INFO - [2026-09-21T15:39:53.753+0000] {dagbag.py:588} INFO - Filling up the DagBag from /opt/airflow/dags/dss150p_pipeline.py
[2026-09-21T15:39:53.919+0000] {processor.py:925} INFO - DAG(s) 'dss150p_sales_pipeline' retrieved from /opt/airflow/dags/dss150p_pipeline.py
[2026-09-21T15:39:54.220+0000] {logging_mixin.py:190} INFO - [2026-09-21T15:39:54.220+0000] {dag.py:3239} INFO - Sync 1 DAGs
[2026-09-21T15:39:54.587+0000] {logging_mixin.py:190} INFO - [2026-09-21T15:39:54.587+0000] {dag.py:4180} INFO - Setting next_dagrun for dss150p_sales_pipeline to 2026-09-21 02:00:00+00:00, run_after=2026-09-22 02:00:00+00:00
[2026-09-21T15:39:55.062+0000] {processor.py:208} INFO - Processing /opt/airflow/dags/dss150p_pipeline.py took 1.418 seconds
[2026-09-21T15:40:25.583+0000] {processor.py:186} INFO - Started process (PID=382) to work on /opt/airflow/dags/dss150p_pipeline.py
[2026-09-21T15:40:25.587+0000] {processor.py:914} INFO - Processing file /opt/airflow/dags/dss150p_pipeline.py for tasks to queue
[2026-09-21T15:40:25.596+0000] {logging_mixin.py:190} INFO - [2026-09-21T15:40:25.595+0000] {dagbag.py:588} INFO - Filling up the DagBag from /opt/airflow/dags/dss150p_pipeline.py
[2026-09-21T15:40:25.733+0000] {processor.py:925} INFO - DAG(s) 'dss150p_sales_pipeline' retrieved from /opt/airflow/dags/dss150p_pipeline.py
[2026-09-21T15:40:26.054+0000] {logging_mixin.py:190} INFO - [2026-09-21T15:40:26.054+0000] {dag.py:3239} INFO - Sync 1 DAGs
[2026-09-21T15:40:26.174+0000] {logging_mixin.py:190} INFO - [2026-09-21T15:40:26.173+0000] {dag.py:4180} INFO - Setting next_dagrun for dss150p_sales_pipeline to 2026-09-21 02:00:00+00:00, run_after=2026-09-22 02:00:00+00:00
[2026-09-21T15:40:26.257+0000] {processor.py:208} INFO - Processing /opt/airflow/dags/dss150p_pipeline.py took 0.699 seconds
[2026-09-21T15:40:56.484+0000] {processor.py:186} INFO - Started process (PID=403) to work on /opt/airflow/dags/dss150p_pipeline.py
[2026-09-21T15:40:56.487+0000] {processor.py:914} INFO - Processing file /opt/airflow/dags/dss150p_pipeline.py for tasks to queue
[2026-09-21T15:40:56.494+0000] {logging_mixin.py:190} INFO - [2026-09-21T15:40:56.493+0000] {dagbag.py:588} INFO - Filling up the DagBag from /opt/airflow/dags/dss150p_pipeline.py
[2026-09-21T15:40:56.626+0000] {processor.py:925} INFO - DAG(s) 'dss150p_sales_pipeline' retrieved from /opt/airflow/dags/dss150p_pipeline.py
[2026-09-21T15:40:56.822+0000] {logging_mixin.py:190} INFO - [2026-09-21T15:40:56.821+0000] {dag.py:3239} INFO - Sync 1 DAGs
[2026-09-21T15:40:56.880+0000] {logging_mixin.py:190} INFO - [2026-09-21T15:40:56.880+0000] {dag.py:4180} INFO - Setting next_dagrun for dss150p_sales_pipeline to 2026-09-21 02:00:00+00:00, run_after=2026-09-22 02:00:00+00:00
[2026-09-21T15:40:56.935+0000] {processor.py:208} INFO - Processing /opt/airflow/dags/dss150p_pipeline.py took 0.463 seconds
[2026-09-21T15:41:27.702+0000] {processor.py:186} INFO - Started process (PID=408) to work on /opt/airflow/dags/dss150p_pipeline.py
[2026-09-21T15:41:27.707+0000] {processor.py:914} INFO - Processing file /opt/airflow/dags/dss150p_pipeline.py for tasks to queue
[2026-09-21T15:41:27.716+0000] {logging_mixin.py:190} INFO - [2026-09-21T15:41:27.715+0000] {dagbag.py:588} INFO - Filling up the DagBag from /opt/airflow/dags/dss150p_pipeline.py
[2026-09-21T15:41:27.776+0000] {processor.py:925} INFO - DAG(s) 'dss150p_sales_pipeline' retrieved from /opt/airflow/dags/dss150p_pipeline.py
[2026-09-21T15:41:27.924+0000] {logging_mixin.py:190} INFO - [2026-09-21T15:41:27.923+0000] {dag.py:3239} INFO - Sync 1 DAGs
[2026-09-21T15:41:27.989+0000] {logging_mixin.py:190} INFO - [2026-09-21T15:41:27.989+0000] {dag.py:4180} INFO - Setting next_dagrun for dss150p_sales_pipeline to 2026-09-21 02:00:00+00:00, run_after=2026-09-22 02:00:00+00:00
[2026-09-21T15:41:28.040+0000] {processor.py:208} INFO - Processing /opt/airflow/dags/dss150p_pipeline.py took 0.361 seconds
[2026-09-21T15:41:58.542+0000] {processor.py:186} INFO - Started process (PID=413) to work on /opt/airflow/dags/dss150p_pipeline.py
[2026-09-21T15:41:58.545+0000] {processor.py:914} INFO - Processing file /opt/airflow/dags/dss150p_pipeline.py for tasks to queue
[2026-09-21T15:41:58.553+0000] {logging_mixin.py:190} INFO - [2026-09-21T15:41:58.552+0000] {dagbag.py:588} INFO - Filling up the DagBag from /opt/airflow/dags/dss150p_pipeline.py
[2026-09-21T15:41:58.603+0000] {processor.py:925} INFO - DAG(s) 'dss150p_sales_pipeline' retrieved from /opt/airflow/dags/dss150p_pipeline.py
[2026-09-21T15:41:58.702+0000] {logging_mixin.py:190} INFO - [2026-09-21T15:41:58.702+0000] {dag.py:3239} INFO - Sync 1 DAGs
[2026-09-21T15:41:58.751+0000] {logging_mixin.py:190} INFO - [2026-09-21T15:41:58.751+0000] {dag.py:4180} INFO - Setting next_dagrun for dss150p_sales_pipeline to 2026-09-21 02:00:00+00:00, run_after=2026-09-22 02:00:00+00:00
[2026-09-21T15:41:58.794+0000] {processor.py:208} INFO - Processing /opt/airflow/dags/dss150p_pipeline.py took 0.273 seconds
[2026-09-21T15:42:29.329+0000] {processor.py:186} INFO - Started process (PID=418) to work on /opt/airflow/dags/dss150p_pipeline.py
[2026-09-21T15:42:29.331+0000] {processor.py:914} INFO - Processing file /opt/airflow/dags/dss150p_pipeline.py for tasks to queue
[2026-09-21T15:42:29.339+0000] {logging_mixin.py:190} INFO - [2026-09-21T15:42:29.339+0000] {dagbag.py:588} INFO - Filling up the DagBag from /opt/airflow/dags/dss150p_pipeline.py
[2026-09-21T15:42:29.400+0000] {processor.py:925} INFO - DAG(s) 'dss150p_sales_pipeline' retrieved from /opt/airflow/dags/dss150p_pipeline.py
[2026-09-21T15:42:29.528+0000] {logging_mixin.py:190} INFO - [2026-09-21T15:42:29.527+0000] {dag.py:3239} INFO - Sync 1 DAGs
[2026-09-21T15:42:29.601+0000] {logging_mixin.py:190} INFO - [2026-09-21T15:42:29.601+0000] {dag.py:4180} INFO - Setting next_dagrun for dss150p_sales_pipeline to 2026-09-21 02:00:00+00:00, run_after=2026-09-22 02:00:00+00:00
[2026-09-21T15:42:29.662+0000] {processor.py:208} INFO - Processing /opt/airflow/dags/dss150p_pipeline.py took 0.348 seconds
[2026-09-21T15:43:08.145+0000] {processor.py:186} INFO - Started process (PID=423) to work on /opt/airflow/dags/dss150p_pipeline.py
[2026-09-21T15:43:08.418+0000] {processor.py:914} INFO - Processing file /opt/airflow/dags/dss150p_pipeline.py for tasks to queue
[2026-09-21T15:43:08.439+0000] {logging_mixin.py:190} INFO - [2026-09-21T15:43:08.436+0000] {dagbag.py:588} INFO - Filling up the DagBag from /opt/airflow/dags/dss150p_pipeline.py
[2026-09-21T15:43:08.995+0000] {processor.py:925} INFO - DAG(s) 'dss150p_sales_pipeline' retrieved from /opt/airflow/dags/dss150p_pipeline.py
[2026-09-21T15:43:11.035+0000] {logging_mixin.py:190} INFO - [2026-09-21T15:43:11.034+0000] {dag.py:3239} INFO - Sync 1 DAGs
[2026-09-21T15:43:11.353+0000] {logging_mixin.py:190} INFO - [2026-09-21T15:43:11.353+0000] {dag.py:4180} INFO - Setting next_dagrun for dss150p_sales_pipeline to 2026-09-21 02:00:00+00:00, run_after=2026-09-22 02:00:00+00:00
[2026-09-21T15:43:12.076+0000] {processor.py:208} INFO - Processing /opt/airflow/dags/dss150p_pipeline.py took 4.182 seconds
[2026-09-21T15:43:43.027+0000] {processor.py:186} INFO - Started process (PID=428) to work on /opt/airflow/dags/dss150p_pipeline.py
[2026-09-21T15:43:43.030+0000] {processor.py:914} INFO - Processing file /opt/airflow/dags/dss150p_pipeline.py for tasks to queue
[2026-09-21T15:43:43.038+0000] {logging_mixin.py:190} INFO - [2026-09-21T15:43:43.037+0000] {dagbag.py:588} INFO - Filling up the DagBag from /opt/airflow/dags/dss150p_pipeline.py
[2026-09-21T15:43:43.081+0000] {processor.py:925} INFO - DAG(s) 'dss150p_sales_pipeline' retrieved from /opt/airflow/dags/dss150p_pipeline.py
[2026-09-21T15:43:43.201+0000] {logging_mixin.py:190} INFO - [2026-09-21T15:43:43.200+0000] {dag.py:3239} INFO - Sync 1 DAGs
[2026-09-21T15:43:43.271+0000] {logging_mixin.py:190} INFO - [2026-09-21T15:43:43.271+0000] {dag.py:4180} INFO - Setting next_dagrun for dss150p_sales_pipeline to 2026-09-21 02:00:00+00:00, run_after=2026-09-22 02:00:00+00:00
[2026-09-21T15:43:43.314+0000] {processor.py:208} INFO - Processing /opt/airflow/dags/dss150p_pipeline.py took 0.302 seconds
[2026-09-21T15:44:13.574+0000] {processor.py:186} INFO - Started process (PID=433) to work on /opt/airflow/dags/dss150p_pipeline.py
[2026-09-21T15:44:13.580+0000] {processor.py:914} INFO - Processing file /opt/airflow/dags/dss150p_pipeline.py for tasks to queue
[2026-09-21T15:44:13.589+0000] {logging_mixin.py:190} INFO - [2026-09-21T15:44:13.588+0000] {dagbag.py:588} INFO - Filling up the DagBag from /opt/airflow/dags/dss150p_pipeline.py
[2026-09-21T15:44:13.666+0000] {processor.py:925} INFO - DAG(s) 'dss150p_sales_pipeline' retrieved from /opt/airflow/dags/dss150p_pipeline.py
[2026-09-21T15:44:13.778+0000] {logging_mixin.py:190} INFO - [2026-09-21T15:44:13.777+0000] {dag.py:3239} INFO - Sync 1 DAGs
[2026-09-21T15:44:13.830+0000] {logging_mixin.py:190} INFO - [2026-09-21T15:44:13.830+0000] {dag.py:4180} INFO - Setting next_dagrun for dss150p_sales_pipeline to 2026-09-21 02:00:00+00:00, run_after=2026-09-22 02:00:00+00:00
[2026-09-21T15:44:13.872+0000] {processor.py:208} INFO - Processing /opt/airflow/dags/dss150p_pipeline.py took 0.323 seconds
[2026-09-21T15:44:44.808+0000] {processor.py:186} INFO - Started process (PID=438) to work on /opt/airflow/dags/dss150p_pipeline.py
[2026-09-21T15:44:44.811+0000] {processor.py:914} INFO - Processing file /opt/airflow/dags/dss150p_pipeline.py for tasks to queue
[2026-09-21T15:44:44.818+0000] {logging_mixin.py:190} INFO - [2026-09-21T15:44:44.817+0000] {dagbag.py:588} INFO - Filling up the DagBag from /opt/airflow/dags/dss150p_pipeline.py
[2026-09-21T15:44:44.912+0000] {processor.py:925} INFO - DAG(s) 'dss150p_sales_pipeline' retrieved from /opt/airflow/dags/dss150p_pipeline.py
[2026-09-21T15:44:45.073+0000] {logging_mixin.py:190} INFO - [2026-09-21T15:44:45.072+0000] {dag.py:3239} INFO - Sync 1 DAGs
[2026-09-21T15:44:45.122+0000] {logging_mixin.py:190} INFO - [2026-09-21T15:44:45.122+0000] {dag.py:4180} INFO - Setting next_dagrun for dss150p_sales_pipeline to 2026-09-21 02:00:00+00:00, run_after=2026-09-22 02:00:00+00:00
[2026-09-21T15:44:45.161+0000] {processor.py:208} INFO - Processing /opt/airflow/dags/dss150p_pipeline.py took 0.372 seconds
[2026-09-21T15:45:15.642+0000] {processor.py:186} INFO - Started process (PID=443) to work on /opt/airflow/dags/dss150p_pipeline.py
[2026-09-21T15:45:15.646+0000] {processor.py:914} INFO - Processing file /opt/airflow/dags/dss150p_pipeline.py for tasks to queue
[2026-09-21T15:45:15.781+0000] {logging_mixin.py:190} INFO - [2026-09-21T15:45:15.780+0000] {dagbag.py:588} INFO - Filling up the DagBag from /opt/airflow/dags/dss150p_pipeline.py
[2026-09-21T15:45:16.281+0000] {processor.py:925} INFO - DAG(s) 'dss150p_sales_pipeline' retrieved from /opt/airflow/dags/dss150p_pipeline.py
[2026-09-21T15:45:16.707+0000] {logging_mixin.py:190} INFO - [2026-09-21T15:45:16.706+0000] {dag.py:3239} INFO - Sync 1 DAGs
[2026-09-21T15:45:16.837+0000] {logging_mixin.py:190} INFO - [2026-09-21T15:45:16.837+0000] {dag.py:4180} INFO - Setting next_dagrun for dss150p_sales_pipeline to 2026-09-21 02:00:00+00:00, run_after=2026-09-22 02:00:00+00:00
[2026-09-21T15:45:16.898+0000] {processor.py:208} INFO - Processing /opt/airflow/dags/dss150p_pipeline.py took 1.322 seconds
[2026-09-21T15:45:47.960+0000] {processor.py:186} INFO - Started process (PID=448) to work on /opt/airflow/dags/dss150p_pipeline.py
[2026-09-21T15:45:48.056+0000] {processor.py:914} INFO - Processing file /opt/airflow/dags/dss150p_pipeline.py for tasks to queue
[2026-09-21T15:45:48.077+0000] {logging_mixin.py:190} INFO - [2026-09-21T15:45:48.074+0000] {dagbag.py:588} INFO - Filling up the DagBag from /opt/airflow/dags/dss150p_pipeline.py
[2026-09-21T15:45:48.290+0000] {processor.py:925} INFO - DAG(s) 'dss150p_sales_pipeline' retrieved from /opt/airflow/dags/dss150p_pipeline.py
[2026-09-21T15:45:48.751+0000] {logging_mixin.py:190} INFO - [2026-09-21T15:45:48.751+0000] {dag.py:3239} INFO - Sync 1 DAGs
[2026-09-21T15:45:48.831+0000] {logging_mixin.py:190} INFO - [2026-09-21T15:45:48.830+0000] {dag.py:4180} INFO - Setting next_dagrun for dss150p_sales_pipeline to 2026-09-21 02:00:00+00:00, run_after=2026-09-22 02:00:00+00:00
[2026-09-21T15:45:48.908+0000] {processor.py:208} INFO - Processing /opt/airflow/dags/dss150p_pipeline.py took 1.010 seconds
[2026-09-21T15:46:19.184+0000] {processor.py:186} INFO - Started process (PID=453) to work on /opt/airflow/dags/dss150p_pipeline.py
[2026-09-21T15:46:19.188+0000] {processor.py:914} INFO - Processing file /opt/airflow/dags/dss150p_pipeline.py for tasks to queue
[2026-09-21T15:46:19.195+0000] {logging_mixin.py:190} INFO - [2026-09-21T15:46:19.194+0000] {dagbag.py:588} INFO - Filling up the DagBag from /opt/airflow/dags/dss150p_pipeline.py
[2026-09-21T15:46:19.259+0000] {processor.py:925} INFO - DAG(s) 'dss150p_sales_pipeline' retrieved from /opt/airflow/dags/dss150p_pipeline.py
[2026-09-21T15:46:19.406+0000] {logging_mixin.py:190} INFO - [2026-09-21T15:46:19.405+0000] {dag.py:3239} INFO - Sync 1 DAGs
[2026-09-21T15:46:19.539+0000] {logging_mixin.py:190} INFO - [2026-09-21T15:46:19.539+0000] {dag.py:4180} INFO - Setting next_dagrun for dss150p_sales_pipeline to 2026-09-21 02:00:00+00:00, run_after=2026-09-22 02:00:00+00:00
[2026-09-21T15:46:19.584+0000] {processor.py:208} INFO - Processing /opt/airflow/dags/dss150p_pipeline.py took 0.416 seconds
[2026-09-21T15:46:50.084+0000] {processor.py:186} INFO - Started process (PID=458) to work on /opt/airflow/dags/dss150p_pipeline.py
[2026-09-21T15:46:50.086+0000] {processor.py:914} INFO - Processing file /opt/airflow/dags/dss150p_pipeline.py for tasks to queue
[2026-09-21T15:46:50.091+0000] {logging_mixin.py:190} INFO - [2026-09-21T15:46:50.090+0000] {dagbag.py:588} INFO - Filling up the DagBag from /opt/airflow/dags/dss150p_pipeline.py
[2026-09-21T15:46:50.195+0000] {processor.py:925} INFO - DAG(s) 'dss150p_sales_pipeline' retrieved from /opt/airflow/dags/dss150p_pipeline.py
[2026-09-21T15:46:50.460+0000] {logging_mixin.py:190} INFO - [2026-09-21T15:46:50.459+0000] {dag.py:3239} INFO - Sync 1 DAGs
[2026-09-21T15:46:50.521+0000] {logging_mixin.py:190} INFO - [2026-09-21T15:46:50.520+0000] {dag.py:4180} INFO - Setting next_dagrun for dss150p_sales_pipeline to 2026-09-21 02:00:00+00:00, run_after=2026-09-22 02:00:00+00:00
[2026-09-21T15:46:50.569+0000] {processor.py:208} INFO - Processing /opt/airflow/dags/dss150p_pipeline.py took 0.499 seconds
[2026-09-21T15:47:20.710+0000] {processor.py:186} INFO - Started process (PID=463) to work on /opt/airflow/dags/dss150p_pipeline.py
[2026-09-21T15:47:20.713+0000] {processor.py:914} INFO - Processing file /opt/airflow/dags/dss150p_pipeline.py for tasks to queue
[2026-09-21T15:47:20.719+0000] {logging_mixin.py:190} INFO - [2026-09-21T15:47:20.718+0000] {dagbag.py:588} INFO - Filling up the DagBag from /opt/airflow/dags/dss150p_pipeline.py
[2026-09-21T15:47:20.798+0000] {processor.py:925} INFO - DAG(s) 'dss150p_sales_pipeline' retrieved from /opt/airflow/dags/dss150p_pipeline.py
[2026-09-21T15:47:20.907+0000] {logging_mixin.py:190} INFO - [2026-09-21T15:47:20.906+0000] {dag.py:3239} INFO - Sync 1 DAGs
[2026-09-21T15:47:20.947+0000] {logging_mixin.py:190} INFO - [2026-09-21T15:47:20.946+0000] {dag.py:4180} INFO - Setting next_dagrun for dss150p_sales_pipeline to 2026-09-21 02:00:00+00:00, run_after=2026-09-22 02:00:00+00:00
[2026-09-21T15:47:20.978+0000] {processor.py:208} INFO - Processing /opt/airflow/dags/dss150p_pipeline.py took 0.281 seconds
[2026-09-21T15:47:51.372+0000] {processor.py:186} INFO - Started process (PID=468) to work on /opt/airflow/dags/dss150p_pipeline.py
[2026-09-21T15:47:51.374+0000] {processor.py:914} INFO - Processing file /opt/airflow/dags/dss150p_pipeline.py for tasks to queue
[2026-09-21T15:47:51.379+0000] {logging_mixin.py:190} INFO - [2026-09-21T15:47:51.378+0000] {dagbag.py:588} INFO - Filling up the DagBag from /opt/airflow/dags/dss150p_pipeline.py
[2026-09-21T15:47:51.423+0000] {processor.py:925} INFO - DAG(s) 'dss150p_sales_pipeline' retrieved from /opt/airflow/dags/dss150p_pipeline.py
[2026-09-21T15:47:51.502+0000] {logging_mixin.py:190} INFO - [2026-09-21T15:47:51.501+0000] {dag.py:3239} INFO - Sync 1 DAGs
[2026-09-21T15:47:51.563+0000] {logging_mixin.py:190} INFO - [2026-09-21T15:47:51.563+0000] {dag.py:4180} INFO - Setting next_dagrun for dss150p_sales_pipeline to 2026-09-21 02:00:00+00:00, run_after=2026-09-22 02:00:00+00:00
[2026-09-21T15:47:51.601+0000] {processor.py:208} INFO - Processing /opt/airflow/dags/dss150p_pipeline.py took 0.243 seconds
[2026-09-21T15:48:22.437+0000] {processor.py:186} INFO - Started process (PID=473) to work on /opt/airflow/dags/dss150p_pipeline.py
[2026-09-21T15:48:22.442+0000] {processor.py:914} INFO - Processing file /opt/airflow/dags/dss150p_pipeline.py for tasks to queue
[2026-09-21T15:48:22.448+0000] {logging_mixin.py:190} INFO - [2026-09-21T15:48:22.447+0000] {dagbag.py:588} INFO - Filling up the DagBag from /opt/airflow/dags/dss150p_pipeline.py
[2026-09-21T15:48:22.495+0000] {processor.py:925} INFO - DAG(s) 'dss150p_sales_pipeline' retrieved from /opt/airflow/dags/dss150p_pipeline.py
[2026-09-21T15:48:22.591+0000] {logging_mixin.py:190} INFO - [2026-09-21T15:48:22.590+0000] {dag.py:3239} INFO - Sync 1 DAGs
[2026-09-21T15:48:22.658+0000] {logging_mixin.py:190} INFO - [2026-09-21T15:48:22.657+0000] {dag.py:4180} INFO - Setting next_dagrun for dss150p_sales_pipeline to 2026-09-21 02:00:00+00:00, run_after=2026-09-22 02:00:00+00:00
[2026-09-21T15:48:22.706+0000] {processor.py:208} INFO - Processing /opt/airflow/dags/dss150p_pipeline.py took 0.301 seconds
[2026-09-21T15:48:53.249+0000] {processor.py:186} INFO - Started process (PID=478) to work on /opt/airflow/dags/dss150p_pipeline.py
[2026-09-21T15:48:53.253+0000] {processor.py:914} INFO - Processing file /opt/airflow/dags/dss150p_pipeline.py for tasks to queue
[2026-09-21T15:48:53.261+0000] {logging_mixin.py:190} INFO - [2026-09-21T15:48:53.260+0000] {dagbag.py:588} INFO - Filling up the DagBag from /opt/airflow/dags/dss150p_pipeline.py
[2026-09-21T15:48:53.331+0000] {processor.py:925} INFO - DAG(s) 'dss150p_sales_pipeline' retrieved from /opt/airflow/dags/dss150p_pipeline.py
[2026-09-21T15:48:53.505+0000] {logging_mixin.py:190} INFO - [2026-09-21T15:48:53.504+0000] {dag.py:3239} INFO - Sync 1 DAGs
[2026-09-21T15:48:53.546+0000] {logging_mixin.py:190} INFO - [2026-09-21T15:48:53.546+0000] {dag.py:4180} INFO - Setting next_dagrun for dss150p_sales_pipeline to 2026-09-21 02:00:00+00:00, run_after=2026-09-22 02:00:00+00:00
[2026-09-21T15:48:53.582+0000] {processor.py:208} INFO - Processing /opt/airflow/dags/dss150p_pipeline.py took 0.354 seconds
[2026-09-21T15:49:24.060+0000] {processor.py:186} INFO - Started process (PID=483) to work on /opt/airflow/dags/dss150p_pipeline.py
[2026-09-21T15:49:24.063+0000] {processor.py:914} INFO - Processing file /opt/airflow/dags/dss150p_pipeline.py for tasks to queue
[2026-09-21T15:49:24.068+0000] {logging_mixin.py:190} INFO - [2026-09-21T15:49:24.067+0000] {dagbag.py:588} INFO - Filling up the DagBag from /opt/airflow/dags/dss150p_pipeline.py
[2026-09-21T15:49:24.117+0000] {processor.py:925} INFO - DAG(s) 'dss150p_sales_pipeline' retrieved from /opt/airflow/dags/dss150p_pipeline.py
[2026-09-21T15:49:24.220+0000] {logging_mixin.py:190} INFO - [2026-09-21T15:49:24.220+0000] {dag.py:3239} INFO - Sync 1 DAGs
[2026-09-21T15:49:24.302+0000] {logging_mixin.py:190} INFO - [2026-09-21T15:49:24.302+0000] {dag.py:4180} INFO - Setting next_dagrun for dss150p_sales_pipeline to 2026-09-21 02:00:00+00:00, run_after=2026-09-22 02:00:00+00:00
[2026-09-21T15:49:24.344+0000] {processor.py:208} INFO - Processing /opt/airflow/dags/dss150p_pipeline.py took 0.305 seconds
[2026-09-21T15:49:54.888+0000] {processor.py:186} INFO - Started process (PID=488) to work on /opt/airflow/dags/dss150p_pipeline.py
[2026-09-21T15:49:54.890+0000] {processor.py:914} INFO - Processing file /opt/airflow/dags/dss150p_pipeline.py for tasks to queue
[2026-09-21T15:49:54.896+0000] {logging_mixin.py:190} INFO - [2026-09-21T15:49:54.895+0000] {dagbag.py:588} INFO - Filling up the DagBag from /opt/airflow/dags/dss150p_pipeline.py
[2026-09-21T15:49:54.941+0000] {processor.py:925} INFO - DAG(s) 'dss150p_sales_pipeline' retrieved from /opt/airflow/dags/dss150p_pipeline.py
[2026-09-21T15:49:55.035+0000] {logging_mixin.py:190} INFO - [2026-09-21T15:49:55.035+0000] {dag.py:3239} INFO - Sync 1 DAGs
[2026-09-21T15:49:55.074+0000] {logging_mixin.py:190} INFO - [2026-09-21T15:49:55.074+0000] {dag.py:4180} INFO - Setting next_dagrun for dss150p_sales_pipeline to 2026-09-21 02:00:00+00:00, run_after=2026-09-22 02:00:00+00:00
[2026-09-21T15:49:55.112+0000] {processor.py:208} INFO - Processing /opt/airflow/dags/dss150p_pipeline.py took 0.239 seconds
[2026-09-21T15:50:25.798+0000] {processor.py:186} INFO - Started process (PID=493) to work on /opt/airflow/dags/dss150p_pipeline.py
[2026-09-21T15:50:25.800+0000] {processor.py:914} INFO - Processing file /opt/airflow/dags/dss150p_pipeline.py for tasks to queue
[2026-09-21T15:50:25.807+0000] {logging_mixin.py:190} INFO - [2026-09-21T15:50:25.806+0000] {dagbag.py:588} INFO - Filling up the DagBag from /opt/airflow/dags/dss150p_pipeline.py
[2026-09-21T15:50:25.856+0000] {processor.py:925} INFO - DAG(s) 'dss150p_sales_pipeline' retrieved from /opt/airflow/dags/dss150p_pipeline.py
[2026-09-21T15:50:25.941+0000] {logging_mixin.py:190} INFO - [2026-09-21T15:50:25.941+0000] {dag.py:3239} INFO - Sync 1 DAGs
[2026-09-21T15:50:25.984+0000] {logging_mixin.py:190} INFO - [2026-09-21T15:50:25.984+0000] {dag.py:4180} INFO - Setting next_dagrun for dss150p_sales_pipeline to 2026-09-21 02:00:00+00:00, run_after=2026-09-22 02:00:00+00:00
[2026-09-21T15:50:26.035+0000] {processor.py:208} INFO - Processing /opt/airflow/dags/dss150p_pipeline.py took 0.252 seconds
[2026-09-21T15:50:56.735+0000] {processor.py:186} INFO - Started process (PID=498) to work on /opt/airflow/dags/dss150p_pipeline.py
[2026-09-21T15:50:56.739+0000] {processor.py:914} INFO - Processing file /opt/airflow/dags/dss150p_pipeline.py for tasks to queue
[2026-09-21T15:50:56.746+0000] {logging_mixin.py:190} INFO - [2026-09-21T15:50:56.746+0000] {dagbag.py:588} INFO - Filling up the DagBag from /opt/airflow/dags/dss150p_pipeline.py
[2026-09-21T15:50:56.829+0000] {processor.py:925} INFO - DAG(s) 'dss150p_sales_pipeline' retrieved from /opt/airflow/dags/dss150p_pipeline.py
[2026-09-21T15:50:56.951+0000] {logging_mixin.py:190} INFO - [2026-09-21T15:50:56.950+0000] {dag.py:3239} INFO - Sync 1 DAGs
[2026-09-21T15:50:57.012+0000] {logging_mixin.py:190} INFO - [2026-09-21T15:50:57.012+0000] {dag.py:4180} INFO - Setting next_dagrun for dss150p_sales_pipeline to 2026-09-21 02:00:00+00:00, run_after=2026-09-22 02:00:00+00:00
[2026-09-21T15:50:57.058+0000] {processor.py:208} INFO - Processing /opt/airflow/dags/dss150p_pipeline.py took 0.343 seconds
[2026-09-21T15:51:27.818+0000] {processor.py:186} INFO - Started process (PID=503) to work on /opt/airflow/dags/dss150p_pipeline.py
[2026-09-21T15:51:27.822+0000] {processor.py:914} INFO - Processing file /opt/airflow/dags/dss150p_pipeline.py for tasks to queue
[2026-09-21T15:51:27.831+0000] {logging_mixin.py:190} INFO - [2026-09-21T15:51:27.830+0000] {dagbag.py:588} INFO - Filling up the DagBag from /opt/airflow/dags/dss150p_pipeline.py
[2026-09-21T15:51:27.969+0000] {processor.py:925} INFO - DAG(s) 'dss150p_sales_pipeline' retrieved from /opt/airflow/dags/dss150p_pipeline.py
[2026-09-21T15:51:28.210+0000] {logging_mixin.py:190} INFO - [2026-09-21T15:51:28.209+0000] {dag.py:3239} INFO - Sync 1 DAGs
[2026-09-21T15:51:28.292+0000] {logging_mixin.py:190} INFO - [2026-09-21T15:51:28.291+0000] {dag.py:4180} INFO - Setting next_dagrun for dss150p_sales_pipeline to 2026-09-21 02:00:00+00:00, run_after=2026-09-22 02:00:00+00:00
[2026-09-21T15:51:28.372+0000] {processor.py:208} INFO - Processing /opt/airflow/dags/dss150p_pipeline.py took 0.578 seconds
[2026-09-21T15:51:59.072+0000] {processor.py:186} INFO - Started process (PID=508) to work on /opt/airflow/dags/dss150p_pipeline.py
[2026-09-21T15:51:59.075+0000] {processor.py:914} INFO - Processing file /opt/airflow/dags/dss150p_pipeline.py for tasks to queue
[2026-09-21T15:51:59.080+0000] {logging_mixin.py:190} INFO - [2026-09-21T15:51:59.080+0000] {dagbag.py:588} INFO - Filling up the DagBag from /opt/airflow/dags/dss150p_pipeline.py
[2026-09-21T15:51:59.121+0000] {processor.py:925} INFO - DAG(s) 'dss150p_sales_pipeline' retrieved from /opt/airflow/dags/dss150p_pipeline.py
[2026-09-21T15:51:59.244+0000] {logging_mixin.py:190} INFO - [2026-09-21T15:51:59.243+0000] {dag.py:3239} INFO - Sync 1 DAGs
[2026-09-21T15:51:59.303+0000] {logging_mixin.py:190} INFO - [2026-09-21T15:51:59.303+0000] {dag.py:4180} INFO - Setting next_dagrun for dss150p_sales_pipeline to 2026-09-21 02:00:00+00:00, run_after=2026-09-22 02:00:00+00:00
[2026-09-21T15:51:59.350+0000] {processor.py:208} INFO - Processing /opt/airflow/dags/dss150p_pipeline.py took 0.294 seconds
[2026-09-21T15:52:30.002+0000] {processor.py:186} INFO - Started process (PID=513) to work on /opt/airflow/dags/dss150p_pipeline.py
[2026-09-21T15:52:30.005+0000] {processor.py:914} INFO - Processing file /opt/airflow/dags/dss150p_pipeline.py for tasks to queue
[2026-09-21T15:52:30.010+0000] {logging_mixin.py:190} INFO - [2026-09-21T15:52:30.010+0000] {dagbag.py:588} INFO - Filling up the DagBag from /opt/airflow/dags/dss150p_pipeline.py
[2026-09-21T15:52:30.059+0000] {processor.py:925} INFO - DAG(s) 'dss150p_sales_pipeline' retrieved from /opt/airflow/dags/dss150p_pipeline.py
[2026-09-21T15:52:30.148+0000] {logging_mixin.py:190} INFO - [2026-09-21T15:52:30.147+0000] {dag.py:3239} INFO - Sync 1 DAGs
[2026-09-21T15:52:30.197+0000] {logging_mixin.py:190} INFO - [2026-09-21T15:52:30.196+0000] {dag.py:4180} INFO - Setting next_dagrun for dss150p_sales_pipeline to 2026-09-21 02:00:00+00:00, run_after=2026-09-22 02:00:00+00:00
[2026-09-21T15:52:30.231+0000] {processor.py:208} INFO - Processing /opt/airflow/dags/dss150p_pipeline.py took 0.242 seconds
[2026-09-21T15:53:00.967+0000] {processor.py:186} INFO - Started process (PID=518) to work on /opt/airflow/dags/dss150p_pipeline.py
[2026-09-21T15:53:00.970+0000] {processor.py:914} INFO - Processing file /opt/airflow/dags/dss150p_pipeline.py for tasks to queue
[2026-09-21T15:53:00.976+0000] {logging_mixin.py:190} INFO - [2026-09-21T15:53:00.975+0000] {dagbag.py:588} INFO - Filling up the DagBag from /opt/airflow/dags/dss150p_pipeline.py
[2026-09-21T15:53:01.027+0000] {processor.py:925} INFO - DAG(s) 'dss150p_sales_pipeline' retrieved from /opt/airflow/dags/dss150p_pipeline.py
[2026-09-21T15:53:01.117+0000] {logging_mixin.py:190} INFO - [2026-09-21T15:53:01.116+0000] {dag.py:3239} INFO - Sync 1 DAGs
[2026-09-21T15:53:01.159+0000] {logging_mixin.py:190} INFO - [2026-09-21T15:53:01.159+0000] {dag.py:4180} INFO - Setting next_dagrun for dss150p_sales_pipeline to 2026-09-21 02:00:00+00:00, run_after=2026-09-22 02:00:00+00:00
[2026-09-21T15:53:01.192+0000] {processor.py:208} INFO - Processing /opt/airflow/dags/dss150p_pipeline.py took 0.237 seconds
[2026-09-21T15:53:31.618+0000] {processor.py:186} INFO - Started process (PID=523) to work on /opt/airflow/dags/dss150p_pipeline.py
[2026-09-21T15:53:31.622+0000] {processor.py:914} INFO - Processing file /opt/airflow/dags/dss150p_pipeline.py for tasks to queue
[2026-09-21T15:53:31.630+0000] {logging_mixin.py:190} INFO - [2026-09-21T15:53:31.629+0000] {dagbag.py:588} INFO - Filling up the DagBag from /opt/airflow/dags/dss150p_pipeline.py
[2026-09-21T15:53:31.699+0000] {processor.py:925} INFO - DAG(s) 'dss150p_sales_pipeline' retrieved from /opt/airflow/dags/dss150p_pipeline.py
[2026-09-21T15:53:31.787+0000] {logging_mixin.py:190} INFO - [2026-09-21T15:53:31.787+0000] {dag.py:3239} INFO - Sync 1 DAGs
[2026-09-21T15:53:31.856+0000] {logging_mixin.py:190} INFO - [2026-09-21T15:53:31.856+0000] {dag.py:4180} INFO - Setting next_dagrun for dss150p_sales_pipeline to 2026-09-21 02:00:00+00:00, run_after=2026-09-22 02:00:00+00:00
[2026-09-21T15:53:31.923+0000] {processor.py:208} INFO - Processing /opt/airflow/dags/dss150p_pipeline.py took 0.325 seconds
[2026-09-21T15:54:02.515+0000] {processor.py:186} INFO - Started process (PID=528) to work on /opt/airflow/dags/dss150p_pipeline.py
[2026-09-21T15:54:02.518+0000] {processor.py:914} INFO - Processing file /opt/airflow/dags/dss150p_pipeline.py for tasks to queue
[2026-09-21T15:54:02.524+0000] {logging_mixin.py:190} INFO - [2026-09-21T15:54:02.523+0000] {dagbag.py:588} INFO - Filling up the DagBag from /opt/airflow/dags/dss150p_pipeline.py
[2026-09-21T15:54:02.582+0000] {processor.py:925} INFO - DAG(s) 'dss150p_sales_pipeline' retrieved from /opt/airflow/dags/dss150p_pipeline.py
[2026-09-21T15:54:02.671+0000] {logging_mixin.py:190} INFO - [2026-09-21T15:54:02.670+0000] {dag.py:3239} INFO - Sync 1 DAGs
[2026-09-21T15:54:02.710+0000] {logging_mixin.py:190} INFO - [2026-09-21T15:54:02.710+0000] {dag.py:4180} INFO - Setting next_dagrun for dss150p_sales_pipeline to 2026-09-21 02:00:00+00:00, run_after=2026-09-22 02:00:00+00:00
[2026-09-21T15:54:02.742+0000] {processor.py:208} INFO - Processing /opt/airflow/dags/dss150p_pipeline.py took 0.241 seconds
[2026-09-21T15:54:33.336+0000] {processor.py:186} INFO - Started process (PID=533) to work on /opt/airflow/dags/dss150p_pipeline.py
[2026-09-21T15:54:33.340+0000] {processor.py:914} INFO - Processing file /opt/airflow/dags/dss150p_pipeline.py for tasks to queue
[2026-09-21T15:54:33.348+0000] {logging_mixin.py:190} INFO - [2026-09-21T15:54:33.347+0000] {dagbag.py:588} INFO - Filling up the DagBag from /opt/airflow/dags/dss150p_pipeline.py
[2026-09-21T15:54:33.406+0000] {processor.py:925} INFO - DAG(s) 'dss150p_sales_pipeline' retrieved from /opt/airflow/dags/dss150p_pipeline.py
[2026-09-21T15:54:33.536+0000] {logging_mixin.py:190} INFO - [2026-09-21T15:54:33.535+0000] {dag.py:3239} INFO - Sync 1 DAGs
[2026-09-21T15:54:33.595+0000] {logging_mixin.py:190} INFO - [2026-09-21T15:54:33.595+0000] {dag.py:4180} INFO - Setting next_dagrun for dss150p_sales_pipeline to 2026-09-21 02:00:00+00:00, run_after=2026-09-22 02:00:00+00:00
[2026-09-21T15:54:33.641+0000] {processor.py:208} INFO - Processing /opt/airflow/dags/dss150p_pipeline.py took 0.329 seconds
[2026-09-21T15:55:04.260+0000] {processor.py:186} INFO - Started process (PID=538) to work on /opt/airflow/dags/dss150p_pipeline.py
[2026-09-21T15:55:04.263+0000] {processor.py:914} INFO - Processing file /opt/airflow/dags/dss150p_pipeline.py for tasks to queue
[2026-09-21T15:55:04.271+0000] {logging_mixin.py:190} INFO - [2026-09-21T15:55:04.270+0000] {dagbag.py:588} INFO - Filling up the DagBag from /opt/airflow/dags/dss150p_pipeline.py
[2026-09-21T15:55:04.333+0000] {processor.py:925} INFO - DAG(s) 'dss150p_sales_pipeline' retrieved from /opt/airflow/dags/dss150p_pipeline.py
[2026-09-21T15:55:04.431+0000] {logging_mixin.py:190} INFO - [2026-09-21T15:55:04.431+0000] {dag.py:3239} INFO - Sync 1 DAGs
[2026-09-21T15:55:04.473+0000] {logging_mixin.py:190} INFO - [2026-09-21T15:55:04.473+0000] {dag.py:4180} INFO - Setting next_dagrun for dss150p_sales_pipeline to 2026-09-21 02:00:00+00:00, run_after=2026-09-22 02:00:00+00:00
[2026-09-21T15:55:04.505+0000] {processor.py:208} INFO - Processing /opt/airflow/dags/dss150p_pipeline.py took 0.258 seconds
[2026-09-21T15:55:35.126+0000] {processor.py:186} INFO - Started process (PID=543) to work on /opt/airflow/dags/dss150p_pipeline.py
[2026-09-21T15:55:35.129+0000] {processor.py:914} INFO - Processing file /opt/airflow/dags/dss150p_pipeline.py for tasks to queue
[2026-09-21T15:55:35.134+0000] {logging_mixin.py:190} INFO - [2026-09-21T15:55:35.133+0000] {dagbag.py:588} INFO - Filling up the DagBag from /opt/airflow/dags/dss150p_pipeline.py
[2026-09-21T15:55:35.186+0000] {processor.py:925} INFO - DAG(s) 'dss150p_sales_pipeline' retrieved from /opt/airflow/dags/dss150p_pipeline.py
[2026-09-21T15:55:35.272+0000] {logging_mixin.py:190} INFO - [2026-09-21T15:55:35.272+0000] {dag.py:3239} INFO - Sync 1 DAGs
[2026-09-21T15:55:35.316+0000] {logging_mixin.py:190} INFO - [2026-09-21T15:55:35.315+0000] {dag.py:4180} INFO - Setting next_dagrun for dss150p_sales_pipeline to 2026-09-21 02:00:00+00:00, run_after=2026-09-22 02:00:00+00:00
[2026-09-21T15:55:35.351+0000] {processor.py:208} INFO - Processing /opt/airflow/dags/dss150p_pipeline.py took 0.238 seconds
[2026-09-21T15:56:05.942+0000] {processor.py:186} INFO - Started process (PID=548) to work on /opt/airflow/dags/dss150p_pipeline.py
[2026-09-21T15:56:05.945+0000] {processor.py:914} INFO - Processing file /opt/airflow/dags/dss150p_pipeline.py for tasks to queue
[2026-09-21T15:56:05.950+0000] {logging_mixin.py:190} INFO - [2026-09-21T15:56:05.949+0000] {dagbag.py:588} INFO - Filling up the DagBag from /opt/airflow/dags/dss150p_pipeline.py
[2026-09-21T15:56:06.005+0000] {processor.py:925} INFO - DAG(s) 'dss150p_sales_pipeline' retrieved from /opt/airflow/dags/dss150p_pipeline.py
[2026-09-21T15:56:06.104+0000] {logging_mixin.py:190} INFO - [2026-09-21T15:56:06.104+0000] {dag.py:3239} INFO - Sync 1 DAGs
[2026-09-21T15:56:06.150+0000] {logging_mixin.py:190} INFO - [2026-09-21T15:56:06.150+0000] {dag.py:4180} INFO - Setting next_dagrun for dss150p_sales_pipeline to 2026-09-21 02:00:00+00:00, run_after=2026-09-22 02:00:00+00:00
[2026-09-21T15:56:06.186+0000] {processor.py:208} INFO - Processing /opt/airflow/dags/dss150p_pipeline.py took 0.256 seconds
[2026-09-21T15:56:36.695+0000] {processor.py:186} INFO - Started process (PID=553) to work on /opt/airflow/dags/dss150p_pipeline.py
[2026-09-21T15:56:36.700+0000] {processor.py:914} INFO - Processing file /opt/airflow/dags/dss150p_pipeline.py for tasks to queue
[2026-09-21T15:56:36.715+0000] {logging_mixin.py:190} INFO - [2026-09-21T15:56:36.714+0000] {dagbag.py:588} INFO - Filling up the DagBag from /opt/airflow/dags/dss150p_pipeline.py
[2026-09-21T15:56:36.833+0000] {processor.py:925} INFO - DAG(s) 'dss150p_sales_pipeline' retrieved from /opt/airflow/dags/dss150p_pipeline.py
[2026-09-21T15:56:36.945+0000] {logging_mixin.py:190} INFO - [2026-09-21T15:56:36.945+0000] {dag.py:3239} INFO - Sync 1 DAGs
[2026-09-21T15:56:36.996+0000] {logging_mixin.py:190} INFO - [2026-09-21T15:56:36.995+0000] {dag.py:4180} INFO - Setting next_dagrun for dss150p_sales_pipeline to 2026-09-21 02:00:00+00:00, run_after=2026-09-22 02:00:00+00:00
[2026-09-21T15:56:37.084+0000] {processor.py:208} INFO - Processing /opt/airflow/dags/dss150p_pipeline.py took 0.434 seconds
[2026-09-21T15:57:08.143+0000] {processor.py:186} INFO - Started process (PID=558) to work on /opt/airflow/dags/dss150p_pipeline.py
[2026-09-21T15:57:08.150+0000] {processor.py:914} INFO - Processing file /opt/airflow/dags/dss150p_pipeline.py for tasks to queue
[2026-09-21T15:57:08.169+0000] {logging_mixin.py:190} INFO - [2026-09-21T15:57:08.168+0000] {dagbag.py:588} INFO - Filling up the DagBag from /opt/airflow/dags/dss150p_pipeline.py
[2026-09-21T15:57:08.329+0000] {processor.py:925} INFO - DAG(s) 'dss150p_sales_pipeline' retrieved from /opt/airflow/dags/dss150p_pipeline.py
[2026-09-21T15:57:08.617+0000] {logging_mixin.py:190} INFO - [2026-09-21T15:57:08.616+0000] {dag.py:3239} INFO - Sync 1 DAGs
[2026-09-21T15:57:08.718+0000] {logging_mixin.py:190} INFO - [2026-09-21T15:57:08.718+0000] {dag.py:4180} INFO - Setting next_dagrun for dss150p_sales_pipeline to 2026-09-21 02:00:00+00:00, run_after=2026-09-22 02:00:00+00:00
[2026-09-21T15:57:08.852+0000] {processor.py:208} INFO - Processing /opt/airflow/dags/dss150p_pipeline.py took 0.753 seconds
[2026-09-21T15:57:40.029+0000] {processor.py:186} INFO - Started process (PID=563) to work on /opt/airflow/dags/dss150p_pipeline.py
[2026-09-21T15:57:40.032+0000] {processor.py:914} INFO - Processing file /opt/airflow/dags/dss150p_pipeline.py for tasks to queue
[2026-09-21T15:57:40.038+0000] {logging_mixin.py:190} INFO - [2026-09-21T15:57:40.037+0000] {dagbag.py:588} INFO - Filling up the DagBag from /opt/airflow/dags/dss150p_pipeline.py
[2026-09-21T15:57:40.097+0000] {processor.py:925} INFO - DAG(s) 'dss150p_sales_pipeline' retrieved from /opt/airflow/dags/dss150p_pipeline.py
[2026-09-21T15:57:40.231+0000] {logging_mixin.py:190} INFO - [2026-09-21T15:57:40.231+0000] {dag.py:3239} INFO - Sync 1 DAGs
[2026-09-21T15:57:40.320+0000] {logging_mixin.py:190} INFO - [2026-09-21T15:57:40.320+0000] {dag.py:4180} INFO - Setting next_dagrun for dss150p_sales_pipeline to 2026-09-21 02:00:00+00:00, run_after=2026-09-22 02:00:00+00:00
[2026-09-21T15:57:40.369+0000] {processor.py:208} INFO - Processing /opt/airflow/dags/dss150p_pipeline.py took 0.353 seconds
[2026-09-21T15:58:10.968+0000] {processor.py:186} INFO - Started process (PID=568) to work on /opt/airflow/dags/dss150p_pipeline.py
[2026-09-21T15:58:10.982+0000] {processor.py:914} INFO - Processing file /opt/airflow/dags/dss150p_pipeline.py for tasks to queue
[2026-09-21T15:58:11.000+0000] {logging_mixin.py:190} INFO - [2026-09-21T15:58:10.999+0000] {dagbag.py:588} INFO - Filling up the DagBag from /opt/airflow/dags/dss150p_pipeline.py
[2026-09-21T15:58:11.115+0000] {processor.py:925} INFO - DAG(s) 'dss150p_sales_pipeline' retrieved from /opt/airflow/dags/dss150p_pipeline.py
[2026-09-21T15:58:11.287+0000] {logging_mixin.py:190} INFO - [2026-09-21T15:58:11.286+0000] {dag.py:3239} INFO - Sync 1 DAGs
[2026-09-21T15:58:11.363+0000] {logging_mixin.py:190} INFO - [2026-09-21T15:58:11.363+0000] {dag.py:4180} INFO - Setting next_dagrun for dss150p_sales_pipeline to 2026-09-21 02:00:00+00:00, run_after=2026-09-22 02:00:00+00:00
[2026-09-21T15:58:11.576+0000] {processor.py:208} INFO - Processing /opt/airflow/dags/dss150p_pipeline.py took 0.644 seconds
[2026-09-21T15:58:41.872+0000] {processor.py:186} INFO - Started process (PID=573) to work on /opt/airflow/dags/dss150p_pipeline.py
[2026-09-21T15:58:41.875+0000] {processor.py:914} INFO - Processing file /opt/airflow/dags/dss150p_pipeline.py for tasks to queue
[2026-09-21T15:58:41.880+0000] {logging_mixin.py:190} INFO - [2026-09-21T15:58:41.880+0000] {dagbag.py:588} INFO - Filling up the DagBag from /opt/airflow/dags/dss150p_pipeline.py
[2026-09-21T15:58:41.934+0000] {processor.py:925} INFO - DAG(s) 'dss150p_sales_pipeline' retrieved from /opt/airflow/dags/dss150p_pipeline.py
[2026-09-21T15:58:42.030+0000] {logging_mixin.py:190} INFO - [2026-09-21T15:58:42.029+0000] {dag.py:3239} INFO - Sync 1 DAGs
[2026-09-21T15:58:42.067+0000] {logging_mixin.py:190} INFO - [2026-09-21T15:58:42.067+0000] {dag.py:4180} INFO - Setting next_dagrun for dss150p_sales_pipeline to 2026-09-21 02:00:00+00:00, run_after=2026-09-22 02:00:00+00:00
[2026-09-21T15:58:42.100+0000] {processor.py:208} INFO - Processing /opt/airflow/dags/dss150p_pipeline.py took 0.244 seconds
[2026-09-21T15:59:12.622+0000] {processor.py:186} INFO - Started process (PID=578) to work on /opt/airflow/dags/dss150p_pipeline.py
[2026-09-21T15:59:12.625+0000] {processor.py:914} INFO - Processing file /opt/airflow/dags/dss150p_pipeline.py for tasks to queue
[2026-09-21T15:59:12.630+0000] {logging_mixin.py:190} INFO - [2026-09-21T15:59:12.630+0000] {dagbag.py:588} INFO - Filling up the DagBag from /opt/airflow/dags/dss150p_pipeline.py
[2026-09-21T15:59:12.697+0000] {processor.py:925} INFO - DAG(s) 'dss150p_sales_pipeline' retrieved from /opt/airflow/dags/dss150p_pipeline.py
[2026-09-21T15:59:12.861+0000] {logging_mixin.py:190} INFO - [2026-09-21T15:59:12.860+0000] {dag.py:3239} INFO - Sync 1 DAGs
[2026-09-21T15:59:12.909+0000] {logging_mixin.py:190} INFO - [2026-09-21T15:59:12.908+0000] {dag.py:4180} INFO - Setting next_dagrun for dss150p_sales_pipeline to 2026-09-21 02:00:00+00:00, run_after=2026-09-22 02:00:00+00:00
[2026-09-21T15:59:12.944+0000] {processor.py:208} INFO - Processing /opt/airflow/dags/dss150p_pipeline.py took 0.338 seconds
[2026-09-21T15:59:43.607+0000] {processor.py:186} INFO - Started process (PID=583) to work on /opt/airflow/dags/dss150p_pipeline.py
[2026-09-21T15:59:43.609+0000] {processor.py:914} INFO - Processing file /opt/airflow/dags/dss150p_pipeline.py for tasks to queue
[2026-09-21T15:59:43.615+0000] {logging_mixin.py:190} INFO - [2026-09-21T15:59:43.614+0000] {dagbag.py:588} INFO - Filling up the DagBag from /opt/airflow/dags/dss150p_pipeline.py
[2026-09-21T15:59:43.656+0000] {processor.py:925} INFO - DAG(s) 'dss150p_sales_pipeline' retrieved from /opt/airflow/dags/dss150p_pipeline.py
[2026-09-21T15:59:43.733+0000] {logging_mixin.py:190} INFO - [2026-09-21T15:59:43.733+0000] {dag.py:3239} INFO - Sync 1 DAGs
[2026-09-21T15:59:43.770+0000] {logging_mixin.py:190} INFO - [2026-09-21T15:59:43.769+0000] {dag.py:4180} INFO - Setting next_dagrun for dss150p_sales_pipeline to 2026-09-21 02:00:00+00:00, run_after=2026-09-22 02:00:00+00:00
[2026-09-21T15:59:43.805+0000] {processor.py:208} INFO - Processing /opt/airflow/dags/dss150p_pipeline.py took 0.212 seconds
[2026-09-21T16:00:14.422+0000] {processor.py:186} INFO - Started process (PID=588) to work on /opt/airflow/dags/dss150p_pipeline.py
[2026-09-21T16:00:14.425+0000] {processor.py:914} INFO - Processing file /opt/airflow/dags/dss150p_pipeline.py for tasks to queue
[2026-09-21T16:00:14.435+0000] {logging_mixin.py:190} INFO - [2026-09-21T16:00:14.434+0000] {dagbag.py:588} INFO - Filling up the DagBag from /opt/airflow/dags/dss150p_pipeline.py
[2026-09-21T16:00:14.482+0000] {processor.py:925} INFO - DAG(s) 'dss150p_sales_pipeline' retrieved from /opt/airflow/dags/dss150p_pipeline.py
[2026-09-21T16:00:14.568+0000] {logging_mixin.py:190} INFO - [2026-09-21T16:00:14.568+0000] {dag.py:3239} INFO - Sync 1 DAGs
[2026-09-21T16:00:14.623+0000] {logging_mixin.py:190} INFO - [2026-09-21T16:00:14.623+0000] {dag.py:4180} INFO - Setting next_dagrun for dss150p_sales_pipeline to 2026-09-21 02:00:00+00:00, run_after=2026-09-22 02:00:00+00:00
[2026-09-21T16:00:14.672+0000] {processor.py:208} INFO - Processing /opt/airflow/dags/dss150p_pipeline.py took 0.269 seconds
[2026-09-21T16:00:45.304+0000] {processor.py:186} INFO - Started process (PID=593) to work on /opt/airflow/dags/dss150p_pipeline.py
[2026-09-21T16:00:45.310+0000] {processor.py:914} INFO - Processing file /opt/airflow/dags/dss150p_pipeline.py for tasks to queue
[2026-09-21T16:00:45.319+0000] {logging_mixin.py:190} INFO - [2026-09-21T16:00:45.318+0000] {dagbag.py:588} INFO - Filling up the DagBag from /opt/airflow/dags/dss150p_pipeline.py
[2026-09-21T16:00:45.374+0000] {processor.py:925} INFO - DAG(s) 'dss150p_sales_pipeline' retrieved from /opt/airflow/dags/dss150p_pipeline.py
[2026-09-21T16:00:45.581+0000] {logging_mixin.py:190} INFO - [2026-09-21T16:00:45.581+0000] {dag.py:3239} INFO - Sync 1 DAGs
[2026-09-21T16:00:45.657+0000] {logging_mixin.py:190} INFO - [2026-09-21T16:00:45.656+0000] {dag.py:4180} INFO - Setting next_dagrun for dss150p_sales_pipeline to 2026-09-21 02:00:00+00:00, run_after=2026-09-22 02:00:00+00:00
[2026-09-21T16:00:45.737+0000] {processor.py:208} INFO - Processing /opt/airflow/dags/dss150p_pipeline.py took 0.477 seconds
[2026-09-21T16:01:16.384+0000] {processor.py:186} INFO - Started process (PID=598) to work on /opt/airflow/dags/dss150p_pipeline.py
[2026-09-21T16:01:16.388+0000] {processor.py:914} INFO - Processing file /opt/airflow/dags/dss150p_pipeline.py for tasks to queue
[2026-09-21T16:01:16.404+0000] {logging_mixin.py:190} INFO - [2026-09-21T16:01:16.403+0000] {dagbag.py:588} INFO - Filling up the DagBag from /opt/airflow/dags/dss150p_pipeline.py
[2026-09-21T16:01:16.697+0000] {processor.py:925} INFO - DAG(s) 'dss150p_sales_pipeline' retrieved from /opt/airflow/dags/dss150p_pipeline.py
[2026-09-21T16:01:16.986+0000] {logging_mixin.py:190} INFO - [2026-09-21T16:01:16.986+0000] {dag.py:3239} INFO - Sync 1 DAGs
[2026-09-21T16:01:17.177+0000] {logging_mixin.py:190} INFO - [2026-09-21T16:01:17.176+0000] {dag.py:4180} INFO - Setting next_dagrun for dss150p_sales_pipeline to 2026-09-21 02:00:00+00:00, run_after=2026-09-22 02:00:00+00:00
[2026-09-21T16:01:17.243+0000] {processor.py:208} INFO - Processing /opt/airflow/dags/dss150p_pipeline.py took 0.890 seconds
[2026-09-21T16:01:47.999+0000] {processor.py:186} INFO - Started process (PID=603) to work on /opt/airflow/dags/dss150p_pipeline.py
[2026-09-21T16:01:48.002+0000] {processor.py:914} INFO - Processing file /opt/airflow/dags/dss150p_pipeline.py for tasks to queue
[2026-09-21T16:01:48.008+0000] {logging_mixin.py:190} INFO - [2026-09-21T16:01:48.007+0000] {dagbag.py:588} INFO - Filling up the DagBag from /opt/airflow/dags/dss150p_pipeline.py
[2026-09-21T16:01:48.067+0000] {processor.py:925} INFO - DAG(s) 'dss150p_sales_pipeline' retrieved from /opt/airflow/dags/dss150p_pipeline.py
[2026-09-21T16:01:48.143+0000] {logging_mixin.py:190} INFO - [2026-09-21T16:01:48.142+0000] {dag.py:3239} INFO - Sync 1 DAGs
[2026-09-21T16:01:48.179+0000] {logging_mixin.py:190} INFO - [2026-09-21T16:01:48.179+0000] {dag.py:4180} INFO - Setting next_dagrun for dss150p_sales_pipeline to 2026-09-21 02:00:00+00:00, run_after=2026-09-22 02:00:00+00:00
[2026-09-21T16:01:48.210+0000] {processor.py:208} INFO - Processing /opt/airflow/dags/dss150p_pipeline.py took 0.230 seconds
