[2026-09-21T11:51:51.783+0000] {manager.py:483} INFO - Processing files using up to 2 processes at a time 
[2026-09-21T11:51:51.798+0000] {manager.py:484} INFO - Process each file at most once every 30 seconds
[2026-09-21T11:51:51.804+0000] {manager.py:485} INFO - Checking for new files in /opt/airflow/dags every 300 seconds
[2026-09-21T11:51:51.810+0000] {manager.py:821} INFO - Searching for files in /opt/airflow/dags
[2026-09-21T11:51:52.094+0000] {manager.py:824} INFO - There are 1 files in /opt/airflow/dags
[2026-09-21T11:51:52.696+0000] {manager.py:997} INFO - 
================================================================================
DAG File Processing Stats

File Path                                PID  Runtime      # DAGs    # Errors  Last Runtime    Last Run      Last # of DB Queries
-------------------------------------  -----  ---------  --------  ----------  --------------  ----------  ----------------------
/opt/airflow/dags/dss150p_pipeline.py    163  0.30s             0           0                                                   0
================================================================================
[2026-09-21T11:52:22.880+0000] {manager.py:997} INFO - 
================================================================================
DAG File Processing Stats

File Path                              PID    Runtime      # DAGs    # Errors  Last Runtime    Last Run               Last # of DB Queries
-------------------------------------  -----  ---------  --------  ----------  --------------  -------------------  ----------------------
/opt/airflow/dags/dss150p_pipeline.py                           1           0  2.84s           2026-09-21T11:51:55                      45
================================================================================
[2026-09-21T11:52:53.865+0000] {manager.py:997} INFO - 
================================================================================
DAG File Processing Stats

File Path                              PID    Runtime      # DAGs    # Errors  Last Runtime    Last Run               Last # of DB Queries
-------------------------------------  -----  ---------  --------  ----------  --------------  -------------------  ----------------------
/opt/airflow/dags/dss150p_pipeline.py                           1           0  9.33s           2026-09-21T11:52:41                      12
================================================================================
[2026-09-21T11:53:24.448+0000] {manager.py:997} INFO - 
================================================================================
DAG File Processing Stats

File Path                              PID    Runtime      # DAGs    # Errors  Last Runtime    Last Run               Last # of DB Queries
-------------------------------------  -----  ---------  --------  ----------  --------------  -------------------  ----------------------
/opt/airflow/dags/dss150p_pipeline.py                           1           0  6.09s           2026-09-21T11:53:17                      12
================================================================================
[2026-09-21T11:53:54.573+0000] {manager.py:997} INFO - 
================================================================================
DAG File Processing Stats

File Path                              PID    Runtime      # DAGs    # Errors  Last Runtime    Last Run               Last # of DB Queries
-------------------------------------  -----  ---------  --------  ----------  --------------  -------------------  ----------------------
/opt/airflow/dags/dss150p_pipeline.py                           1           0  0.37s           2026-09-21T11:53:47                      12
================================================================================
[2026-09-21T11:54:24.589+0000] {manager.py:997} INFO - 
================================================================================
DAG File Processing Stats

File Path                              PID    Runtime      # DAGs    # Errors  Last Runtime    Last Run               Last # of DB Queries
-------------------------------------  -----  ---------  --------  ----------  --------------  -------------------  ----------------------
/opt/airflow/dags/dss150p_pipeline.py                           1           0  0.33s           2026-09-21T11:54:18                      12
================================================================================
[2026-09-21T11:54:54.627+0000] {manager.py:997} INFO - 
================================================================================
DAG File Processing Stats

File Path                              PID    Runtime      # DAGs    # Errors  Last Runtime    Last Run               Last # of DB Queries
-------------------------------------  -----  ---------  --------  ----------  --------------  -------------------  ----------------------
/opt/airflow/dags/dss150p_pipeline.py                           1           0  0.42s           2026-09-21T11:54:49                      12
================================================================================
[2026-09-21T11:55:25.312+0000] {manager.py:997} INFO - 
================================================================================
DAG File Processing Stats

File Path                              PID    Runtime      # DAGs    # Errors  Last Runtime    Last Run               Last # of DB Queries
-------------------------------------  -----  ---------  --------  ----------  --------------  -------------------  ----------------------
/opt/airflow/dags/dss150p_pipeline.py                           1           0  0.47s           2026-09-21T11:55:20                      12
================================================================================
[2026-09-21T11:55:55.586+0000] {manager.py:997} INFO - 
================================================================================
DAG File Processing Stats

File Path                              PID    Runtime      # DAGs    # Errors  Last Runtime    Last Run               Last # of DB Queries
-------------------------------------  -----  ---------  --------  ----------  --------------  -------------------  ----------------------
/opt/airflow/dags/dss150p_pipeline.py                           1           0  0.35s           2026-09-21T11:55:51                      12
================================================================================
[2026-09-21T11:56:26.015+0000] {manager.py:997} INFO - 
================================================================================
DAG File Processing Stats

File Path                              PID    Runtime      # DAGs    # Errors  Last Runtime    Last Run               Last # of DB Queries
-------------------------------------  -----  ---------  --------  ----------  --------------  -------------------  ----------------------
/opt/airflow/dags/dss150p_pipeline.py                           1           0  3.94s           2026-09-21T11:56:25                      12
================================================================================
[2026-09-21T11:56:52.451+0000] {manager.py:821} INFO - Searching for files in /opt/airflow/dags
[2026-09-21T11:56:52.502+0000] {manager.py:824} INFO - There are 1 files in /opt/airflow/dags
[2026-09-21T11:56:56.894+0000] {manager.py:997} INFO - 
================================================================================
DAG File Processing Stats

File Path                                PID  Runtime      # DAGs    # Errors  Last Runtime    Last Run               Last # of DB Queries
-------------------------------------  -----  ---------  --------  ----------  --------------  -------------------  ----------------------
/opt/airflow/dags/dss150p_pipeline.py    208  0.01s             1           0  3.94s           2026-09-21T11:56:25                      12
================================================================================
[2026-09-21T11:57:27.123+0000] {manager.py:997} INFO - 
================================================================================
DAG File Processing Stats

File Path                              PID    Runtime      # DAGs    # Errors  Last Runtime    Last Run               Last # of DB Queries
-------------------------------------  -----  ---------  --------  ----------  --------------  -------------------  ----------------------
/opt/airflow/dags/dss150p_pipeline.py                           1           0  1.50s           2026-09-21T11:56:58                      12
================================================================================
[2026-09-21T11:57:57.864+0000] {manager.py:997} INFO - 
================================================================================
DAG File Processing Stats

File Path                              PID    Runtime      # DAGs    # Errors  Last Runtime    Last Run               Last # of DB Queries
-------------------------------------  -----  ---------  --------  ----------  --------------  -------------------  ----------------------
/opt/airflow/dags/dss150p_pipeline.py                           1           0  1.00s           2026-09-21T11:57:30                      12
================================================================================
[2026-09-21T11:58:28.031+0000] {manager.py:997} INFO - 
================================================================================
DAG File Processing Stats

File Path                              PID    Runtime      # DAGs    # Errors  Last Runtime    Last Run               Last # of DB Queries
-------------------------------------  -----  ---------  --------  ----------  --------------  -------------------  ----------------------
/opt/airflow/dags/dss150p_pipeline.py                           1           0  0.49s           2026-09-21T11:58:01                      12
================================================================================
[2026-09-21T11:58:58.266+0000] {manager.py:997} INFO - 
================================================================================
DAG File Processing Stats

File Path                              PID    Runtime      # DAGs    # Errors  Last Runtime    Last Run               Last # of DB Queries
-------------------------------------  -----  ---------  --------  ----------  --------------  -------------------  ----------------------
/opt/airflow/dags/dss150p_pipeline.py                           1           0  0.75s           2026-09-21T11:58:32                      12
================================================================================
[2026-09-21T11:59:29.046+0000] {manager.py:997} INFO - 
================================================================================
DAG File Processing Stats

File Path                              PID    Runtime      # DAGs    # Errors  Last Runtime    Last Run               Last # of DB Queries
-------------------------------------  -----  ---------  --------  ----------  --------------  -------------------  ----------------------
/opt/airflow/dags/dss150p_pipeline.py                           1           0  0.65s           2026-09-21T11:59:03                      12
================================================================================
[2026-09-21T11:59:59.130+0000] {manager.py:997} INFO - 
================================================================================
DAG File Processing Stats

File Path                              PID    Runtime      # DAGs    # Errors  Last Runtime    Last Run               Last # of DB Queries
-------------------------------------  -----  ---------  --------  ----------  --------------  -------------------  ----------------------
/opt/airflow/dags/dss150p_pipeline.py                           1           0  1.20s           2026-09-21T11:59:35                      12
================================================================================
[2026-09-21T12:00:29.395+0000] {manager.py:997} INFO - 
================================================================================
DAG File Processing Stats

File Path                              PID    Runtime      # DAGs    # Errors  Last Runtime    Last Run               Last # of DB Queries
-------------------------------------  -----  ---------  --------  ----------  --------------  -------------------  ----------------------
/opt/airflow/dags/dss150p_pipeline.py                           1           0  0.59s           2026-09-21T12:00:06                      12
================================================================================
[2026-09-21T12:00:59.871+0000] {manager.py:997} INFO - 
================================================================================
DAG File Processing Stats

File Path                              PID    Runtime      # DAGs    # Errors  Last Runtime    Last Run               Last # of DB Queries
-------------------------------------  -----  ---------  --------  ----------  --------------  -------------------  ----------------------
/opt/airflow/dags/dss150p_pipeline.py                           1           0  0.29s           2026-09-21T12:00:37                      12
================================================================================
[2026-09-21T12:01:30.298+0000] {manager.py:997} INFO - 
================================================================================
DAG File Processing Stats

File Path                              PID    Runtime      # DAGs    # Errors  Last Runtime    Last Run               Last # of DB Queries
-------------------------------------  -----  ---------  --------  ----------  --------------  -------------------  ----------------------
/opt/airflow/dags/dss150p_pipeline.py                           1           0  1.22s           2026-09-21T12:01:09                      12
================================================================================
[2026-09-21T12:01:52.776+0000] {manager.py:821} INFO - Searching for files in /opt/airflow/dags
[2026-09-21T12:01:52.836+0000] {manager.py:824} INFO - There are 1 files in /opt/airflow/dags
[2026-09-21T12:02:01.007+0000] {manager.py:997} INFO - 
================================================================================
DAG File Processing Stats

File Path                              PID    Runtime      # DAGs    # Errors  Last Runtime    Last Run               Last # of DB Queries
-------------------------------------  -----  ---------  --------  ----------  --------------  -------------------  ----------------------
/opt/airflow/dags/dss150p_pipeline.py                           1           0  0.74s           2026-09-21T12:01:41                      12
================================================================================
[2026-09-21T12:02:31.478+0000] {manager.py:997} INFO - 
================================================================================
DAG File Processing Stats

File Path                              PID    Runtime      # DAGs    # Errors  Last Runtime    Last Run               Last # of DB Queries
-------------------------------------  -----  ---------  --------  ----------  --------------  -------------------  ----------------------
/opt/airflow/dags/dss150p_pipeline.py                           1           0  0.65s           2026-09-21T12:02:12                      12
================================================================================
[2026-09-21T12:03:01.943+0000] {manager.py:997} INFO - 
================================================================================
DAG File Processing Stats

File Path                              PID    Runtime      # DAGs    # Errors  Last Runtime    Last Run               Last # of DB Queries
-------------------------------------  -----  ---------  --------  ----------  --------------  -------------------  ----------------------
/opt/airflow/dags/dss150p_pipeline.py                           1           0  0.38s           2026-09-21T12:02:42                      12
================================================================================
[2026-09-21T12:03:32.801+0000] {manager.py:997} INFO - 
================================================================================
DAG File Processing Stats

File Path                              PID    Runtime      # DAGs    # Errors  Last Runtime    Last Run               Last # of DB Queries
-------------------------------------  -----  ---------  --------  ----------  --------------  -------------------  ----------------------
/opt/airflow/dags/dss150p_pipeline.py                           1           0  1.18s           2026-09-21T12:03:14                      12
================================================================================
[2026-09-21T12:04:02.801+0000] {manager.py:997} INFO - 
================================================================================
DAG File Processing Stats

File Path                              PID    Runtime      # DAGs    # Errors  Last Runtime    Last Run               Last # of DB Queries
-------------------------------------  -----  ---------  --------  ----------  --------------  -------------------  ----------------------
/opt/airflow/dags/dss150p_pipeline.py                           1           0  0.65s           2026-09-21T12:03:45                      12
================================================================================
[2026-09-21T12:04:32.818+0000] {manager.py:997} INFO - 
================================================================================
DAG File Processing Stats

File Path                              PID    Runtime      # DAGs    # Errors  Last Runtime    Last Run               Last # of DB Queries
-------------------------------------  -----  ---------  --------  ----------  --------------  -------------------  ----------------------
/opt/airflow/dags/dss150p_pipeline.py                           1           0  0.38s           2026-09-21T12:04:16                      12
================================================================================
[2026-09-21T12:05:02.926+0000] {manager.py:997} INFO - 
================================================================================
DAG File Processing Stats

File Path                              PID    Runtime      # DAGs    # Errors  Last Runtime    Last Run               Last # of DB Queries
-------------------------------------  -----  ---------  --------  ----------  --------------  -------------------  ----------------------
/opt/airflow/dags/dss150p_pipeline.py                           1           0  0.48s           2026-09-21T12:04:47                      12
================================================================================
[2026-09-21T12:05:33.071+0000] {manager.py:997} INFO - 
================================================================================
DAG File Processing Stats

File Path                              PID    Runtime      # DAGs    # Errors  Last Runtime    Last Run               Last # of DB Queries
-------------------------------------  -----  ---------  --------  ----------  --------------  -------------------  ----------------------
/opt/airflow/dags/dss150p_pipeline.py                           1           0  0.61s           2026-09-21T12:05:18                      12
================================================================================
[2026-09-21T12:06:03.344+0000] {manager.py:997} INFO - 
================================================================================
DAG File Processing Stats

File Path                              PID    Runtime      # DAGs    # Errors  Last Runtime    Last Run               Last # of DB Queries
-------------------------------------  -----  ---------  --------  ----------  --------------  -------------------  ----------------------
/opt/airflow/dags/dss150p_pipeline.py                           1           0  0.52s           2026-09-21T12:05:49                      12
================================================================================
[2026-09-21T12:06:33.377+0000] {manager.py:997} INFO - 
================================================================================
DAG File Processing Stats

File Path                              PID    Runtime      # DAGs    # Errors  Last Runtime    Last Run               Last # of DB Queries
-------------------------------------  -----  ---------  --------  ----------  --------------  -------------------  ----------------------
/opt/airflow/dags/dss150p_pipeline.py                           1           0  0.63s           2026-09-21T12:06:21                      12
================================================================================
[2026-09-21T12:06:52.791+0000] {manager.py:821} INFO - Searching for files in /opt/airflow/dags
[2026-09-21T12:06:52.928+0000] {manager.py:824} INFO - There are 1 files in /opt/airflow/dags
[2026-09-21T12:07:03.724+0000] {manager.py:997} INFO - 
================================================================================
DAG File Processing Stats

File Path                              PID    Runtime      # DAGs    # Errors  Last Runtime    Last Run               Last # of DB Queries
-------------------------------------  -----  ---------  --------  ----------  --------------  -------------------  ----------------------
/opt/airflow/dags/dss150p_pipeline.py                           1           0  0.32s           2026-09-21T12:06:51                      12
================================================================================
[2026-09-21T12:07:33.893+0000] {manager.py:997} INFO - 
================================================================================
DAG File Processing Stats

File Path                              PID    Runtime      # DAGs    # Errors  Last Runtime    Last Run               Last # of DB Queries
-------------------------------------  -----  ---------  --------  ----------  --------------  -------------------  ----------------------
/opt/airflow/dags/dss150p_pipeline.py                           1           0  0.38s           2026-09-21T12:07:22                      12
================================================================================
[2026-09-21T12:08:04.621+0000] {manager.py:997} INFO - 
================================================================================
DAG File Processing Stats

File Path                              PID    Runtime      # DAGs    # Errors  Last Runtime    Last Run               Last # of DB Queries
-------------------------------------  -----  ---------  --------  ----------  --------------  -------------------  ----------------------
/opt/airflow/dags/dss150p_pipeline.py                           1           0  1.17s           2026-09-21T12:07:54                      12
================================================================================
[2026-09-21T12:08:34.733+0000] {manager.py:997} INFO - 
================================================================================
DAG File Processing Stats

File Path                              PID    Runtime      # DAGs    # Errors  Last Runtime    Last Run               Last # of DB Queries
-------------------------------------  -----  ---------  --------  ----------  --------------  -------------------  ----------------------
/opt/airflow/dags/dss150p_pipeline.py                           1           0  1.05s           2026-09-21T12:08:25                      12
================================================================================
[2026-09-21T12:09:05.421+0000] {manager.py:997} INFO - 
================================================================================
DAG File Processing Stats

File Path                              PID    Runtime      # DAGs    # Errors  Last Runtime    Last Run               Last # of DB Queries
-------------------------------------  -----  ---------  --------  ----------  --------------  -------------------  ----------------------
/opt/airflow/dags/dss150p_pipeline.py                           1           0  0.98s           2026-09-21T12:08:56                      12
================================================================================
[2026-09-21T12:09:35.923+0000] {manager.py:997} INFO - 
================================================================================
DAG File Processing Stats

File Path                              PID    Runtime      # DAGs    # Errors  Last Runtime    Last Run               Last # of DB Queries
-------------------------------------  -----  ---------  --------  ----------  --------------  -------------------  ----------------------
/opt/airflow/dags/dss150p_pipeline.py                           1           0  0.40s           2026-09-21T12:09:27                      12
================================================================================
[2026-09-21T12:10:06.446+0000] {manager.py:997} INFO - 
================================================================================
DAG File Processing Stats

File Path                              PID    Runtime      # DAGs    # Errors  Last Runtime    Last Run               Last # of DB Queries
-------------------------------------  -----  ---------  --------  ----------  --------------  -------------------  ----------------------
/opt/airflow/dags/dss150p_pipeline.py                           1           0  0.56s           2026-09-21T12:09:57                      12
================================================================================
[2026-09-21T12:10:37.751+0000] {manager.py:997} INFO - 
================================================================================
DAG File Processing Stats

File Path                              PID    Runtime      # DAGs    # Errors  Last Runtime    Last Run               Last # of DB Queries
-------------------------------------  -----  ---------  --------  ----------  --------------  -------------------  ----------------------
/opt/airflow/dags/dss150p_pipeline.py                           1           0  0.53s           2026-09-21T12:10:29                      12
================================================================================
[2026-09-21T12:11:08.407+0000] {manager.py:997} INFO - 
================================================================================
DAG File Processing Stats

File Path                              PID    Runtime      # DAGs    # Errors  Last Runtime    Last Run               Last # of DB Queries
-------------------------------------  -----  ---------  --------  ----------  --------------  -------------------  ----------------------
/opt/airflow/dags/dss150p_pipeline.py                           1           0  2.73s           2026-09-21T12:11:02                      12
================================================================================
[2026-09-21T12:11:39.143+0000] {manager.py:997} INFO - 
================================================================================
DAG File Processing Stats

File Path                              PID    Runtime      # DAGs    # Errors  Last Runtime    Last Run               Last # of DB Queries
-------------------------------------  -----  ---------  --------  ----------  --------------  -------------------  ----------------------
/opt/airflow/dags/dss150p_pipeline.py                           1           0  0.40s           2026-09-21T12:11:33                      12
================================================================================
[2026-09-21T12:11:53.310+0000] {manager.py:821} INFO - Searching for files in /opt/airflow/dags
[2026-09-21T12:11:53.381+0000] {manager.py:824} INFO - There are 1 files in /opt/airflow/dags
[2026-09-21T12:12:09.520+0000] {manager.py:997} INFO - 
================================================================================
DAG File Processing Stats

File Path                              PID    Runtime      # DAGs    # Errors  Last Runtime    Last Run               Last # of DB Queries
-------------------------------------  -----  ---------  --------  ----------  --------------  -------------------  ----------------------
/opt/airflow/dags/dss150p_pipeline.py                           1           0  0.61s           2026-09-21T12:12:04                      12
================================================================================
[2026-09-21T12:12:39.943+0000] {manager.py:997} INFO - 
================================================================================
DAG File Processing Stats

File Path                              PID    Runtime      # DAGs    # Errors  Last Runtime    Last Run               Last # of DB Queries
-------------------------------------  -----  ---------  --------  ----------  --------------  -------------------  ----------------------
/opt/airflow/dags/dss150p_pipeline.py                           1           0  2.66s           2026-09-21T12:12:30                      34
================================================================================
[2026-09-21T12:13:10.066+0000] {manager.py:997} INFO - 
================================================================================
DAG File Processing Stats

File Path                              PID    Runtime      # DAGs    # Errors  Last Runtime    Last Run               Last # of DB Queries
-------------------------------------  -----  ---------  --------  ----------  --------------  -------------------  ----------------------
/opt/airflow/dags/dss150p_pipeline.py                           1           0  0.41s           2026-09-21T12:13:01                      12
================================================================================
[2026-09-21T12:13:40.615+0000] {manager.py:997} INFO - 
================================================================================
DAG File Processing Stats

File Path                              PID    Runtime      # DAGs    # Errors  Last Runtime    Last Run               Last # of DB Queries
-------------------------------------  -----  ---------  --------  ----------  --------------  -------------------  ----------------------
/opt/airflow/dags/dss150p_pipeline.py                           1           0  0.38s           2026-09-21T12:13:32                      12
================================================================================
[2026-09-21T12:14:10.929+0000] {manager.py:997} INFO - 
================================================================================
DAG File Processing Stats

File Path                              PID    Runtime      # DAGs    # Errors  Last Runtime    Last Run               Last # of DB Queries
-------------------------------------  -----  ---------  --------  ----------  --------------  -------------------  ----------------------
/opt/airflow/dags/dss150p_pipeline.py                           1           0  0.60s           2026-09-21T12:14:03                      12
================================================================================
[2026-09-21T12:14:41.022+0000] {manager.py:997} INFO - 
================================================================================
DAG File Processing Stats

File Path                              PID    Runtime      # DAGs    # Errors  Last Runtime    Last Run               Last # of DB Queries
-------------------------------------  -----  ---------  --------  ----------  --------------  -------------------  ----------------------
/opt/airflow/dags/dss150p_pipeline.py                           1           0  0.52s           2026-09-21T12:14:34                      12
================================================================================
[2026-09-21T12:15:11.070+0000] {manager.py:997} INFO - 
================================================================================
DAG File Processing Stats

File Path                              PID    Runtime      # DAGs    # Errors  Last Runtime    Last Run               Last # of DB Queries
-------------------------------------  -----  ---------  --------  ----------  --------------  -------------------  ----------------------
/opt/airflow/dags/dss150p_pipeline.py                           1           0  0.61s           2026-09-21T12:15:05                      12
================================================================================
[2026-09-21T12:15:41.236+0000] {manager.py:997} INFO - 
================================================================================
DAG File Processing Stats

File Path                              PID    Runtime      # DAGs    # Errors  Last Runtime    Last Run               Last # of DB Queries
-------------------------------------  -----  ---------  --------  ----------  --------------  -------------------  ----------------------
/opt/airflow/dags/dss150p_pipeline.py                           1           0  0.48s           2026-09-21T12:15:36                      12
================================================================================
[2026-09-21T12:16:11.362+0000] {manager.py:997} INFO - 
================================================================================
DAG File Processing Stats

File Path                              PID    Runtime      # DAGs    # Errors  Last Runtime    Last Run               Last # of DB Queries
-------------------------------------  -----  ---------  --------  ----------  --------------  -------------------  ----------------------
/opt/airflow/dags/dss150p_pipeline.py                           1           0  0.61s           2026-09-21T12:16:07                      12
================================================================================
[2026-09-21T12:16:42.147+0000] {manager.py:997} INFO - 
================================================================================
DAG File Processing Stats

File Path                              PID    Runtime      # DAGs    # Errors  Last Runtime    Last Run               Last # of DB Queries
-------------------------------------  -----  ---------  --------  ----------  --------------  -------------------  ----------------------
/opt/airflow/dags/dss150p_pipeline.py                           1           0  0.37s           2026-09-21T12:16:38                      12
================================================================================
[2026-09-21T12:16:53.694+0000] {manager.py:821} INFO - Searching for files in /opt/airflow/dags
[2026-09-21T12:16:53.829+0000] {manager.py:824} INFO - There are 1 files in /opt/airflow/dags
[2026-09-21T12:17:12.440+0000] {manager.py:997} INFO - 
================================================================================
DAG File Processing Stats

File Path                              PID    Runtime      # DAGs    # Errors  Last Runtime    Last Run               Last # of DB Queries
-------------------------------------  -----  ---------  --------  ----------  --------------  -------------------  ----------------------
/opt/airflow/dags/dss150p_pipeline.py                           1           0  0.71s           2026-09-21T12:17:08                      12
================================================================================
[2026-09-21T12:17:42.497+0000] {manager.py:997} INFO - 
================================================================================
DAG File Processing Stats

File Path                              PID    Runtime      # DAGs    # Errors  Last Runtime    Last Run               Last # of DB Queries
-------------------------------------  -----  ---------  --------  ----------  --------------  -------------------  ----------------------
/opt/airflow/dags/dss150p_pipeline.py                           1           0  0.95s           2026-09-21T12:17:40                      12
================================================================================
[2026-09-21T12:18:13.159+0000] {manager.py:997} INFO - 
================================================================================
DAG File Processing Stats

File Path                              PID    Runtime      # DAGs    # Errors  Last Runtime    Last Run               Last # of DB Queries
-------------------------------------  -----  ---------  --------  ----------  --------------  -------------------  ----------------------
/opt/airflow/dags/dss150p_pipeline.py                           1           0  0.47s           2026-09-21T12:18:11                      12
================================================================================
[2026-09-21T12:18:43.293+0000] {manager.py:997} INFO - 
================================================================================
DAG File Processing Stats

File Path                              PID    Runtime      # DAGs    # Errors  Last Runtime    Last Run               Last # of DB Queries
-------------------------------------  -----  ---------  --------  ----------  --------------  -------------------  ----------------------
/opt/airflow/dags/dss150p_pipeline.py                           1           0  0.46s           2026-09-21T12:18:42                      12
================================================================================
[2026-09-21T12:19:14.072+0000] {manager.py:997} INFO - 
================================================================================
DAG File Processing Stats

File Path                                PID  Runtime      # DAGs    # Errors  Last Runtime    Last Run               Last # of DB Queries
-------------------------------------  -----  ---------  --------  ----------  --------------  -------------------  ----------------------
/opt/airflow/dags/dss150p_pipeline.py    423  1.07s             1           0  0.46s           2026-09-21T12:18:42                      12
================================================================================
[2026-09-21T12:19:44.249+0000] {manager.py:997} INFO - 
================================================================================
DAG File Processing Stats

File Path                              PID    Runtime      # DAGs    # Errors  Last Runtime    Last Run               Last # of DB Queries
-------------------------------------  -----  ---------  --------  ----------  --------------  -------------------  ----------------------
/opt/airflow/dags/dss150p_pipeline.py                           1           0  1.10s           2026-09-21T12:19:14                      12
================================================================================
[2026-09-21T12:20:14.504+0000] {manager.py:997} INFO - 
================================================================================
DAG File Processing Stats

File Path                              PID    Runtime      # DAGs    # Errors  Last Runtime    Last Run               Last # of DB Queries
-------------------------------------  -----  ---------  --------  ----------  --------------  -------------------  ----------------------
/opt/airflow/dags/dss150p_pipeline.py                           1           0  2.04s           2026-09-21T12:19:46                      12
================================================================================
[2026-09-21T12:20:44.587+0000] {manager.py:997} INFO - 
================================================================================
DAG File Processing Stats

File Path                              PID    Runtime      # DAGs    # Errors  Last Runtime    Last Run               Last # of DB Queries
-------------------------------------  -----  ---------  --------  ----------  --------------  -------------------  ----------------------
/opt/airflow/dags/dss150p_pipeline.py                           1           0  0.49s           2026-09-21T12:20:17                      12
================================================================================
[2026-09-21T12:21:15.312+0000] {manager.py:997} INFO - 
================================================================================
DAG File Processing Stats

File Path                              PID    Runtime      # DAGs    # Errors  Last Runtime    Last Run               Last # of DB Queries
-------------------------------------  -----  ---------  --------  ----------  --------------  -------------------  ----------------------
/opt/airflow/dags/dss150p_pipeline.py                           1           0  0.38s           2026-09-21T12:20:47                      12
================================================================================
[2026-09-21T12:21:45.408+0000] {manager.py:997} INFO - 
================================================================================
DAG File Processing Stats

File Path                              PID    Runtime      # DAGs    # Errors  Last Runtime    Last Run               Last # of DB Queries
-------------------------------------  -----  ---------  --------  ----------  --------------  -------------------  ----------------------
/opt/airflow/dags/dss150p_pipeline.py                           1           0  0.41s           2026-09-21T12:21:18                      12
================================================================================
[2026-09-21T12:21:53.772+0000] {manager.py:821} INFO - Searching for files in /opt/airflow/dags
[2026-09-21T12:21:53.888+0000] {manager.py:824} INFO - There are 1 files in /opt/airflow/dags
[2026-09-21T12:22:15.439+0000] {manager.py:997} INFO - 
================================================================================
DAG File Processing Stats

File Path                              PID    Runtime      # DAGs    # Errors  Last Runtime    Last Run               Last # of DB Queries
-------------------------------------  -----  ---------  --------  ----------  --------------  -------------------  ----------------------
/opt/airflow/dags/dss150p_pipeline.py                           1           0  0.46s           2026-09-21T12:21:49                      12
================================================================================
[2026-09-21T12:22:46.178+0000] {manager.py:997} INFO - 
================================================================================
DAG File Processing Stats

File Path                              PID    Runtime      # DAGs    # Errors  Last Runtime    Last Run               Last # of DB Queries
-------------------------------------  -----  ---------  --------  ----------  --------------  -------------------  ----------------------
/opt/airflow/dags/dss150p_pipeline.py                           1           0  0.53s           2026-09-21T12:22:20                      12
================================================================================
[2026-09-21T12:23:17.128+0000] {manager.py:997} INFO - 
================================================================================
DAG File Processing Stats

File Path                              PID    Runtime      # DAGs    # Errors  Last Runtime    Last Run               Last # of DB Queries
-------------------------------------  -----  ---------  --------  ----------  --------------  -------------------  ----------------------
/opt/airflow/dags/dss150p_pipeline.py                           1           0  0.37s           2026-09-21T12:22:51                      12
================================================================================
[2026-09-21T12:23:47.264+0000] {manager.py:997} INFO - 
================================================================================
DAG File Processing Stats

File Path                              PID    Runtime      # DAGs    # Errors  Last Runtime    Last Run               Last # of DB Queries
-------------------------------------  -----  ---------  --------  ----------  --------------  -------------------  ----------------------
/opt/airflow/dags/dss150p_pipeline.py                           1           0  0.42s           2026-09-21T12:23:22                      12
================================================================================
[2026-09-21T12:24:18.013+0000] {manager.py:997} INFO - 
================================================================================
DAG File Processing Stats

File Path                              PID    Runtime      # DAGs    # Errors  Last Runtime    Last Run               Last # of DB Queries
-------------------------------------  -----  ---------  --------  ----------  --------------  -------------------  ----------------------
/opt/airflow/dags/dss150p_pipeline.py                           1           0  0.53s           2026-09-21T12:23:53                      12
================================================================================
[2026-09-21T12:24:48.214+0000] {manager.py:997} INFO - 
================================================================================
DAG File Processing Stats

File Path                              PID    Runtime      # DAGs    # Errors  Last Runtime    Last Run               Last # of DB Queries
-------------------------------------  -----  ---------  --------  ----------  --------------  -------------------  ----------------------
/opt/airflow/dags/dss150p_pipeline.py                           1           0  0.46s           2026-09-21T12:24:24                      12
================================================================================
[2026-09-21T12:25:19.015+0000] {manager.py:997} INFO - 
================================================================================
DAG File Processing Stats

File Path                              PID    Runtime      # DAGs    # Errors  Last Runtime    Last Run               Last # of DB Queries
-------------------------------------  -----  ---------  --------  ----------  --------------  -------------------  ----------------------
/opt/airflow/dags/dss150p_pipeline.py                           1           0  0.40s           2026-09-21T12:24:55                      12
================================================================================
[2026-09-21T12:25:49.220+0000] {manager.py:997} INFO - 
================================================================================
DAG File Processing Stats

File Path                              PID    Runtime      # DAGs    # Errors  Last Runtime    Last Run               Last # of DB Queries
-------------------------------------  -----  ---------  --------  ----------  --------------  -------------------  ----------------------
/opt/airflow/dags/dss150p_pipeline.py                           1           0  0.51s           2026-09-21T12:25:26                      12
================================================================================
[2026-09-21T12:26:19.337+0000] {manager.py:997} INFO - 
================================================================================
DAG File Processing Stats

File Path                              PID    Runtime      # DAGs    # Errors  Last Runtime    Last Run               Last # of DB Queries
-------------------------------------  -----  ---------  --------  ----------  --------------  -------------------  ----------------------
/opt/airflow/dags/dss150p_pipeline.py                           1           0  1.08s           2026-09-21T12:25:58                      12
================================================================================
[2026-09-21T12:26:49.624+0000] {manager.py:997} INFO - 
================================================================================
DAG File Processing Stats

File Path                              PID    Runtime      # DAGs    # Errors  Last Runtime    Last Run               Last # of DB Queries
-------------------------------------  -----  ---------  --------  ----------  --------------  -------------------  ----------------------
/opt/airflow/dags/dss150p_pipeline.py                           1           0  0.49s           2026-09-21T12:26:29                      12
================================================================================
[2026-09-21T12:26:53.832+0000] {manager.py:821} INFO - Searching for files in /opt/airflow/dags
[2026-09-21T12:26:53.902+0000] {manager.py:824} INFO - There are 1 files in /opt/airflow/dags
[2026-09-21T12:27:19.708+0000] {manager.py:997} INFO - 
================================================================================
DAG File Processing Stats

File Path                              PID    Runtime      # DAGs    # Errors  Last Runtime    Last Run               Last # of DB Queries
-------------------------------------  -----  ---------  --------  ----------  --------------  -------------------  ----------------------
/opt/airflow/dags/dss150p_pipeline.py                           1           0  1.54s           2026-09-21T12:27:01                      12
================================================================================
[2026-09-21T12:27:49.919+0000] {manager.py:997} INFO - 
================================================================================
DAG File Processing Stats

File Path                              PID    Runtime      # DAGs    # Errors  Last Runtime    Last Run               Last # of DB Queries
-------------------------------------  -----  ---------  --------  ----------  --------------  -------------------  ----------------------
/opt/airflow/dags/dss150p_pipeline.py                           1           0  1.32s           2026-09-21T12:27:32                      12
================================================================================
[2026-09-21T12:28:19.981+0000] {manager.py:997} INFO - 
================================================================================
DAG File Processing Stats

File Path                              PID    Runtime      # DAGs    # Errors  Last Runtime    Last Run               Last # of DB Queries
-------------------------------------  -----  ---------  --------  ----------  --------------  -------------------  ----------------------
/opt/airflow/dags/dss150p_pipeline.py                           1           0  0.33s           2026-09-21T12:28:02                      12
================================================================================
[2026-09-21T12:28:50.594+0000] {manager.py:997} INFO - 
================================================================================
DAG File Processing Stats

File Path                              PID    Runtime      # DAGs    # Errors  Last Runtime    Last Run               Last # of DB Queries
-------------------------------------  -----  ---------  --------  ----------  --------------  -------------------  ----------------------
/opt/airflow/dags/dss150p_pipeline.py                           1           0  0.67s           2026-09-21T12:28:34                      12
================================================================================
[2026-09-21T12:29:20.904+0000] {manager.py:997} INFO - 
================================================================================
DAG File Processing Stats

File Path                              PID    Runtime      # DAGs    # Errors  Last Runtime    Last Run               Last # of DB Queries
-------------------------------------  -----  ---------  --------  ----------  --------------  -------------------  ----------------------
/opt/airflow/dags/dss150p_pipeline.py                           1           0  0.46s           2026-09-21T12:29:04                      12
================================================================================
[2026-09-21T12:29:51.493+0000] {manager.py:997} INFO - 
================================================================================
DAG File Processing Stats

File Path                              PID    Runtime      # DAGs    # Errors  Last Runtime    Last Run               Last # of DB Queries
-------------------------------------  -----  ---------  --------  ----------  --------------  -------------------  ----------------------
/opt/airflow/dags/dss150p_pipeline.py                           1           0  0.36s           2026-09-21T12:29:35                      12
================================================================================
[2026-09-21T12:30:22.315+0000] {manager.py:997} INFO - 
================================================================================
DAG File Processing Stats

File Path                              PID    Runtime      # DAGs    # Errors  Last Runtime    Last Run               Last # of DB Queries
-------------------------------------  -----  ---------  --------  ----------  --------------  -------------------  ----------------------
/opt/airflow/dags/dss150p_pipeline.py                           1           0  0.38s           2026-09-21T12:30:06                      12
================================================================================
[2026-09-21T12:30:52.876+0000] {manager.py:997} INFO - 
================================================================================
DAG File Processing Stats

File Path                              PID    Runtime      # DAGs    # Errors  Last Runtime    Last Run               Last # of DB Queries
-------------------------------------  -----  ---------  --------  ----------  --------------  -------------------  ----------------------
/opt/airflow/dags/dss150p_pipeline.py                           1           0  0.77s           2026-09-21T12:30:23                      12
================================================================================
[2026-09-21T12:31:22.986+0000] {manager.py:997} INFO - 
================================================================================
DAG File Processing Stats

File Path                              PID    Runtime      # DAGs    # Errors  Last Runtime    Last Run               Last # of DB Queries
-------------------------------------  -----  ---------  --------  ----------  --------------  -------------------  ----------------------
/opt/airflow/dags/dss150p_pipeline.py                           1           0  0.62s           2026-09-21T12:30:54                      12
================================================================================
[2026-09-21T12:31:53.282+0000] {manager.py:997} INFO - 
================================================================================
DAG File Processing Stats

File Path                              PID    Runtime      # DAGs    # Errors  Last Runtime    Last Run               Last # of DB Queries
-------------------------------------  -----  ---------  --------  ----------  --------------  -------------------  ----------------------
/opt/airflow/dags/dss150p_pipeline.py                           1           0  0.95s           2026-09-21T12:31:26                      12
================================================================================
[2026-09-21T12:31:54.292+0000] {manager.py:821} INFO - Searching for files in /opt/airflow/dags
[2026-09-21T12:31:54.402+0000] {manager.py:824} INFO - There are 1 files in /opt/airflow/dags
[2026-09-21T12:32:23.498+0000] {manager.py:997} INFO - 
================================================================================
DAG File Processing Stats

File Path                              PID    Runtime      # DAGs    # Errors  Last Runtime    Last Run               Last # of DB Queries
-------------------------------------  -----  ---------  --------  ----------  --------------  -------------------  ----------------------
/opt/airflow/dags/dss150p_pipeline.py                           1           0  1.54s           2026-09-21T12:31:58                      12
================================================================================
[2026-09-21T12:32:54.056+0000] {manager.py:997} INFO - 
================================================================================
DAG File Processing Stats

File Path                              PID    Runtime      # DAGs    # Errors  Last Runtime    Last Run               Last # of DB Queries
-------------------------------------  -----  ---------  --------  ----------  --------------  -------------------  ----------------------
/opt/airflow/dags/dss150p_pipeline.py                           1           0  0.77s           2026-09-21T12:32:29                      12
================================================================================
[2026-09-21T12:33:24.586+0000] {manager.py:997} INFO - 
================================================================================
DAG File Processing Stats

File Path                              PID    Runtime      # DAGs    # Errors  Last Runtime    Last Run               Last # of DB Queries
-------------------------------------  -----  ---------  --------  ----------  --------------  -------------------  ----------------------
/opt/airflow/dags/dss150p_pipeline.py                           1           0  0.90s           2026-09-21T12:33:01                      12
================================================================================
[2026-09-21T12:33:55.014+0000] {manager.py:997} INFO - 
================================================================================
DAG File Processing Stats

File Path                              PID    Runtime      # DAGs    # Errors  Last Runtime    Last Run               Last # of DB Queries
-------------------------------------  -----  ---------  --------  ----------  --------------  -------------------  ----------------------
/opt/airflow/dags/dss150p_pipeline.py                           1           0  0.83s           2026-09-21T12:33:32                      12
================================================================================
[2026-09-21T12:34:25.155+0000] {manager.py:997} INFO - 
================================================================================
DAG File Processing Stats

File Path                              PID    Runtime      # DAGs    # Errors  Last Runtime    Last Run               Last # of DB Queries
-------------------------------------  -----  ---------  --------  ----------  --------------  -------------------  ----------------------
/opt/airflow/dags/dss150p_pipeline.py                           1           0  0.68s           2026-09-21T12:34:03                      12
================================================================================
[2026-09-21T12:34:55.250+0000] {manager.py:997} INFO - 
================================================================================
DAG File Processing Stats

File Path                              PID    Runtime      # DAGs    # Errors  Last Runtime    Last Run               Last # of DB Queries
-------------------------------------  -----  ---------  --------  ----------  --------------  -------------------  ----------------------
/opt/airflow/dags/dss150p_pipeline.py                           1           0  0.96s           2026-09-21T12:34:35                      12
================================================================================
[2026-09-21T12:35:25.832+0000] {manager.py:997} INFO - 
================================================================================
DAG File Processing Stats

File Path                              PID    Runtime      # DAGs    # Errors  Last Runtime    Last Run               Last # of DB Queries
-------------------------------------  -----  ---------  --------  ----------  --------------  -------------------  ----------------------
/opt/airflow/dags/dss150p_pipeline.py                           1           0  0.51s           2026-09-21T12:35:06                      12
================================================================================
[2026-09-21T12:35:56.451+0000] {manager.py:997} INFO - 
================================================================================
DAG File Processing Stats

File Path                              PID    Runtime      # DAGs    # Errors  Last Runtime    Last Run               Last # of DB Queries
-------------------------------------  -----  ---------  --------  ----------  --------------  -------------------  ----------------------
/opt/airflow/dags/dss150p_pipeline.py                           1           0  1.10s           2026-09-21T12:35:38                      12
================================================================================
[2026-09-21T12:36:26.764+0000] {manager.py:997} INFO - 
================================================================================
DAG File Processing Stats

File Path                              PID    Runtime      # DAGs    # Errors  Last Runtime    Last Run               Last # of DB Queries
-------------------------------------  -----  ---------  --------  ----------  --------------  -------------------  ----------------------
/opt/airflow/dags/dss150p_pipeline.py                           1           0  1.75s           2026-09-21T12:36:10                      12
================================================================================
[2026-09-21T12:36:54.672+0000] {manager.py:821} INFO - Searching for files in /opt/airflow/dags
[2026-09-21T12:36:54.737+0000] {manager.py:824} INFO - There are 1 files in /opt/airflow/dags
[2026-09-21T12:36:56.804+0000] {manager.py:997} INFO - 
================================================================================
DAG File Processing Stats

File Path                              PID    Runtime      # DAGs    # Errors  Last Runtime    Last Run               Last # of DB Queries
-------------------------------------  -----  ---------  --------  ----------  --------------  -------------------  ----------------------
/opt/airflow/dags/dss150p_pipeline.py                           1           0  0.46s           2026-09-21T12:36:40                      12
================================================================================
[2026-09-21T12:37:27.136+0000] {manager.py:997} INFO - 
================================================================================
DAG File Processing Stats

File Path                              PID    Runtime      # DAGs    # Errors  Last Runtime    Last Run               Last # of DB Queries
-------------------------------------  -----  ---------  --------  ----------  --------------  -------------------  ----------------------
/opt/airflow/dags/dss150p_pipeline.py                           1           0  0.49s           2026-09-21T12:37:11                      12
================================================================================
[2026-09-21T12:37:57.673+0000] {manager.py:997} INFO - 
================================================================================
DAG File Processing Stats

File Path                              PID    Runtime      # DAGs    # Errors  Last Runtime    Last Run               Last # of DB Queries
-------------------------------------  -----  ---------  --------  ----------  --------------  -------------------  ----------------------
/opt/airflow/dags/dss150p_pipeline.py                           1           0  0.41s           2026-09-21T12:37:42                      12
================================================================================
[2026-09-21T12:38:28.325+0000] {manager.py:997} INFO - 
================================================================================
DAG File Processing Stats

File Path                              PID    Runtime      # DAGs    # Errors  Last Runtime    Last Run               Last # of DB Queries
-------------------------------------  -----  ---------  --------  ----------  --------------  -------------------  ----------------------
/opt/airflow/dags/dss150p_pipeline.py                           1           0  0.77s           2026-09-21T12:38:13                      12
================================================================================
[2026-09-21T12:38:58.332+0000] {manager.py:997} INFO - 
================================================================================
DAG File Processing Stats

File Path                              PID    Runtime      # DAGs    # Errors  Last Runtime    Last Run               Last # of DB Queries
-------------------------------------  -----  ---------  --------  ----------  --------------  -------------------  ----------------------
/opt/airflow/dags/dss150p_pipeline.py                           1           0  0.70s           2026-09-21T12:38:44                      12
================================================================================
[2026-09-21T12:39:28.765+0000] {manager.py:997} INFO - 
================================================================================
DAG File Processing Stats

File Path                              PID    Runtime      # DAGs    # Errors  Last Runtime    Last Run               Last # of DB Queries
-------------------------------------  -----  ---------  --------  ----------  --------------  -------------------  ----------------------
/opt/airflow/dags/dss150p_pipeline.py                           1           0  1.13s           2026-09-21T12:39:16                      12
================================================================================
[2026-09-21T12:39:58.765+0000] {manager.py:997} INFO - 
================================================================================
DAG File Processing Stats

File Path                              PID    Runtime      # DAGs    # Errors  Last Runtime    Last Run               Last # of DB Queries
-------------------------------------  -----  ---------  --------  ----------  --------------  -------------------  ----------------------
/opt/airflow/dags/dss150p_pipeline.py                           1           0  0.46s           2026-09-21T12:39:46                      12
================================================================================
[2026-09-21T12:40:29.165+0000] {manager.py:997} INFO - 
================================================================================
DAG File Processing Stats

File Path                              PID    Runtime      # DAGs    # Errors  Last Runtime    Last Run               Last # of DB Queries
-------------------------------------  -----  ---------  --------  ----------  --------------  -------------------  ----------------------
/opt/airflow/dags/dss150p_pipeline.py                           1           0  0.38s           2026-09-21T12:40:17                      12
================================================================================
[2026-09-21T12:40:59.174+0000] {manager.py:997} INFO - 
================================================================================
DAG File Processing Stats

File Path                              PID    Runtime      # DAGs    # Errors  Last Runtime    Last Run               Last # of DB Queries
-------------------------------------  -----  ---------  --------  ----------  --------------  -------------------  ----------------------
/opt/airflow/dags/dss150p_pipeline.py                           1           0  0.35s           2026-09-21T12:40:48                      12
================================================================================
[2026-09-21T12:41:30.121+0000] {manager.py:997} INFO - 
================================================================================
DAG File Processing Stats

File Path                              PID    Runtime      # DAGs    # Errors  Last Runtime    Last Run               Last # of DB Queries
-------------------------------------  -----  ---------  --------  ----------  --------------  -------------------  ----------------------
/opt/airflow/dags/dss150p_pipeline.py                           1           0  1.24s           2026-09-21T12:41:19                      12
================================================================================
[2026-09-21T12:41:54.851+0000] {manager.py:821} INFO - Searching for files in /opt/airflow/dags
[2026-09-21T12:41:55.026+0000] {manager.py:824} INFO - There are 1 files in /opt/airflow/dags
[2026-09-21T12:42:00.127+0000] {manager.py:997} INFO - 
================================================================================
DAG File Processing Stats

File Path                              PID    Runtime      # DAGs    # Errors  Last Runtime    Last Run               Last # of DB Queries
-------------------------------------  -----  ---------  --------  ----------  --------------  -------------------  ----------------------
/opt/airflow/dags/dss150p_pipeline.py                           1           0  0.52s           2026-09-21T12:41:51                      12
================================================================================
[2026-09-21T12:42:30.245+0000] {manager.py:997} INFO - 
================================================================================
DAG File Processing Stats

File Path                              PID    Runtime      # DAGs    # Errors  Last Runtime    Last Run               Last # of DB Queries
-------------------------------------  -----  ---------  --------  ----------  --------------  -------------------  ----------------------
/opt/airflow/dags/dss150p_pipeline.py                           1           0  1.51s           2026-09-21T12:42:20                      34
================================================================================
[2026-09-21T12:43:00.316+0000] {manager.py:997} INFO - 
================================================================================
DAG File Processing Stats

File Path                              PID    Runtime      # DAGs    # Errors  Last Runtime    Last Run               Last # of DB Queries
-------------------------------------  -----  ---------  --------  ----------  --------------  -------------------  ----------------------
/opt/airflow/dags/dss150p_pipeline.py                           1           0  0.68s           2026-09-21T12:42:50                      12
================================================================================
[2026-09-21T12:43:30.886+0000] {manager.py:997} INFO - 
================================================================================
DAG File Processing Stats

File Path                              PID    Runtime      # DAGs    # Errors  Last Runtime    Last Run               Last # of DB Queries
-------------------------------------  -----  ---------  --------  ----------  --------------  -------------------  ----------------------
/opt/airflow/dags/dss150p_pipeline.py                           1           0  3.87s           2026-09-21T12:43:28                      12
================================================================================
[2026-09-21T12:44:01.389+0000] {manager.py:997} INFO - 
================================================================================
DAG File Processing Stats

File Path                              PID    Runtime      # DAGs    # Errors  Last Runtime    Last Run               Last # of DB Queries
-------------------------------------  -----  ---------  --------  ----------  --------------  -------------------  ----------------------
/opt/airflow/dags/dss150p_pipeline.py                           1           0  1.07s           2026-09-21T12:43:59                      12
================================================================================
[2026-09-21T12:44:31.484+0000] {manager.py:997} INFO - 
================================================================================
DAG File Processing Stats

File Path                                PID  Runtime      # DAGs    # Errors  Last Runtime    Last Run               Last # of DB Queries
-------------------------------------  -----  ---------  --------  ----------  --------------  -------------------  ----------------------
/opt/airflow/dags/dss150p_pipeline.py    680  1.71s             1           0  1.07s           2026-09-21T12:43:59                      12
================================================================================
[2026-09-21T12:45:02.205+0000] {manager.py:997} INFO - 
================================================================================
DAG File Processing Stats

File Path                              PID    Runtime      # DAGs    # Errors  Last Runtime    Last Run               Last # of DB Queries
-------------------------------------  -----  ---------  --------  ----------  --------------  -------------------  ----------------------
/opt/airflow/dags/dss150p_pipeline.py                           1           0  3.88s           2026-09-21T12:44:33                      12
================================================================================
[2026-09-21T12:45:32.879+0000] {manager.py:997} INFO - 
================================================================================
DAG File Processing Stats

File Path                              PID    Runtime      # DAGs    # Errors  Last Runtime    Last Run               Last # of DB Queries
-------------------------------------  -----  ---------  --------  ----------  --------------  -------------------  ----------------------
/opt/airflow/dags/dss150p_pipeline.py                           1           0  1.44s           2026-09-21T12:45:05                      12
================================================================================
[2026-09-21T12:46:04.553+0000] {manager.py:997} INFO - 
================================================================================
DAG File Processing Stats

File Path                              PID    Runtime      # DAGs    # Errors  Last Runtime    Last Run               Last # of DB Queries
-------------------------------------  -----  ---------  --------  ----------  --------------  -------------------  ----------------------
/opt/airflow/dags/dss150p_pipeline.py                           1           0  0.60s           2026-09-21T12:45:36                      12
================================================================================
[2026-09-21T12:46:35.254+0000] {manager.py:997} INFO - 
================================================================================
DAG File Processing Stats

File Path                              PID    Runtime      # DAGs    # Errors  Last Runtime    Last Run               Last # of DB Queries
-------------------------------------  -----  ---------  --------  ----------  --------------  -------------------  ----------------------
/opt/airflow/dags/dss150p_pipeline.py                           1           0  14.19s          2026-09-21T12:46:22                      12
================================================================================
[2026-09-21T12:46:55.318+0000] {manager.py:821} INFO - Searching for files in /opt/airflow/dags
[2026-09-21T12:46:55.461+0000] {manager.py:824} INFO - There are 1 files in /opt/airflow/dags
[2026-09-21T12:47:05.717+0000] {manager.py:997} INFO - 
================================================================================
DAG File Processing Stats

File Path                              PID    Runtime      # DAGs    # Errors  Last Runtime    Last Run               Last # of DB Queries
-------------------------------------  -----  ---------  --------  ----------  --------------  -------------------  ----------------------
/opt/airflow/dags/dss150p_pipeline.py                           1           0  0.84s           2026-09-21T12:46:53                      12
================================================================================
[2026-09-21T12:47:35.850+0000] {manager.py:997} INFO - 
================================================================================
DAG File Processing Stats

File Path                              PID    Runtime      # DAGs    # Errors  Last Runtime    Last Run               Last # of DB Queries
-------------------------------------  -----  ---------  --------  ----------  --------------  -------------------  ----------------------
/opt/airflow/dags/dss150p_pipeline.py                           1           0  1.95s           2026-09-21T12:47:26                      12
================================================================================
[2026-09-21T12:48:06.156+0000] {manager.py:997} INFO - 
================================================================================
DAG File Processing Stats

File Path                              PID    Runtime      # DAGs    # Errors  Last Runtime    Last Run               Last # of DB Queries
-------------------------------------  -----  ---------  --------  ----------  --------------  -------------------  ----------------------
/opt/airflow/dags/dss150p_pipeline.py                           1           0  1.24s           2026-09-21T12:47:58                      12
================================================================================
[2026-09-21T12:48:36.196+0000] {manager.py:997} INFO - 
================================================================================
DAG File Processing Stats

File Path                              PID    Runtime      # DAGs    # Errors  Last Runtime    Last Run               Last # of DB Queries
-------------------------------------  -----  ---------  --------  ----------  --------------  -------------------  ----------------------
/opt/airflow/dags/dss150p_pipeline.py                           1           0  0.64s           2026-09-21T12:48:29                      12
================================================================================
[2026-09-21T12:49:06.333+0000] {manager.py:997} INFO - 
================================================================================
DAG File Processing Stats

File Path                              PID    Runtime      # DAGs    # Errors  Last Runtime    Last Run               Last # of DB Queries
-------------------------------------  -----  ---------  --------  ----------  --------------  -------------------  ----------------------
/opt/airflow/dags/dss150p_pipeline.py                           1           0  3.56s           2026-09-21T12:49:03                      12
================================================================================
[2026-09-21T12:49:36.800+0000] {manager.py:997} INFO - 
================================================================================
DAG File Processing Stats

File Path                                PID  Runtime      # DAGs    # Errors  Last Runtime    Last Run               Last # of DB Queries
-------------------------------------  -----  ---------  --------  ----------  --------------  -------------------  ----------------------
/opt/airflow/dags/dss150p_pipeline.py    905  1.62s             1           0  3.56s           2026-09-21T12:49:03                      12
================================================================================
[2026-09-21T12:50:07.425+0000] {manager.py:997} INFO - 
================================================================================
DAG File Processing Stats

File Path                                PID  Runtime      # DAGs    # Errors  Last Runtime    Last Run               Last # of DB Queries
-------------------------------------  -----  ---------  --------  ----------  --------------  -------------------  ----------------------
/opt/airflow/dags/dss150p_pipeline.py    910  0.02s             1           0  1.75s           2026-09-21T12:49:36                      12
================================================================================
[2026-09-21T12:50:37.668+0000] {manager.py:997} INFO - 
================================================================================
DAG File Processing Stats

File Path                              PID    Runtime      # DAGs    # Errors  Last Runtime    Last Run               Last # of DB Queries
-------------------------------------  -----  ---------  --------  ----------  --------------  -------------------  ----------------------
/opt/airflow/dags/dss150p_pipeline.py                           1           0  1.15s           2026-09-21T12:50:08                      12
================================================================================
[2026-09-21T12:51:09.796+0000] {manager.py:997} INFO - 
================================================================================
DAG File Processing Stats

File Path                              PID    Runtime      # DAGs    # Errors  Last Runtime    Last Run               Last # of DB Queries
-------------------------------------  -----  ---------  --------  ----------  --------------  -------------------  ----------------------
/opt/airflow/dags/dss150p_pipeline.py                           1           0  3.79s           2026-09-21T12:50:44                      12
================================================================================
[2026-09-21T12:51:39.924+0000] {manager.py:997} INFO - 
================================================================================
DAG File Processing Stats

File Path                              PID    Runtime      # DAGs    # Errors  Last Runtime    Last Run               Last # of DB Queries
-------------------------------------  -----  ---------  --------  ----------  --------------  -------------------  ----------------------
/opt/airflow/dags/dss150p_pipeline.py                           1           0  1.60s           2026-09-21T12:51:16                      12
================================================================================
[2026-09-21T12:51:55.349+0000] {manager.py:821} INFO - Searching for files in /opt/airflow/dags
[2026-09-21T12:51:55.444+0000] {manager.py:824} INFO - There are 1 files in /opt/airflow/dags
[2026-09-21T12:52:10.247+0000] {manager.py:997} INFO - 
================================================================================
DAG File Processing Stats

File Path                              PID    Runtime      # DAGs    # Errors  Last Runtime    Last Run               Last # of DB Queries
-------------------------------------  -----  ---------  --------  ----------  --------------  -------------------  ----------------------
/opt/airflow/dags/dss150p_pipeline.py                           1           0  1.05s           2026-09-21T12:51:48                      12
================================================================================
[2026-09-21T12:52:40.464+0000] {manager.py:997} INFO - 
================================================================================
DAG File Processing Stats

File Path                              PID    Runtime      # DAGs    # Errors  Last Runtime    Last Run               Last # of DB Queries
-------------------------------------  -----  ---------  --------  ----------  --------------  -------------------  ----------------------
/opt/airflow/dags/dss150p_pipeline.py                           1           0  1.96s           2026-09-21T12:52:21                      12
================================================================================
[2026-09-21T12:53:10.741+0000] {manager.py:997} INFO - 
================================================================================
DAG File Processing Stats

File Path                              PID    Runtime      # DAGs    # Errors  Last Runtime    Last Run               Last # of DB Queries
-------------------------------------  -----  ---------  --------  ----------  --------------  -------------------  ----------------------
/opt/airflow/dags/dss150p_pipeline.py                           1           0  0.89s           2026-09-21T12:52:53                      12
================================================================================
[2026-09-21T12:53:41.114+0000] {manager.py:997} INFO - 
================================================================================
DAG File Processing Stats

File Path                              PID    Runtime      # DAGs    # Errors  Last Runtime    Last Run               Last # of DB Queries
-------------------------------------  -----  ---------  --------  ----------  --------------  -------------------  ----------------------
/opt/airflow/dags/dss150p_pipeline.py                           1           0  0.49s           2026-09-21T12:53:23                      12
================================================================================
[2026-09-21T12:54:11.175+0000] {manager.py:997} INFO - 
================================================================================
DAG File Processing Stats

File Path                              PID    Runtime      # DAGs    # Errors  Last Runtime    Last Run               Last # of DB Queries
-------------------------------------  -----  ---------  --------  ----------  --------------  -------------------  ----------------------
/opt/airflow/dags/dss150p_pipeline.py                           1           0  1.23s           2026-09-21T12:53:55                      12
================================================================================
[2026-09-21T12:54:41.195+0000] {manager.py:997} INFO - 
================================================================================
DAG File Processing Stats

File Path                              PID    Runtime      # DAGs    # Errors  Last Runtime    Last Run               Last # of DB Queries
-------------------------------------  -----  ---------  --------  ----------  --------------  -------------------  ----------------------
/opt/airflow/dags/dss150p_pipeline.py                           1           0  7.34s           2026-09-21T12:54:33                      12
================================================================================
[2026-09-21T12:55:11.484+0000] {manager.py:997} INFO - 
================================================================================
DAG File Processing Stats

File Path                              PID    Runtime      # DAGs    # Errors  Last Runtime    Last Run               Last # of DB Queries
-------------------------------------  -----  ---------  --------  ----------  --------------  -------------------  ----------------------
/opt/airflow/dags/dss150p_pipeline.py                           1           0  0.47s           2026-09-21T12:55:04                      12
================================================================================
[2026-09-21T12:55:41.901+0000] {manager.py:997} INFO - 
================================================================================
DAG File Processing Stats

File Path                              PID    Runtime      # DAGs    # Errors  Last Runtime    Last Run               Last # of DB Queries
-------------------------------------  -----  ---------  --------  ----------  --------------  -------------------  ----------------------
/opt/airflow/dags/dss150p_pipeline.py                           1           0  1.80s           2026-09-21T12:55:36                      12
================================================================================
[2026-09-21T12:56:12.750+0000] {manager.py:997} INFO - 
================================================================================
DAG File Processing Stats

File Path                              PID    Runtime      # DAGs    # Errors  Last Runtime    Last Run               Last # of DB Queries
-------------------------------------  -----  ---------  --------  ----------  --------------  -------------------  ----------------------
/opt/airflow/dags/dss150p_pipeline.py                           1           0  3.38s           2026-09-21T12:56:10                      12
================================================================================
[2026-09-21T12:56:43.455+0000] {manager.py:997} INFO - 
================================================================================
DAG File Processing Stats

File Path                              PID    Runtime      # DAGs    # Errors  Last Runtime    Last Run               Last # of DB Queries
-------------------------------------  -----  ---------  --------  ----------  --------------  -------------------  ----------------------
/opt/airflow/dags/dss150p_pipeline.py                           1           0  0.42s           2026-09-21T12:56:41                      12
================================================================================
[2026-09-21T12:56:55.948+0000] {manager.py:821} INFO - Searching for files in /opt/airflow/dags
[2026-09-21T12:56:56.573+0000] {manager.py:824} INFO - There are 1 files in /opt/airflow/dags
[2026-09-21T12:57:14.249+0000] {manager.py:997} INFO - 
================================================================================
DAG File Processing Stats

File Path                              PID    Runtime      # DAGs    # Errors  Last Runtime    Last Run               Last # of DB Queries
-------------------------------------  -----  ---------  --------  ----------  --------------  -------------------  ----------------------
/opt/airflow/dags/dss150p_pipeline.py                           1           0  1.07s           2026-09-21T12:57:13                      12
================================================================================
[2026-09-21T12:57:44.546+0000] {manager.py:997} INFO - 
================================================================================
DAG File Processing Stats

File Path                              PID    Runtime      # DAGs    # Errors  Last Runtime    Last Run               Last # of DB Queries
-------------------------------------  -----  ---------  --------  ----------  --------------  -------------------  ----------------------
/opt/airflow/dags/dss150p_pipeline.py                           1           0  0.36s           2026-09-21T12:57:43                      12
================================================================================
[2026-09-21T12:58:14.693+0000] {manager.py:997} INFO - 
================================================================================
DAG File Processing Stats

File Path                              PID    Runtime      # DAGs    # Errors  Last Runtime    Last Run               Last # of DB Queries
-------------------------------------  -----  ---------  --------  ----------  --------------  -------------------  ----------------------
/opt/airflow/dags/dss150p_pipeline.py                           1           0  0.43s           2026-09-21T12:58:14                      12
================================================================================
[2026-09-21T12:58:45.165+0000] {manager.py:997} INFO - 
================================================================================
DAG File Processing Stats

File Path                                PID  Runtime      # DAGs    # Errors  Last Runtime    Last Run               Last # of DB Queries
-------------------------------------  -----  ---------  --------  ----------  --------------  -------------------  ----------------------
/opt/airflow/dags/dss150p_pipeline.py    990  0.02s             1           0  0.43s           2026-09-21T12:58:14                      12
================================================================================
[2026-09-21T12:59:15.327+0000] {manager.py:997} INFO - 
================================================================================
DAG File Processing Stats

File Path                              PID    Runtime      # DAGs    # Errors  Last Runtime    Last Run               Last # of DB Queries
-------------------------------------  -----  ---------  --------  ----------  --------------  -------------------  ----------------------
/opt/airflow/dags/dss150p_pipeline.py                           1           0  1.20s           2026-09-21T12:58:46                      12
================================================================================
[2026-09-21T12:59:46.159+0000] {manager.py:997} INFO - 
================================================================================
DAG File Processing Stats

File Path                              PID    Runtime      # DAGs    # Errors  Last Runtime    Last Run               Last # of DB Queries
-------------------------------------  -----  ---------  --------  ----------  --------------  -------------------  ----------------------
/opt/airflow/dags/dss150p_pipeline.py                           1           0  0.53s           2026-09-21T12:59:16                      12
================================================================================
[2026-09-21T13:00:16.219+0000] {manager.py:997} INFO - 
================================================================================
DAG File Processing Stats

File Path                              PID    Runtime      # DAGs    # Errors  Last Runtime    Last Run               Last # of DB Queries
-------------------------------------  -----  ---------  --------  ----------  --------------  -------------------  ----------------------
/opt/airflow/dags/dss150p_pipeline.py                           1           0  0.48s           2026-09-21T12:59:47                      12
================================================================================
[2026-09-21T13:00:46.478+0000] {manager.py:997} INFO - 
================================================================================
DAG File Processing Stats

File Path                              PID    Runtime      # DAGs    # Errors  Last Runtime    Last Run               Last # of DB Queries
-------------------------------------  -----  ---------  --------  ----------  --------------  -------------------  ----------------------
/opt/airflow/dags/dss150p_pipeline.py                           1           0  0.43s           2026-09-21T13:00:18                      12
================================================================================
[2026-09-21T13:01:16.608+0000] {manager.py:997} INFO - 
================================================================================
DAG File Processing Stats

File Path                              PID    Runtime      # DAGs    # Errors  Last Runtime    Last Run               Last # of DB Queries
-------------------------------------  -----  ---------  --------  ----------  --------------  -------------------  ----------------------
/opt/airflow/dags/dss150p_pipeline.py                           1           0  0.81s           2026-09-21T13:00:49                      12
================================================================================
[2026-09-21T13:01:47.105+0000] {manager.py:997} INFO - 
================================================================================
DAG File Processing Stats

File Path                              PID    Runtime      # DAGs    # Errors  Last Runtime    Last Run               Last # of DB Queries
-------------------------------------  -----  ---------  --------  ----------  --------------  -------------------  ----------------------
/opt/airflow/dags/dss150p_pipeline.py                           1           0  0.99s           2026-09-21T13:01:20                      12
================================================================================
[2026-09-21T13:01:56.780+0000] {manager.py:821} INFO - Searching for files in /opt/airflow/dags
[2026-09-21T13:01:56.853+0000] {manager.py:824} INFO - There are 1 files in /opt/airflow/dags
[2026-09-21T13:02:17.425+0000] {manager.py:997} INFO - 
================================================================================
DAG File Processing Stats

File Path                              PID    Runtime      # DAGs    # Errors  Last Runtime    Last Run               Last # of DB Queries
-------------------------------------  -----  ---------  --------  ----------  --------------  -------------------  ----------------------
/opt/airflow/dags/dss150p_pipeline.py                           1           0  1.18s           2026-09-21T13:01:52                      12
================================================================================
[2026-09-21T13:02:47.826+0000] {manager.py:997} INFO - 
================================================================================
DAG File Processing Stats

File Path                              PID    Runtime      # DAGs    # Errors  Last Runtime    Last Run               Last # of DB Queries
-------------------------------------  -----  ---------  --------  ----------  --------------  -------------------  ----------------------
/opt/airflow/dags/dss150p_pipeline.py                           1           0  2.45s           2026-09-21T13:02:26                      12
================================================================================
[2026-09-21T13:03:17.930+0000] {manager.py:997} INFO - 
================================================================================
DAG File Processing Stats

File Path                              PID    Runtime      # DAGs    # Errors  Last Runtime    Last Run               Last # of DB Queries
-------------------------------------  -----  ---------  --------  ----------  --------------  -------------------  ----------------------
/opt/airflow/dags/dss150p_pipeline.py                           1           0  1.84s           2026-09-21T13:02:59                      12
================================================================================
[2026-09-21T13:03:48.023+0000] {manager.py:997} INFO - 
================================================================================
DAG File Processing Stats

File Path                              PID    Runtime      # DAGs    # Errors  Last Runtime    Last Run               Last # of DB Queries
-------------------------------------  -----  ---------  --------  ----------  --------------  -------------------  ----------------------
/opt/airflow/dags/dss150p_pipeline.py                           1           0  1.05s           2026-09-21T13:03:31                      12
================================================================================
[2026-09-21T13:04:18.254+0000] {manager.py:997} INFO - 
================================================================================
DAG File Processing Stats

File Path                              PID    Runtime      # DAGs    # Errors  Last Runtime    Last Run               Last # of DB Queries
-------------------------------------  -----  ---------  --------  ----------  --------------  -------------------  ----------------------
/opt/airflow/dags/dss150p_pipeline.py                           1           0  0.58s           2026-09-21T13:04:02                      12
================================================================================
[2026-09-21T13:04:48.589+0000] {manager.py:997} INFO - 
================================================================================
DAG File Processing Stats

File Path                              PID    Runtime      # DAGs    # Errors  Last Runtime    Last Run               Last # of DB Queries
-------------------------------------  -----  ---------  --------  ----------  --------------  -------------------  ----------------------
/opt/airflow/dags/dss150p_pipeline.py                           1           0  0.35s           2026-09-21T13:04:33                      12
================================================================================
[2026-09-21T13:05:19.541+0000] {manager.py:997} INFO - 
================================================================================
DAG File Processing Stats

File Path                              PID    Runtime      # DAGs    # Errors  Last Runtime    Last Run               Last # of DB Queries
-------------------------------------  -----  ---------  --------  ----------  --------------  -------------------  ----------------------
/opt/airflow/dags/dss150p_pipeline.py                           1           0  0.35s           2026-09-21T13:05:04                      12
================================================================================
[2026-09-21T13:05:49.691+0000] {manager.py:997} INFO - 
================================================================================
DAG File Processing Stats

File Path                              PID    Runtime      # DAGs    # Errors  Last Runtime    Last Run               Last # of DB Queries
-------------------------------------  -----  ---------  --------  ----------  --------------  -------------------  ----------------------
/opt/airflow/dags/dss150p_pipeline.py                           1           0  0.37s           2026-09-21T13:05:35                      12
================================================================================
[2026-09-21T13:06:19.764+0000] {manager.py:997} INFO - 
================================================================================
DAG File Processing Stats

File Path                              PID    Runtime      # DAGs    # Errors  Last Runtime    Last Run               Last # of DB Queries
-------------------------------------  -----  ---------  --------  ----------  --------------  -------------------  ----------------------
/opt/airflow/dags/dss150p_pipeline.py                           1           0  1.93s           2026-09-21T13:06:01                      34
================================================================================
[2026-09-21T13:06:50.417+0000] {manager.py:997} INFO - 
================================================================================
DAG File Processing Stats

File Path                              PID    Runtime      # DAGs    # Errors  Last Runtime    Last Run               Last # of DB Queries
-------------------------------------  -----  ---------  --------  ----------  --------------  -------------------  ----------------------
/opt/airflow/dags/dss150p_pipeline.py                           1           0  1.05s           2026-09-21T13:06:33                      12
================================================================================
[2026-09-21T13:06:57.518+0000] {manager.py:821} INFO - Searching for files in /opt/airflow/dags
[2026-09-21T13:06:57.581+0000] {manager.py:824} INFO - There are 1 files in /opt/airflow/dags
[2026-09-21T13:07:20.457+0000] {manager.py:997} INFO - 
================================================================================
DAG File Processing Stats

File Path                              PID    Runtime      # DAGs    # Errors  Last Runtime    Last Run               Last # of DB Queries
-------------------------------------  -----  ---------  --------  ----------  --------------  -------------------  ----------------------
/opt/airflow/dags/dss150p_pipeline.py                           1           0  0.34s           2026-09-21T13:07:04                      12
================================================================================
[2026-09-21T13:07:51.265+0000] {manager.py:997} INFO - 
================================================================================
DAG File Processing Stats

File Path                              PID    Runtime      # DAGs    # Errors  Last Runtime    Last Run               Last # of DB Queries
-------------------------------------  -----  ---------  --------  ----------  --------------  -------------------  ----------------------
/opt/airflow/dags/dss150p_pipeline.py                           1           0  0.30s           2026-09-21T13:07:34                      12
================================================================================
[2026-09-21T13:08:21.700+0000] {manager.py:997} INFO - 
================================================================================
DAG File Processing Stats

File Path                              PID    Runtime      # DAGs    # Errors  Last Runtime    Last Run               Last # of DB Queries
-------------------------------------  -----  ---------  --------  ----------  --------------  -------------------  ----------------------
/opt/airflow/dags/dss150p_pipeline.py                           1           0  0.37s           2026-09-21T13:08:05                      12
================================================================================
[2026-09-21T13:08:52.348+0000] {manager.py:997} INFO - 
================================================================================
DAG File Processing Stats

File Path                              PID    Runtime      # DAGs    # Errors  Last Runtime    Last Run               Last # of DB Queries
-------------------------------------  -----  ---------  --------  ----------  --------------  -------------------  ----------------------
/opt/airflow/dags/dss150p_pipeline.py                           1           0  0.53s           2026-09-21T13:08:36                      12
================================================================================
[2026-09-21T13:09:22.906+0000] {manager.py:997} INFO - 
================================================================================
DAG File Processing Stats

File Path                              PID    Runtime      # DAGs    # Errors  Last Runtime    Last Run               Last # of DB Queries
-------------------------------------  -----  ---------  --------  ----------  --------------  -------------------  ----------------------
/opt/airflow/dags/dss150p_pipeline.py                           1           0  0.32s           2026-09-21T13:09:06                      12
================================================================================
[2026-09-21T13:09:53.274+0000] {manager.py:997} INFO - 
================================================================================
DAG File Processing Stats

File Path                              PID    Runtime      # DAGs    # Errors  Last Runtime    Last Run               Last # of DB Queries
-------------------------------------  -----  ---------  --------  ----------  --------------  -------------------  ----------------------
/opt/airflow/dags/dss150p_pipeline.py                           1           0  0.33s           2026-09-21T13:09:37                      12
================================================================================
[2026-09-21T13:10:23.892+0000] {manager.py:997} INFO - 
================================================================================
DAG File Processing Stats

File Path                              PID    Runtime      # DAGs    # Errors  Last Runtime    Last Run               Last # of DB Queries
-------------------------------------  -----  ---------  --------  ----------  --------------  -------------------  ----------------------
/opt/airflow/dags/dss150p_pipeline.py                           1           0  0.36s           2026-09-21T13:10:07                      12
================================================================================
[2026-09-21T13:10:54.142+0000] {manager.py:997} INFO - 
================================================================================
DAG File Processing Stats

File Path                              PID    Runtime      # DAGs    # Errors  Last Runtime    Last Run               Last # of DB Queries
-------------------------------------  -----  ---------  --------  ----------  --------------  -------------------  ----------------------
/opt/airflow/dags/dss150p_pipeline.py                           1           0  0.39s           2026-09-21T13:10:38                      12
================================================================================
[2026-09-21T13:11:24.350+0000] {manager.py:997} INFO - 
================================================================================
DAG File Processing Stats

File Path                              PID    Runtime      # DAGs    # Errors  Last Runtime    Last Run               Last # of DB Queries
-------------------------------------  -----  ---------  --------  ----------  --------------  -------------------  ----------------------
/opt/airflow/dags/dss150p_pipeline.py                           1           0  1.48s           2026-09-21T13:11:10                      12
================================================================================
[2026-09-21T13:11:54.688+0000] {manager.py:997} INFO - 
================================================================================
DAG File Processing Stats

File Path                              PID    Runtime      # DAGs    # Errors  Last Runtime    Last Run               Last # of DB Queries
-------------------------------------  -----  ---------  --------  ----------  --------------  -------------------  ----------------------
/opt/airflow/dags/dss150p_pipeline.py                           1           0  0.60s           2026-09-21T13:11:41                      12
================================================================================
[2026-09-21T13:11:58.022+0000] {manager.py:821} INFO - Searching for files in /opt/airflow/dags
[2026-09-21T13:11:58.326+0000] {manager.py:824} INFO - There are 1 files in /opt/airflow/dags
[2026-09-21T13:12:24.797+0000] {manager.py:997} INFO - 
================================================================================
DAG File Processing Stats

File Path                              PID    Runtime      # DAGs    # Errors  Last Runtime    Last Run               Last # of DB Queries
-------------------------------------  -----  ---------  --------  ----------  --------------  -------------------  ----------------------
/opt/airflow/dags/dss150p_pipeline.py                           1           0  2.71s           2026-09-21T13:12:15                      12
================================================================================
[2026-09-21T13:12:55.335+0000] {manager.py:997} INFO - 
================================================================================
DAG File Processing Stats

File Path                              PID    Runtime      # DAGs    # Errors  Last Runtime    Last Run               Last # of DB Queries
-------------------------------------  -----  ---------  --------  ----------  --------------  -------------------  ----------------------
/opt/airflow/dags/dss150p_pipeline.py                           1           0  0.47s           2026-09-21T13:12:46                      12
================================================================================
[2026-09-21T13:13:25.552+0000] {manager.py:997} INFO - 
================================================================================
DAG File Processing Stats

File Path                              PID    Runtime      # DAGs    # Errors  Last Runtime    Last Run               Last # of DB Queries
-------------------------------------  -----  ---------  --------  ----------  --------------  -------------------  ----------------------
/opt/airflow/dags/dss150p_pipeline.py                           1           0  0.69s           2026-09-21T13:13:18                      12
================================================================================
[2026-09-21T13:13:55.890+0000] {manager.py:997} INFO - 
================================================================================
DAG File Processing Stats

File Path                              PID    Runtime      # DAGs    # Errors  Last Runtime    Last Run               Last # of DB Queries
-------------------------------------  -----  ---------  --------  ----------  --------------  -------------------  ----------------------
/opt/airflow/dags/dss150p_pipeline.py                           1           0  0.82s           2026-09-21T13:13:49                      12
================================================================================
[2026-09-21T13:14:26.337+0000] {manager.py:997} INFO - 
================================================================================
DAG File Processing Stats

File Path                              PID    Runtime      # DAGs    # Errors  Last Runtime    Last Run               Last # of DB Queries
-------------------------------------  -----  ---------  --------  ----------  --------------  -------------------  ----------------------
/opt/airflow/dags/dss150p_pipeline.py                           1           0  0.63s           2026-09-21T13:14:20                      12
================================================================================
[2026-09-21T13:14:56.872+0000] {manager.py:997} INFO - 
================================================================================
DAG File Processing Stats

File Path                              PID    Runtime      # DAGs    # Errors  Last Runtime    Last Run               Last # of DB Queries
-------------------------------------  -----  ---------  --------  ----------  --------------  -------------------  ----------------------
/opt/airflow/dags/dss150p_pipeline.py                           1           0  0.64s           2026-09-21T13:14:51                      12
================================================================================
[2026-09-21T13:15:26.948+0000] {manager.py:997} INFO - 
================================================================================
DAG File Processing Stats

File Path                              PID    Runtime      # DAGs    # Errors  Last Runtime    Last Run               Last # of DB Queries
-------------------------------------  -----  ---------  --------  ----------  --------------  -------------------  ----------------------
/opt/airflow/dags/dss150p_pipeline.py                           1           0  0.47s           2026-09-21T13:15:22                      12
================================================================================
[2026-09-21T13:15:57.052+0000] {manager.py:997} INFO - 
================================================================================
DAG File Processing Stats

File Path                              PID    Runtime      # DAGs    # Errors  Last Runtime    Last Run               Last # of DB Queries
-------------------------------------  -----  ---------  --------  ----------  --------------  -------------------  ----------------------
/opt/airflow/dags/dss150p_pipeline.py                           1           0  0.48s           2026-09-21T13:15:54                      12
================================================================================
[2026-09-21T13:16:27.582+0000] {manager.py:997} INFO - 
================================================================================
DAG File Processing Stats

File Path                              PID    Runtime      # DAGs    # Errors  Last Runtime    Last Run               Last # of DB Queries
-------------------------------------  -----  ---------  --------  ----------  --------------  -------------------  ----------------------
/opt/airflow/dags/dss150p_pipeline.py                           1           0  0.53s           2026-09-21T13:16:24                      12
================================================================================
[2026-09-21T13:16:57.785+0000] {manager.py:997} INFO - 
================================================================================
DAG File Processing Stats

File Path                              PID    Runtime      # DAGs    # Errors  Last Runtime    Last Run               Last # of DB Queries
-------------------------------------  -----  ---------  --------  ----------  --------------  -------------------  ----------------------
/opt/airflow/dags/dss150p_pipeline.py                           1           0  1.27s           2026-09-21T13:16:56                      12
================================================================================
[2026-09-21T13:16:58.819+0000] {manager.py:821} INFO - Searching for files in /opt/airflow/dags
[2026-09-21T13:16:58.879+0000] {manager.py:824} INFO - There are 1 files in /opt/airflow/dags
[2026-09-21T13:17:27.819+0000] {manager.py:997} INFO - 
================================================================================
DAG File Processing Stats

File Path                                PID  Runtime      # DAGs    # Errors  Last Runtime    Last Run               Last # of DB Queries
-------------------------------------  -----  ---------  --------  ----------  --------------  -------------------  ----------------------
/opt/airflow/dags/dss150p_pipeline.py   1194  0.02s             1           0  1.27s           2026-09-21T13:16:56                      12
================================================================================
[2026-09-21T13:17:58.052+0000] {manager.py:997} INFO - 
================================================================================
DAG File Processing Stats

File Path                              PID    Runtime      # DAGs    # Errors  Last Runtime    Last Run               Last # of DB Queries
-------------------------------------  -----  ---------  --------  ----------  --------------  -------------------  ----------------------
/opt/airflow/dags/dss150p_pipeline.py                           1           0  1.80s           2026-09-21T13:17:29                      12
================================================================================
[2026-09-21T13:18:28.174+0000] {manager.py:997} INFO - 
================================================================================
DAG File Processing Stats

File Path                              PID    Runtime      # DAGs    # Errors  Last Runtime    Last Run               Last # of DB Queries
-------------------------------------  -----  ---------  --------  ----------  --------------  -------------------  ----------------------
/opt/airflow/dags/dss150p_pipeline.py                           1           0  0.41s           2026-09-21T13:18:00                      12
================================================================================
[2026-09-21T13:18:58.654+0000] {manager.py:997} INFO - 
================================================================================
DAG File Processing Stats

File Path                              PID    Runtime      # DAGs    # Errors  Last Runtime    Last Run               Last # of DB Queries
-------------------------------------  -----  ---------  --------  ----------  --------------  -------------------  ----------------------
/opt/airflow/dags/dss150p_pipeline.py                           1           0  1.77s           2026-09-21T13:18:32                      12
================================================================================
[2026-09-21T13:19:29.017+0000] {manager.py:997} INFO - 
================================================================================
DAG File Processing Stats

File Path                              PID    Runtime      # DAGs    # Errors  Last Runtime    Last Run               Last # of DB Queries
-------------------------------------  -----  ---------  --------  ----------  --------------  -------------------  ----------------------
/opt/airflow/dags/dss150p_pipeline.py                           1           0  0.74s           2026-09-21T13:19:04                      12
================================================================================
[2026-09-21T13:19:59.390+0000] {manager.py:997} INFO - 
================================================================================
DAG File Processing Stats

File Path                              PID    Runtime      # DAGs    # Errors  Last Runtime    Last Run               Last # of DB Queries
-------------------------------------  -----  ---------  --------  ----------  --------------  -------------------  ----------------------
/opt/airflow/dags/dss150p_pipeline.py                           1           0  3.04s           2026-09-21T13:19:37                      12
================================================================================
[2026-09-21T13:20:29.476+0000] {manager.py:997} INFO - 
================================================================================
DAG File Processing Stats

File Path                              PID    Runtime      # DAGs    # Errors  Last Runtime    Last Run               Last # of DB Queries
-------------------------------------  -----  ---------  --------  ----------  --------------  -------------------  ----------------------
/opt/airflow/dags/dss150p_pipeline.py                           1           0  0.87s           2026-09-21T13:20:08                      12
================================================================================
[2026-09-21T13:20:59.935+0000] {manager.py:997} INFO - 
================================================================================
DAG File Processing Stats

File Path                              PID    Runtime      # DAGs    # Errors  Last Runtime    Last Run               Last # of DB Queries
-------------------------------------  -----  ---------  --------  ----------  --------------  -------------------  ----------------------
/opt/airflow/dags/dss150p_pipeline.py                           1           0  1.32s           2026-09-21T13:20:40                      12
================================================================================
[2026-09-21T13:21:30.437+0000] {manager.py:997} INFO - 
================================================================================
DAG File Processing Stats

File Path                              PID    Runtime      # DAGs    # Errors  Last Runtime    Last Run               Last # of DB Queries
-------------------------------------  -----  ---------  --------  ----------  --------------  -------------------  ----------------------
/opt/airflow/dags/dss150p_pipeline.py                           1           0  1.51s           2026-09-21T13:21:11                      12
================================================================================
[2026-09-21T13:21:59.752+0000] {manager.py:821} INFO - Searching for files in /opt/airflow/dags
[2026-09-21T13:21:59.835+0000] {manager.py:824} INFO - There are 1 files in /opt/airflow/dags
[2026-09-21T13:22:00.896+0000] {manager.py:997} INFO - 
================================================================================
DAG File Processing Stats

File Path                              PID    Runtime      # DAGs    # Errors  Last Runtime    Last Run               Last # of DB Queries
-------------------------------------  -----  ---------  --------  ----------  --------------  -------------------  ----------------------
/opt/airflow/dags/dss150p_pipeline.py                           1           0  1.71s           2026-09-21T13:21:44                      12
================================================================================
[2026-09-21T13:22:31.009+0000] {manager.py:997} INFO - 
================================================================================
DAG File Processing Stats

File Path                              PID    Runtime      # DAGs    # Errors  Last Runtime    Last Run               Last # of DB Queries
-------------------------------------  -----  ---------  --------  ----------  --------------  -------------------  ----------------------
/opt/airflow/dags/dss150p_pipeline.py                           1           0  0.67s           2026-09-21T13:22:16                      12
================================================================================
[2026-09-21T13:23:01.691+0000] {manager.py:997} INFO - 
================================================================================
DAG File Processing Stats

File Path                              PID    Runtime      # DAGs    # Errors  Last Runtime    Last Run               Last # of DB Queries
-------------------------------------  -----  ---------  --------  ----------  --------------  -------------------  ----------------------
/opt/airflow/dags/dss150p_pipeline.py                           1           0  1.02s           2026-09-21T13:22:47                      12
================================================================================
[2026-09-21T13:23:32.345+0000] {manager.py:997} INFO - 
================================================================================
DAG File Processing Stats

File Path                              PID    Runtime      # DAGs    # Errors  Last Runtime    Last Run               Last # of DB Queries
-------------------------------------  -----  ---------  --------  ----------  --------------  -------------------  ----------------------
/opt/airflow/dags/dss150p_pipeline.py                           1           0  0.41s           2026-09-21T13:23:18                      12
================================================================================
[2026-09-21T13:24:02.990+0000] {manager.py:997} INFO - 
================================================================================
DAG File Processing Stats

File Path                              PID    Runtime      # DAGs    # Errors  Last Runtime    Last Run               Last # of DB Queries
-------------------------------------  -----  ---------  --------  ----------  --------------  -------------------  ----------------------
/opt/airflow/dags/dss150p_pipeline.py                           1           0  6.03s           2026-09-21T13:23:55                      12
================================================================================
[2026-09-21T13:24:33.060+0000] {manager.py:997} INFO - 
================================================================================
DAG File Processing Stats

File Path                              PID    Runtime      # DAGs    # Errors  Last Runtime    Last Run               Last # of DB Queries
-------------------------------------  -----  ---------  --------  ----------  --------------  -------------------  ----------------------
/opt/airflow/dags/dss150p_pipeline.py                           1           0  0.62s           2026-09-21T13:24:26                      12
================================================================================
[2026-09-21T13:25:03.963+0000] {manager.py:997} INFO - 
================================================================================
DAG File Processing Stats

File Path                              PID    Runtime      # DAGs    # Errors  Last Runtime    Last Run               Last # of DB Queries
-------------------------------------  -----  ---------  --------  ----------  --------------  -------------------  ----------------------
/opt/airflow/dags/dss150p_pipeline.py                           1           0  0.62s           2026-09-21T13:24:57                      12
================================================================================
[2026-09-21T13:25:34.408+0000] {manager.py:997} INFO - 
================================================================================
DAG File Processing Stats

File Path                              PID    Runtime      # DAGs    # Errors  Last Runtime    Last Run               Last # of DB Queries
-------------------------------------  -----  ---------  --------  ----------  --------------  -------------------  ----------------------
/opt/airflow/dags/dss150p_pipeline.py                           1           0  0.83s           2026-09-21T13:25:29                      12
================================================================================
[2026-09-21T13:26:05.437+0000] {manager.py:997} INFO - 
================================================================================
DAG File Processing Stats

File Path                              PID    Runtime      # DAGs    # Errors  Last Runtime    Last Run               Last # of DB Queries
-------------------------------------  -----  ---------  --------  ----------  --------------  -------------------  ----------------------
/opt/airflow/dags/dss150p_pipeline.py                           1           0  1.20s           2026-09-21T13:26:00                      12
================================================================================
[2026-09-21T13:26:35.546+0000] {manager.py:997} INFO - 
================================================================================
DAG File Processing Stats

File Path                              PID    Runtime      # DAGs    # Errors  Last Runtime    Last Run               Last # of DB Queries
-------------------------------------  -----  ---------  --------  ----------  --------------  -------------------  ----------------------
/opt/airflow/dags/dss150p_pipeline.py                           1           0  0.53s           2026-09-21T13:26:31                      12
================================================================================
[2026-09-21T13:27:00.392+0000] {manager.py:821} INFO - Searching for files in /opt/airflow/dags
[2026-09-21T13:27:00.550+0000] {manager.py:824} INFO - There are 1 files in /opt/airflow/dags
[2026-09-21T13:27:06.087+0000] {manager.py:997} INFO - 
================================================================================
DAG File Processing Stats

File Path                              PID    Runtime      # DAGs    # Errors  Last Runtime    Last Run               Last # of DB Queries
-------------------------------------  -----  ---------  --------  ----------  --------------  -------------------  ----------------------
/opt/airflow/dags/dss150p_pipeline.py                           1           0  1.59s           2026-09-21T13:27:04                      12
================================================================================
[2026-09-21T13:27:37.046+0000] {manager.py:997} INFO - 
================================================================================
DAG File Processing Stats

File Path                              PID    Runtime      # DAGs    # Errors  Last Runtime    Last Run               Last # of DB Queries
-------------------------------------  -----  ---------  --------  ----------  --------------  -------------------  ----------------------
/opt/airflow/dags/dss150p_pipeline.py                           1           0  0.42s           2026-09-21T13:27:35                      12
================================================================================
[2026-09-21T13:28:07.797+0000] {manager.py:997} INFO - 
================================================================================
DAG File Processing Stats

File Path                              PID    Runtime      # DAGs    # Errors  Last Runtime    Last Run               Last # of DB Queries
-------------------------------------  -----  ---------  --------  ----------  --------------  -------------------  ----------------------
/opt/airflow/dags/dss150p_pipeline.py                           1           0  0.41s           2026-09-21T13:28:05                      12
================================================================================
[2026-09-21T13:28:38.088+0000] {manager.py:997} INFO - 
================================================================================
DAG File Processing Stats

File Path                              PID    Runtime      # DAGs    # Errors  Last Runtime    Last Run               Last # of DB Queries
-------------------------------------  -----  ---------  --------  ----------  --------------  -------------------  ----------------------
/opt/airflow/dags/dss150p_pipeline.py                           1           0  0.64s           2026-09-21T13:28:36                      12
================================================================================
[2026-09-21T13:29:08.696+0000] {manager.py:997} INFO - 
================================================================================
DAG File Processing Stats

File Path                                PID  Runtime      # DAGs    # Errors  Last Runtime    Last Run               Last # of DB Queries
-------------------------------------  -----  ---------  --------  ----------  --------------  -------------------  ----------------------
/opt/airflow/dags/dss150p_pipeline.py   1336  1.29s             1           0  0.64s           2026-09-21T13:28:36                      12
================================================================================
[2026-09-21T13:29:39.376+0000] {manager.py:997} INFO - 
================================================================================
DAG File Processing Stats

File Path                              PID    Runtime      # DAGs    # Errors  Last Runtime    Last Run               Last # of DB Queries
-------------------------------------  -----  ---------  --------  ----------  --------------  -------------------  ----------------------
/opt/airflow/dags/dss150p_pipeline.py                           1           0  2.60s           2026-09-21T13:29:09                      12
================================================================================
[2026-09-21T13:30:09.459+0000] {manager.py:997} INFO - 
================================================================================
DAG File Processing Stats

File Path                              PID    Runtime      # DAGs    # Errors  Last Runtime    Last Run               Last # of DB Queries
-------------------------------------  -----  ---------  --------  ----------  --------------  -------------------  ----------------------
/opt/airflow/dags/dss150p_pipeline.py                           1           0  0.58s           2026-09-21T13:29:40                      12
================================================================================
[2026-09-21T13:30:39.914+0000] {manager.py:997} INFO - 
================================================================================
DAG File Processing Stats

File Path                              PID    Runtime      # DAGs    # Errors  Last Runtime    Last Run               Last # of DB Queries
-------------------------------------  -----  ---------  --------  ----------  --------------  -------------------  ----------------------
/opt/airflow/dags/dss150p_pipeline.py                           1           0  1.32s           2026-09-21T13:30:13                      12
================================================================================
[2026-09-21T13:31:10.252+0000] {manager.py:997} INFO - 
================================================================================
DAG File Processing Stats

File Path                              PID    Runtime      # DAGs    # Errors  Last Runtime    Last Run               Last # of DB Queries
-------------------------------------  -----  ---------  --------  ----------  --------------  -------------------  ----------------------
/opt/airflow/dags/dss150p_pipeline.py                           1           0  1.14s           2026-09-21T13:30:46                      12
================================================================================
[2026-09-21T13:31:40.694+0000] {manager.py:997} INFO - 
================================================================================
DAG File Processing Stats

File Path                              PID    Runtime      # DAGs    # Errors  Last Runtime    Last Run               Last # of DB Queries
-------------------------------------  -----  ---------  --------  ----------  --------------  -------------------  ----------------------
/opt/airflow/dags/dss150p_pipeline.py                           1           0  1.63s           2026-09-21T13:31:18                      12
================================================================================
[2026-09-21T13:32:00.910+0000] {manager.py:821} INFO - Searching for files in /opt/airflow/dags
[2026-09-21T13:32:00.961+0000] {manager.py:824} INFO - There are 1 files in /opt/airflow/dags
[2026-09-21T13:32:11.093+0000] {manager.py:997} INFO - 
================================================================================
DAG File Processing Stats

File Path                              PID    Runtime      # DAGs    # Errors  Last Runtime    Last Run               Last # of DB Queries
-------------------------------------  -----  ---------  --------  ----------  --------------  -------------------  ----------------------
/opt/airflow/dags/dss150p_pipeline.py                           1           0  2.61s           2026-09-21T13:31:53                      34
================================================================================
[2026-09-21T13:32:41.558+0000] {manager.py:997} INFO - 
================================================================================
DAG File Processing Stats

File Path                              PID    Runtime      # DAGs    # Errors  Last Runtime    Last Run               Last # of DB Queries
-------------------------------------  -----  ---------  --------  ----------  --------------  -------------------  ----------------------
/opt/airflow/dags/dss150p_pipeline.py                           1           0  0.51s           2026-09-21T13:32:24                      12
================================================================================
[2026-09-21T13:33:11.777+0000] {manager.py:997} INFO - 
================================================================================
DAG File Processing Stats

File Path                              PID    Runtime      # DAGs    # Errors  Last Runtime    Last Run               Last # of DB Queries
-------------------------------------  -----  ---------  --------  ----------  --------------  -------------------  ----------------------
/opt/airflow/dags/dss150p_pipeline.py                           1           0  2.04s           2026-09-21T13:32:57                      12
================================================================================
[2026-09-21T13:33:42.070+0000] {manager.py:997} INFO - 
================================================================================
DAG File Processing Stats

File Path                              PID    Runtime      # DAGs    # Errors  Last Runtime    Last Run               Last # of DB Queries
-------------------------------------  -----  ---------  --------  ----------  --------------  -------------------  ----------------------
/opt/airflow/dags/dss150p_pipeline.py                           1           0  0.40s           2026-09-21T13:33:27                      12
================================================================================
[2026-09-21T13:34:12.495+0000] {manager.py:997} INFO - 
================================================================================
DAG File Processing Stats

File Path                              PID    Runtime      # DAGs    # Errors  Last Runtime    Last Run               Last # of DB Queries
-------------------------------------  -----  ---------  --------  ----------  --------------  -------------------  ----------------------
/opt/airflow/dags/dss150p_pipeline.py                           1           0  0.68s           2026-09-21T13:33:58                      12
================================================================================
[2026-09-21T13:34:43.255+0000] {manager.py:997} INFO - 
================================================================================
DAG File Processing Stats

File Path                              PID    Runtime      # DAGs    # Errors  Last Runtime    Last Run               Last # of DB Queries
-------------------------------------  -----  ---------  --------  ----------  --------------  -------------------  ----------------------
/opt/airflow/dags/dss150p_pipeline.py                           1           0  0.53s           2026-09-21T13:34:29                      12
================================================================================
[2026-09-21T13:35:14.100+0000] {manager.py:997} INFO - 
================================================================================
DAG File Processing Stats

File Path                              PID    Runtime      # DAGs    # Errors  Last Runtime    Last Run               Last # of DB Queries
-------------------------------------  -----  ---------  --------  ----------  --------------  -------------------  ----------------------
/opt/airflow/dags/dss150p_pipeline.py                           1           0  0.45s           2026-09-21T13:34:59                      12
================================================================================
[2026-09-21T13:35:44.253+0000] {manager.py:997} INFO - 
================================================================================
DAG File Processing Stats

File Path                              PID    Runtime      # DAGs    # Errors  Last Runtime    Last Run               Last # of DB Queries
-------------------------------------  -----  ---------  --------  ----------  --------------  -------------------  ----------------------
/opt/airflow/dags/dss150p_pipeline.py                           1           0  0.89s           2026-09-21T13:35:31                      12
================================================================================
[2026-09-21T13:36:14.285+0000] {manager.py:997} INFO - 
================================================================================
DAG File Processing Stats

File Path                              PID    Runtime      # DAGs    # Errors  Last Runtime    Last Run               Last # of DB Queries
-------------------------------------  -----  ---------  --------  ----------  --------------  -------------------  ----------------------
/opt/airflow/dags/dss150p_pipeline.py                           1           0  1.48s           2026-09-21T13:36:03                      12
================================================================================
[2026-09-21T13:36:44.593+0000] {manager.py:997} INFO - 
================================================================================
DAG File Processing Stats

File Path                              PID    Runtime      # DAGs    # Errors  Last Runtime    Last Run               Last # of DB Queries
-------------------------------------  -----  ---------  --------  ----------  --------------  -------------------  ----------------------
/opt/airflow/dags/dss150p_pipeline.py                           1           0  1.38s           2026-09-21T13:36:35                      12
================================================================================
[2026-09-21T13:37:01.522+0000] {manager.py:821} INFO - Searching for files in /opt/airflow/dags
[2026-09-21T13:37:01.620+0000] {manager.py:824} INFO - There are 1 files in /opt/airflow/dags
[2026-09-21T13:37:15.324+0000] {manager.py:997} INFO - 
================================================================================
DAG File Processing Stats

File Path                              PID    Runtime      # DAGs    # Errors  Last Runtime    Last Run               Last # of DB Queries
-------------------------------------  -----  ---------  --------  ----------  --------------  -------------------  ----------------------
/opt/airflow/dags/dss150p_pipeline.py                           1           0  1.40s           2026-09-21T13:37:07                      12
================================================================================
[2026-09-21T13:37:46.006+0000] {manager.py:997} INFO - 
================================================================================
DAG File Processing Stats

File Path                              PID    Runtime      # DAGs    # Errors  Last Runtime    Last Run               Last # of DB Queries
-------------------------------------  -----  ---------  --------  ----------  --------------  -------------------  ----------------------
/opt/airflow/dags/dss150p_pipeline.py                           1           0  3.11s           2026-09-21T13:37:40                      12
================================================================================
[2026-09-21T13:38:16.528+0000] {manager.py:997} INFO - 
================================================================================
DAG File Processing Stats

File Path                              PID    Runtime      # DAGs    # Errors  Last Runtime    Last Run               Last # of DB Queries
-------------------------------------  -----  ---------  --------  ----------  --------------  -------------------  ----------------------
/opt/airflow/dags/dss150p_pipeline.py                           1           0  0.88s           2026-09-21T13:38:12                      12
================================================================================
[2026-09-21T13:38:46.954+0000] {manager.py:997} INFO - 
================================================================================
DAG File Processing Stats

File Path                              PID    Runtime      # DAGs    # Errors  Last Runtime    Last Run               Last # of DB Queries
-------------------------------------  -----  ---------  --------  ----------  --------------  -------------------  ----------------------
/opt/airflow/dags/dss150p_pipeline.py                           1           0  0.57s           2026-09-21T13:38:43                      12
================================================================================
[2026-09-21T13:39:17.491+0000] {manager.py:997} INFO - 
================================================================================
DAG File Processing Stats

File Path                              PID    Runtime      # DAGs    # Errors  Last Runtime    Last Run               Last # of DB Queries
-------------------------------------  -----  ---------  --------  ----------  --------------  -------------------  ----------------------
/opt/airflow/dags/dss150p_pipeline.py                           1           0  0.98s           2026-09-21T13:39:14                      12
================================================================================
[2026-09-21T13:39:48.201+0000] {manager.py:997} INFO - 
================================================================================
DAG File Processing Stats

File Path                              PID    Runtime      # DAGs    # Errors  Last Runtime    Last Run               Last # of DB Queries
-------------------------------------  -----  ---------  --------  ----------  --------------  -------------------  ----------------------
/opt/airflow/dags/dss150p_pipeline.py                           1           0  0.42s           2026-09-21T13:39:45                      12
================================================================================
[2026-09-21T13:40:18.405+0000] {manager.py:997} INFO - 
================================================================================
DAG File Processing Stats

File Path                              PID    Runtime      # DAGs    # Errors  Last Runtime    Last Run               Last # of DB Queries
-------------------------------------  -----  ---------  --------  ----------  --------------  -------------------  ----------------------
/opt/airflow/dags/dss150p_pipeline.py                           1           0  0.62s           2026-09-21T13:40:16                      12
================================================================================
[2026-09-21T13:40:48.491+0000] {manager.py:997} INFO - 
================================================================================
DAG File Processing Stats

File Path                              PID    Runtime      # DAGs    # Errors  Last Runtime    Last Run               Last # of DB Queries
-------------------------------------  -----  ---------  --------  ----------  --------------  -------------------  ----------------------
/opt/airflow/dags/dss150p_pipeline.py                           1           0  0.91s           2026-09-21T13:40:48                      12
================================================================================
[2026-09-21T13:41:18.720+0000] {manager.py:997} INFO - 
================================================================================
DAG File Processing Stats

File Path                                PID  Runtime      # DAGs    # Errors  Last Runtime    Last Run               Last # of DB Queries
-------------------------------------  -----  ---------  --------  ----------  --------------  -------------------  ----------------------
/opt/airflow/dags/dss150p_pipeline.py   1542  0.02s             1           0  0.91s           2026-09-21T13:40:48                      12
================================================================================
[2026-09-21T13:41:49.401+0000] {manager.py:997} INFO - 
================================================================================
DAG File Processing Stats

File Path                                PID  Runtime      # DAGs    # Errors  Last Runtime    Last Run               Last # of DB Queries
-------------------------------------  -----  ---------  --------  ----------  --------------  -------------------  ----------------------
/opt/airflow/dags/dss150p_pipeline.py   1547  0.03s             1           0  0.42s           2026-09-21T13:41:19                      12
================================================================================
[2026-09-21T13:42:01.831+0000] {manager.py:821} INFO - Searching for files in /opt/airflow/dags
[2026-09-21T13:42:01.881+0000] {manager.py:824} INFO - There are 1 files in /opt/airflow/dags
[2026-09-21T13:42:19.929+0000] {manager.py:997} INFO - 
================================================================================
DAG File Processing Stats

File Path                              PID    Runtime      # DAGs    # Errors  Last Runtime    Last Run               Last # of DB Queries
-------------------------------------  -----  ---------  --------  ----------  --------------  -------------------  ----------------------
/opt/airflow/dags/dss150p_pipeline.py                           1           0  0.75s           2026-09-21T13:41:50                      12
================================================================================
[2026-09-21T13:42:50.663+0000] {manager.py:997} INFO - 
================================================================================
DAG File Processing Stats

File Path                              PID    Runtime      # DAGs    # Errors  Last Runtime    Last Run               Last # of DB Queries
-------------------------------------  -----  ---------  --------  ----------  --------------  -------------------  ----------------------
/opt/airflow/dags/dss150p_pipeline.py                           1           0  0.79s           2026-09-21T13:42:21                      12
================================================================================
[2026-09-21T13:43:21.475+0000] {manager.py:997} INFO - 
================================================================================
DAG File Processing Stats

File Path                              PID    Runtime      # DAGs    # Errors  Last Runtime    Last Run               Last # of DB Queries
-------------------------------------  -----  ---------  --------  ----------  --------------  -------------------  ----------------------
/opt/airflow/dags/dss150p_pipeline.py                           1           0  0.49s           2026-09-21T13:42:52                      12
================================================================================
[2026-09-21T13:43:51.968+0000] {manager.py:997} INFO - 
================================================================================
DAG File Processing Stats

File Path                              PID    Runtime      # DAGs    # Errors  Last Runtime    Last Run               Last # of DB Queries
-------------------------------------  -----  ---------  --------  ----------  --------------  -------------------  ----------------------
/opt/airflow/dags/dss150p_pipeline.py                           1           0  0.38s           2026-09-21T13:43:22                      12
================================================================================
[2026-09-21T13:44:21.989+0000] {manager.py:997} INFO - 
================================================================================
DAG File Processing Stats

File Path                              PID    Runtime      # DAGs    # Errors  Last Runtime    Last Run               Last # of DB Queries
-------------------------------------  -----  ---------  --------  ----------  --------------  -------------------  ----------------------
/opt/airflow/dags/dss150p_pipeline.py                           1           0  0.36s           2026-09-21T13:43:53                      12
================================================================================
[2026-09-21T13:44:52.079+0000] {manager.py:997} INFO - 
================================================================================
DAG File Processing Stats

File Path                              PID    Runtime      # DAGs    # Errors  Last Runtime    Last Run               Last # of DB Queries
-------------------------------------  -----  ---------  --------  ----------  --------------  -------------------  ----------------------
/opt/airflow/dags/dss150p_pipeline.py                           1           0  0.55s           2026-09-21T13:44:24                      12
================================================================================
[2026-09-21T13:45:22.516+0000] {manager.py:997} INFO - 
================================================================================
DAG File Processing Stats

File Path                              PID    Runtime      # DAGs    # Errors  Last Runtime    Last Run               Last # of DB Queries
-------------------------------------  -----  ---------  --------  ----------  --------------  -------------------  ----------------------
/opt/airflow/dags/dss150p_pipeline.py                           1           0  2.58s           2026-09-21T13:44:58                      12
================================================================================
[2026-09-21T13:45:53.363+0000] {manager.py:997} INFO - 
================================================================================
DAG File Processing Stats

File Path                              PID    Runtime      # DAGs    # Errors  Last Runtime    Last Run               Last # of DB Queries
-------------------------------------  -----  ---------  --------  ----------  --------------  -------------------  ----------------------
/opt/airflow/dags/dss150p_pipeline.py                           1           0  1.12s           2026-09-21T13:45:30                      12
================================================================================
[2026-09-21T13:46:23.552+0000] {manager.py:997} INFO - 
================================================================================
DAG File Processing Stats

File Path                              PID    Runtime      # DAGs    # Errors  Last Runtime    Last Run               Last # of DB Queries
-------------------------------------  -----  ---------  --------  ----------  --------------  -------------------  ----------------------
/opt/airflow/dags/dss150p_pipeline.py                           1           0  0.56s           2026-09-21T13:46:01                      12
================================================================================
[2026-09-21T13:46:54.440+0000] {manager.py:997} INFO - 
================================================================================
DAG File Processing Stats

File Path                              PID    Runtime      # DAGs    # Errors  Last Runtime    Last Run               Last # of DB Queries
-------------------------------------  -----  ---------  --------  ----------  --------------  -------------------  ----------------------
/opt/airflow/dags/dss150p_pipeline.py                           1           0  11.66s          2026-09-21T13:46:45                      12
================================================================================
[2026-09-21T13:47:02.458+0000] {manager.py:821} INFO - Searching for files in /opt/airflow/dags
[2026-09-21T13:47:03.783+0000] {manager.py:824} INFO - There are 1 files in /opt/airflow/dags
[2026-09-21T13:47:25.105+0000] {manager.py:997} INFO - 
================================================================================
DAG File Processing Stats

File Path                              PID    Runtime      # DAGs    # Errors  Last Runtime    Last Run               Last # of DB Queries
-------------------------------------  -----  ---------  --------  ----------  --------------  -------------------  ----------------------
/opt/airflow/dags/dss150p_pipeline.py                           1           0  0.75s           2026-09-21T13:47:16                      12
================================================================================
[2026-09-21T13:47:55.993+0000] {manager.py:997} INFO - 
================================================================================
DAG File Processing Stats

File Path                                PID  Runtime      # DAGs    # Errors  Last Runtime    Last Run               Last # of DB Queries
-------------------------------------  -----  ---------  --------  ----------  --------------  -------------------  ----------------------
/opt/airflow/dags/dss150p_pipeline.py   1623  0.01s             1           0  0.37s           2026-09-21T13:47:46                      12
================================================================================
[2026-09-21T13:48:26.586+0000] {manager.py:997} INFO - 
================================================================================
DAG File Processing Stats

File Path                              PID    Runtime      # DAGs    # Errors  Last Runtime    Last Run               Last # of DB Queries
-------------------------------------  -----  ---------  --------  ----------  --------------  -------------------  ----------------------
/opt/airflow/dags/dss150p_pipeline.py                           1           0  7.19s           2026-09-21T13:48:03                      34
================================================================================
[2026-09-21T13:48:56.843+0000] {manager.py:997} INFO - 
================================================================================
DAG File Processing Stats

File Path                              PID    Runtime      # DAGs    # Errors  Last Runtime    Last Run               Last # of DB Queries
-------------------------------------  -----  ---------  --------  ----------  --------------  -------------------  ----------------------
/opt/airflow/dags/dss150p_pipeline.py                           1           0  0.69s           2026-09-21T13:48:34                      12
================================================================================
[2026-09-21T13:49:27.471+0000] {manager.py:997} INFO - 
================================================================================
DAG File Processing Stats

File Path                              PID    Runtime      # DAGs    # Errors  Last Runtime    Last Run               Last # of DB Queries
-------------------------------------  -----  ---------  --------  ----------  --------------  -------------------  ----------------------
/opt/airflow/dags/dss150p_pipeline.py                           1           0  0.51s           2026-09-21T13:49:05                      12
================================================================================
[2026-09-21T13:49:58.055+0000] {manager.py:997} INFO - 
================================================================================
DAG File Processing Stats

File Path                              PID    Runtime      # DAGs    # Errors  Last Runtime    Last Run               Last # of DB Queries
-------------------------------------  -----  ---------  --------  ----------  --------------  -------------------  ----------------------
/opt/airflow/dags/dss150p_pipeline.py                           1           0  0.38s           2026-09-21T13:49:35                      12
================================================================================
[2026-09-21T13:50:28.355+0000] {manager.py:997} INFO - 
================================================================================
DAG File Processing Stats

File Path                              PID    Runtime      # DAGs    # Errors  Last Runtime    Last Run               Last # of DB Queries
-------------------------------------  -----  ---------  --------  ----------  --------------  -------------------  ----------------------
/opt/airflow/dags/dss150p_pipeline.py                           1           0  0.40s           2026-09-21T13:50:06                      12
================================================================================
[2026-09-21T13:50:58.640+0000] {manager.py:997} INFO - 
================================================================================
DAG File Processing Stats

File Path                              PID    Runtime      # DAGs    # Errors  Last Runtime    Last Run               Last # of DB Queries
-------------------------------------  -----  ---------  --------  ----------  --------------  -------------------  ----------------------
/opt/airflow/dags/dss150p_pipeline.py                           1           0  0.88s           2026-09-21T13:50:37                      12
================================================================================
[2026-09-21T13:51:29.273+0000] {manager.py:997} INFO - 
================================================================================
DAG File Processing Stats

File Path                              PID    Runtime      # DAGs    # Errors  Last Runtime    Last Run               Last # of DB Queries
-------------------------------------  -----  ---------  --------  ----------  --------------  -------------------  ----------------------
/opt/airflow/dags/dss150p_pipeline.py                           1           0  0.47s           2026-09-21T13:51:08                      12
================================================================================
[2026-09-21T13:51:59.627+0000] {manager.py:997} INFO - 
================================================================================
DAG File Processing Stats

File Path                              PID    Runtime      # DAGs    # Errors  Last Runtime    Last Run               Last # of DB Queries
-------------------------------------  -----  ---------  --------  ----------  --------------  -------------------  ----------------------
/opt/airflow/dags/dss150p_pipeline.py                           1           0  2.52s           2026-09-21T13:51:42                      12
================================================================================
[2026-09-21T13:52:02.901+0000] {manager.py:821} INFO - Searching for files in /opt/airflow/dags
[2026-09-21T13:52:03.026+0000] {manager.py:824} INFO - There are 1 files in /opt/airflow/dags
[2026-09-21T13:52:30.670+0000] {manager.py:997} INFO - 
================================================================================
DAG File Processing Stats

File Path                              PID    Runtime      # DAGs    # Errors  Last Runtime    Last Run               Last # of DB Queries
-------------------------------------  -----  ---------  --------  ----------  --------------  -------------------  ----------------------
/opt/airflow/dags/dss150p_pipeline.py                           1           0  0.36s           2026-09-21T13:52:12                      12
================================================================================
[2026-09-21T13:53:00.961+0000] {manager.py:997} INFO - 
================================================================================
DAG File Processing Stats

File Path                              PID    Runtime      # DAGs    # Errors  Last Runtime    Last Run               Last # of DB Queries
-------------------------------------  -----  ---------  --------  ----------  --------------  -------------------  ----------------------
/opt/airflow/dags/dss150p_pipeline.py                           1           0  0.97s           2026-09-21T13:52:54                      34
================================================================================
[2026-09-21T13:53:31.040+0000] {manager.py:997} INFO - 
================================================================================
DAG File Processing Stats

File Path                              PID    Runtime      # DAGs    # Errors  Last Runtime    Last Run               Last # of DB Queries
-------------------------------------  -----  ---------  --------  ----------  --------------  -------------------  ----------------------
/opt/airflow/dags/dss150p_pipeline.py                           1           0  0.98s           2026-09-21T13:53:26                      12
================================================================================
[2026-09-21T13:54:01.621+0000] {manager.py:997} INFO - 
================================================================================
DAG File Processing Stats

File Path                              PID    Runtime      # DAGs    # Errors  Last Runtime    Last Run               Last # of DB Queries
-------------------------------------  -----  ---------  --------  ----------  --------------  -------------------  ----------------------
/opt/airflow/dags/dss150p_pipeline.py                           1           0  0.75s           2026-09-21T13:53:57                      12
================================================================================
[2026-09-21T13:54:31.918+0000] {manager.py:997} INFO - 
================================================================================
DAG File Processing Stats

File Path                              PID    Runtime      # DAGs    # Errors  Last Runtime    Last Run               Last # of DB Queries
-------------------------------------  -----  ---------  --------  ----------  --------------  -------------------  ----------------------
/opt/airflow/dags/dss150p_pipeline.py                           1           0  0.80s           2026-09-21T13:54:28                      12
================================================================================
[2026-09-21T13:55:02.116+0000] {manager.py:997} INFO - 
================================================================================
DAG File Processing Stats

File Path                              PID    Runtime      # DAGs    # Errors  Last Runtime    Last Run               Last # of DB Queries
-------------------------------------  -----  ---------  --------  ----------  --------------  -------------------  ----------------------
/opt/airflow/dags/dss150p_pipeline.py                           1           0  0.90s           2026-09-21T13:55:00                      12
================================================================================
[2026-09-21T13:55:32.841+0000] {manager.py:997} INFO - 
================================================================================
DAG File Processing Stats

File Path                              PID    Runtime      # DAGs    # Errors  Last Runtime    Last Run               Last # of DB Queries
-------------------------------------  -----  ---------  --------  ----------  --------------  -------------------  ----------------------
/opt/airflow/dags/dss150p_pipeline.py                           1           0  1.19s           2026-09-21T13:55:31                      12
================================================================================
[2026-09-21T13:56:03.869+0000] {manager.py:997} INFO - 
================================================================================
DAG File Processing Stats

File Path                                PID  Runtime      # DAGs    # Errors  Last Runtime    Last Run               Last # of DB Queries
-------------------------------------  -----  ---------  --------  ----------  --------------  -------------------  ----------------------
/opt/airflow/dags/dss150p_pipeline.py   1838  1.09s             1           0  1.19s           2026-09-21T13:55:31                      12
================================================================================
[2026-09-21T13:56:33.968+0000] {manager.py:997} INFO - 
================================================================================
DAG File Processing Stats

File Path                              PID    Runtime      # DAGs    # Errors  Last Runtime    Last Run               Last # of DB Queries
-------------------------------------  -----  ---------  --------  ----------  --------------  -------------------  ----------------------
/opt/airflow/dags/dss150p_pipeline.py                           1           0  5.63s           2026-09-21T13:56:08                      12
================================================================================
[2026-09-21T13:57:03.328+0000] {manager.py:821} INFO - Searching for files in /opt/airflow/dags
[2026-09-21T13:57:03.412+0000] {manager.py:824} INFO - There are 1 files in /opt/airflow/dags
[2026-09-21T13:57:04.469+0000] {manager.py:997} INFO - 
================================================================================
DAG File Processing Stats

File Path                              PID    Runtime      # DAGs    # Errors  Last Runtime    Last Run               Last # of DB Queries
-------------------------------------  -----  ---------  --------  ----------  --------------  -------------------  ----------------------
/opt/airflow/dags/dss150p_pipeline.py                           1           0  1.22s           2026-09-21T13:56:39                      12
================================================================================
[2026-09-21T13:57:35.016+0000] {manager.py:997} INFO - 
================================================================================
DAG File Processing Stats

File Path                              PID    Runtime      # DAGs    # Errors  Last Runtime    Last Run               Last # of DB Queries
-------------------------------------  -----  ---------  --------  ----------  --------------  -------------------  ----------------------
/opt/airflow/dags/dss150p_pipeline.py                           1           0  0.32s           2026-09-21T13:57:10                      12
================================================================================
[2026-09-21T13:58:05.559+0000] {manager.py:997} INFO - 
================================================================================
DAG File Processing Stats

File Path                              PID    Runtime      # DAGs    # Errors  Last Runtime    Last Run               Last # of DB Queries
-------------------------------------  -----  ---------  --------  ----------  --------------  -------------------  ----------------------
/opt/airflow/dags/dss150p_pipeline.py                           1           0  0.44s           2026-09-21T13:57:41                      12
================================================================================
[2026-09-21T13:58:35.703+0000] {manager.py:997} INFO - 
================================================================================
DAG File Processing Stats

File Path                              PID    Runtime      # DAGs    # Errors  Last Runtime    Last Run               Last # of DB Queries
-------------------------------------  -----  ---------  --------  ----------  --------------  -------------------  ----------------------
/opt/airflow/dags/dss150p_pipeline.py                           1           0  0.37s           2026-09-21T13:58:12                      12
================================================================================
[2026-09-21T13:59:06.318+0000] {manager.py:997} INFO - 
================================================================================
DAG File Processing Stats

File Path                              PID    Runtime      # DAGs    # Errors  Last Runtime    Last Run               Last # of DB Queries
-------------------------------------  -----  ---------  --------  ----------  --------------  -------------------  ----------------------
/opt/airflow/dags/dss150p_pipeline.py                           1           0  0.69s           2026-09-21T13:58:42                      12
================================================================================
[2026-09-21T13:59:36.336+0000] {manager.py:997} INFO - 
================================================================================
DAG File Processing Stats

File Path                              PID    Runtime      # DAGs    # Errors  Last Runtime    Last Run               Last # of DB Queries
-------------------------------------  -----  ---------  --------  ----------  --------------  -------------------  ----------------------
/opt/airflow/dags/dss150p_pipeline.py                           1           0  0.56s           2026-09-21T13:59:13                      12
================================================================================
[2026-09-21T14:00:06.377+0000] {manager.py:997} INFO - 
================================================================================
DAG File Processing Stats

File Path                              PID    Runtime      # DAGs    # Errors  Last Runtime    Last Run               Last # of DB Queries
-------------------------------------  -----  ---------  --------  ----------  --------------  -------------------  ----------------------
/opt/airflow/dags/dss150p_pipeline.py                           1           0  0.35s           2026-09-21T13:59:44                      12
================================================================================
[2026-09-21T14:00:36.767+0000] {manager.py:997} INFO - 
================================================================================
DAG File Processing Stats

File Path                              PID    Runtime      # DAGs    # Errors  Last Runtime    Last Run               Last # of DB Queries
-------------------------------------  -----  ---------  --------  ----------  --------------  -------------------  ----------------------
/opt/airflow/dags/dss150p_pipeline.py                           1           0  0.28s           2026-09-21T14:00:15                      12
================================================================================
[2026-09-21T14:01:07.460+0000] {manager.py:997} INFO - 
================================================================================
DAG File Processing Stats

File Path                              PID    Runtime      # DAGs    # Errors  Last Runtime    Last Run               Last # of DB Queries
-------------------------------------  -----  ---------  --------  ----------  --------------  -------------------  ----------------------
/opt/airflow/dags/dss150p_pipeline.py                           1           0  0.39s           2026-09-21T14:00:46                      12
================================================================================
[2026-09-21T14:01:37.645+0000] {manager.py:997} INFO - 
================================================================================
DAG File Processing Stats

File Path                              PID    Runtime      # DAGs    # Errors  Last Runtime    Last Run               Last # of DB Queries
-------------------------------------  -----  ---------  --------  ----------  --------------  -------------------  ----------------------
/opt/airflow/dags/dss150p_pipeline.py                           1           0  0.35s           2026-09-21T14:01:16                      12
================================================================================
[2026-09-21T14:02:03.580+0000] {manager.py:821} INFO - Searching for files in /opt/airflow/dags
[2026-09-21T14:02:03.630+0000] {manager.py:824} INFO - There are 1 files in /opt/airflow/dags
[2026-09-21T14:02:08.066+0000] {manager.py:997} INFO - 
================================================================================
DAG File Processing Stats

File Path                              PID    Runtime      # DAGs    # Errors  Last Runtime    Last Run               Last # of DB Queries
-------------------------------------  -----  ---------  --------  ----------  --------------  -------------------  ----------------------
/opt/airflow/dags/dss150p_pipeline.py                           1           0  0.45s           2026-09-21T14:01:47                      12
================================================================================
[2026-09-21T14:02:38.117+0000] {manager.py:997} INFO - 
================================================================================
DAG File Processing Stats

File Path                              PID    Runtime      # DAGs    # Errors  Last Runtime    Last Run               Last # of DB Queries
-------------------------------------  -----  ---------  --------  ----------  --------------  -------------------  ----------------------
/opt/airflow/dags/dss150p_pipeline.py                           1           0  0.43s           2026-09-21T14:02:18                      12
================================================================================
[2026-09-21T14:03:08.824+0000] {manager.py:997} INFO - 
================================================================================
DAG File Processing Stats

File Path                              PID    Runtime      # DAGs    # Errors  Last Runtime    Last Run               Last # of DB Queries
-------------------------------------  -----  ---------  --------  ----------  --------------  -------------------  ----------------------
/opt/airflow/dags/dss150p_pipeline.py                           1           0  4.37s           2026-09-21T14:02:54                      12
================================================================================
[2026-09-21T14:03:39.023+0000] {manager.py:997} INFO - 
================================================================================
DAG File Processing Stats

File Path                              PID    Runtime      # DAGs    # Errors  Last Runtime    Last Run               Last # of DB Queries
-------------------------------------  -----  ---------  --------  ----------  --------------  -------------------  ----------------------
/opt/airflow/dags/dss150p_pipeline.py                           1           0  0.69s           2026-09-21T14:03:25                      12
================================================================================
[2026-09-21T14:04:09.132+0000] {manager.py:997} INFO - 
================================================================================
DAG File Processing Stats

File Path                              PID    Runtime      # DAGs    # Errors  Last Runtime    Last Run               Last # of DB Queries
-------------------------------------  -----  ---------  --------  ----------  --------------  -------------------  ----------------------
/opt/airflow/dags/dss150p_pipeline.py                           1           0  0.34s           2026-09-21T14:03:56                      12
================================================================================
[2026-09-21T14:04:39.994+0000] {manager.py:997} INFO - 
================================================================================
DAG File Processing Stats

File Path                              PID    Runtime      # DAGs    # Errors  Last Runtime    Last Run               Last # of DB Queries
-------------------------------------  -----  ---------  --------  ----------  --------------  -------------------  ----------------------
/opt/airflow/dags/dss150p_pipeline.py                           1           0  0.42s           2026-09-21T14:04:26                      12
================================================================================
[2026-09-21T14:05:10.400+0000] {manager.py:997} INFO - 
================================================================================
DAG File Processing Stats

File Path                              PID    Runtime      # DAGs    # Errors  Last Runtime    Last Run               Last # of DB Queries
-------------------------------------  -----  ---------  --------  ----------  --------------  -------------------  ----------------------
/opt/airflow/dags/dss150p_pipeline.py                           1           0  0.52s           2026-09-21T14:04:58                      12
================================================================================
[2026-09-21T14:05:40.899+0000] {manager.py:997} INFO - 
================================================================================
DAG File Processing Stats

File Path                              PID    Runtime      # DAGs    # Errors  Last Runtime    Last Run               Last # of DB Queries
-------------------------------------  -----  ---------  --------  ----------  --------------  -------------------  ----------------------
/opt/airflow/dags/dss150p_pipeline.py                           1           0  0.31s           2026-09-21T14:05:29                      12
================================================================================
[2026-09-21T14:06:11.003+0000] {manager.py:997} INFO - 
================================================================================
DAG File Processing Stats

File Path                              PID    Runtime      # DAGs    # Errors  Last Runtime    Last Run               Last # of DB Queries
-------------------------------------  -----  ---------  --------  ----------  --------------  -------------------  ----------------------
/opt/airflow/dags/dss150p_pipeline.py                           1           0  0.81s           2026-09-21T14:06:00                      12
================================================================================
[2026-09-21T14:06:41.104+0000] {manager.py:997} INFO - 
================================================================================
DAG File Processing Stats

File Path                              PID    Runtime      # DAGs    # Errors  Last Runtime    Last Run               Last # of DB Queries
-------------------------------------  -----  ---------  --------  ----------  --------------  -------------------  ----------------------
/opt/airflow/dags/dss150p_pipeline.py                           1           0  0.35s           2026-09-21T14:06:31                      12
================================================================================
[2026-09-21T14:07:03.582+0000] {manager.py:821} INFO - Searching for files in /opt/airflow/dags
[2026-09-21T14:07:03.734+0000] {manager.py:824} INFO - There are 1 files in /opt/airflow/dags
[2026-09-21T14:07:11.186+0000] {manager.py:997} INFO - 
================================================================================
DAG File Processing Stats

File Path                              PID    Runtime      # DAGs    # Errors  Last Runtime    Last Run               Last # of DB Queries
-------------------------------------  -----  ---------  --------  ----------  --------------  -------------------  ----------------------
/opt/airflow/dags/dss150p_pipeline.py                           1           0  0.93s           2026-09-21T14:07:03                      12
================================================================================
[2026-09-21T14:07:41.736+0000] {manager.py:997} INFO - 
================================================================================
DAG File Processing Stats

File Path                              PID    Runtime      # DAGs    # Errors  Last Runtime    Last Run               Last # of DB Queries
-------------------------------------  -----  ---------  --------  ----------  --------------  -------------------  ----------------------
/opt/airflow/dags/dss150p_pipeline.py                           1           0  1.36s           2026-09-21T14:07:34                      12
================================================================================
[2026-09-21T14:08:11.758+0000] {manager.py:997} INFO - 
================================================================================
DAG File Processing Stats

File Path                              PID    Runtime      # DAGs    # Errors  Last Runtime    Last Run               Last # of DB Queries
-------------------------------------  -----  ---------  --------  ----------  --------------  -------------------  ----------------------
/opt/airflow/dags/dss150p_pipeline.py                           1           0  1.06s           2026-09-21T14:08:06                      12
================================================================================
[2026-09-21T14:08:41.882+0000] {manager.py:997} INFO - 
================================================================================
DAG File Processing Stats

File Path                              PID    Runtime      # DAGs    # Errors  Last Runtime    Last Run               Last # of DB Queries
-------------------------------------  -----  ---------  --------  ----------  --------------  -------------------  ----------------------
/opt/airflow/dags/dss150p_pipeline.py                           1           0  0.40s           2026-09-21T14:08:37                      12
================================================================================
[2026-09-21T14:09:12.479+0000] {manager.py:997} INFO - 
================================================================================
DAG File Processing Stats

File Path                              PID    Runtime      # DAGs    # Errors  Last Runtime    Last Run               Last # of DB Queries
-------------------------------------  -----  ---------  --------  ----------  --------------  -------------------  ----------------------
/opt/airflow/dags/dss150p_pipeline.py                           1           0  0.41s           2026-09-21T14:09:08                      12
================================================================================
[2026-09-21T14:09:43.164+0000] {manager.py:997} INFO - 
================================================================================
DAG File Processing Stats

File Path                              PID    Runtime      # DAGs    # Errors  Last Runtime    Last Run               Last # of DB Queries
-------------------------------------  -----  ---------  --------  ----------  --------------  -------------------  ----------------------
/opt/airflow/dags/dss150p_pipeline.py                           1           0  0.37s           2026-09-21T14:09:39                      12
================================================================================
[2026-09-21T14:10:13.938+0000] {manager.py:997} INFO - 
================================================================================
DAG File Processing Stats

File Path                              PID    Runtime      # DAGs    # Errors  Last Runtime    Last Run               Last # of DB Queries
-------------------------------------  -----  ---------  --------  ----------  --------------  -------------------  ----------------------
/opt/airflow/dags/dss150p_pipeline.py                           1           0  1.18s           2026-09-21T14:10:10                      12
================================================================================
[2026-09-21T14:10:44.153+0000] {manager.py:997} INFO - 
================================================================================
DAG File Processing Stats

File Path                              PID    Runtime      # DAGs    # Errors  Last Runtime    Last Run               Last # of DB Queries
-------------------------------------  -----  ---------  --------  ----------  --------------  -------------------  ----------------------
/opt/airflow/dags/dss150p_pipeline.py                           1           0  1.17s           2026-09-21T14:10:43                      12
================================================================================
[2026-09-21T14:11:14.172+0000] {manager.py:997} INFO - 
================================================================================
DAG File Processing Stats

File Path                              PID    Runtime      # DAGs    # Errors  Last Runtime    Last Run               Last # of DB Queries
-------------------------------------  -----  ---------  --------  ----------  --------------  -------------------  ----------------------
/opt/airflow/dags/dss150p_pipeline.py                           1           0  0.35s           2026-09-21T14:11:14                      12
================================================================================
[2026-09-21T14:11:44.237+0000] {manager.py:997} INFO - 
================================================================================
DAG File Processing Stats

File Path                                PID  Runtime      # DAGs    # Errors  Last Runtime    Last Run               Last # of DB Queries
-------------------------------------  -----  ---------  --------  ----------  --------------  -------------------  ----------------------
/opt/airflow/dags/dss150p_pipeline.py   1988  0.01s             1           0  0.35s           2026-09-21T14:11:14                      12
================================================================================
[2026-09-21T14:12:03.877+0000] {manager.py:821} INFO - Searching for files in /opt/airflow/dags
[2026-09-21T14:12:03.945+0000] {manager.py:824} INFO - There are 1 files in /opt/airflow/dags
[2026-09-21T14:12:15.532+0000] {manager.py:997} INFO - 
================================================================================
DAG File Processing Stats

File Path                                PID  Runtime      # DAGs    # Errors  Last Runtime    Last Run               Last # of DB Queries
-------------------------------------  -----  ---------  --------  ----------  --------------  -------------------  ----------------------
/opt/airflow/dags/dss150p_pipeline.py   1993  0.02s             1           0  0.50s           2026-09-21T14:11:44                      12
================================================================================
[2026-09-21T14:12:45.981+0000] {manager.py:997} INFO - 
================================================================================
DAG File Processing Stats

File Path                              PID    Runtime      # DAGs    # Errors  Last Runtime    Last Run               Last # of DB Queries
-------------------------------------  -----  ---------  --------  ----------  --------------  -------------------  ----------------------
/opt/airflow/dags/dss150p_pipeline.py                           1           0  0.76s           2026-09-21T14:12:16                      12
================================================================================
[2026-09-21T14:13:16.543+0000] {manager.py:997} INFO - 
================================================================================
DAG File Processing Stats

File Path                              PID    Runtime      # DAGs    # Errors  Last Runtime    Last Run               Last # of DB Queries
-------------------------------------  -----  ---------  --------  ----------  --------------  -------------------  ----------------------
/opt/airflow/dags/dss150p_pipeline.py                           1           0  0.60s           2026-09-21T14:12:47                      12
================================================================================
[2026-09-21T14:13:46.814+0000] {manager.py:997} INFO - 
================================================================================
DAG File Processing Stats

File Path                              PID    Runtime      # DAGs    # Errors  Last Runtime    Last Run               Last # of DB Queries
-------------------------------------  -----  ---------  --------  ----------  --------------  -------------------  ----------------------
/opt/airflow/dags/dss150p_pipeline.py                           1           0  0.91s           2026-09-21T14:13:18                      12
================================================================================
[2026-09-21T14:14:17.498+0000] {manager.py:997} INFO - 
================================================================================
DAG File Processing Stats

File Path                              PID    Runtime      # DAGs    # Errors  Last Runtime    Last Run               Last # of DB Queries
-------------------------------------  -----  ---------  --------  ----------  --------------  -------------------  ----------------------
/opt/airflow/dags/dss150p_pipeline.py                           1           0  1.23s           2026-09-21T14:13:50                      12
================================================================================
[2026-09-21T14:14:48.014+0000] {manager.py:997} INFO - 
================================================================================
DAG File Processing Stats

File Path                              PID    Runtime      # DAGs    # Errors  Last Runtime    Last Run               Last # of DB Queries
-------------------------------------  -----  ---------  --------  ----------  --------------  -------------------  ----------------------
/opt/airflow/dags/dss150p_pipeline.py                           1           0  0.29s           2026-09-21T14:14:20                      12
================================================================================
[2026-09-21T14:15:18.699+0000] {manager.py:997} INFO - 
================================================================================
DAG File Processing Stats

File Path                              PID    Runtime      # DAGs    # Errors  Last Runtime    Last Run               Last # of DB Queries
-------------------------------------  -----  ---------  --------  ----------  --------------  -------------------  ----------------------
/opt/airflow/dags/dss150p_pipeline.py                           1           0  0.36s           2026-09-21T14:14:51                      12
================================================================================
[2026-09-21T14:15:49.005+0000] {manager.py:997} INFO - 
================================================================================
DAG File Processing Stats

File Path                              PID    Runtime      # DAGs    # Errors  Last Runtime    Last Run               Last # of DB Queries
-------------------------------------  -----  ---------  --------  ----------  --------------  -------------------  ----------------------
/opt/airflow/dags/dss150p_pipeline.py                           1           0  0.41s           2026-09-21T14:15:22                      12
================================================================================
[2026-09-21T14:16:19.390+0000] {manager.py:997} INFO - 
================================================================================
DAG File Processing Stats

File Path                              PID    Runtime      # DAGs    # Errors  Last Runtime    Last Run               Last # of DB Queries
-------------------------------------  -----  ---------  --------  ----------  --------------  -------------------  ----------------------
/opt/airflow/dags/dss150p_pipeline.py                           1           0  0.73s           2026-09-21T14:15:53                      12
================================================================================
[2026-09-21T14:16:49.602+0000] {manager.py:997} INFO - 
================================================================================
DAG File Processing Stats

File Path                              PID    Runtime      # DAGs    # Errors  Last Runtime    Last Run               Last # of DB Queries
-------------------------------------  -----  ---------  --------  ----------  --------------  -------------------  ----------------------
/opt/airflow/dags/dss150p_pipeline.py                           1           0  0.55s           2026-09-21T14:16:24                      12
================================================================================
[2026-09-21T14:17:04.201+0000] {manager.py:821} INFO - Searching for files in /opt/airflow/dags
[2026-09-21T14:17:04.259+0000] {manager.py:824} INFO - There are 1 files in /opt/airflow/dags
[2026-09-21T14:17:20.450+0000] {manager.py:997} INFO - 
================================================================================
DAG File Processing Stats

File Path                              PID    Runtime      # DAGs    # Errors  Last Runtime    Last Run               Last # of DB Queries
-------------------------------------  -----  ---------  --------  ----------  --------------  -------------------  ----------------------
/opt/airflow/dags/dss150p_pipeline.py                           1           0  0.56s           2026-09-21T14:16:55                      12
================================================================================
[2026-09-21T14:17:50.852+0000] {manager.py:997} INFO - 
================================================================================
DAG File Processing Stats

File Path                              PID    Runtime      # DAGs    # Errors  Last Runtime    Last Run               Last # of DB Queries
-------------------------------------  -----  ---------  --------  ----------  --------------  -------------------  ----------------------
/opt/airflow/dags/dss150p_pipeline.py                           1           0  0.35s           2026-09-21T14:17:25                      12
================================================================================
[2026-09-21T14:18:21.098+0000] {manager.py:997} INFO - 
================================================================================
DAG File Processing Stats

File Path                              PID    Runtime      # DAGs    # Errors  Last Runtime    Last Run               Last # of DB Queries
-------------------------------------  -----  ---------  --------  ----------  --------------  -------------------  ----------------------
/opt/airflow/dags/dss150p_pipeline.py                           1           0  0.89s           2026-09-21T14:17:56                      12
================================================================================
[2026-09-21T14:18:51.515+0000] {manager.py:997} INFO - 
================================================================================
DAG File Processing Stats

File Path                              PID    Runtime      # DAGs    # Errors  Last Runtime    Last Run               Last # of DB Queries
-------------------------------------  -----  ---------  --------  ----------  --------------  -------------------  ----------------------
/opt/airflow/dags/dss150p_pipeline.py                           1           0  1.31s           2026-09-21T14:18:28                      12
================================================================================
[2026-09-21T14:19:22.019+0000] {manager.py:997} INFO - 
================================================================================
DAG File Processing Stats

File Path                              PID    Runtime      # DAGs    # Errors  Last Runtime    Last Run               Last # of DB Queries
-------------------------------------  -----  ---------  --------  ----------  --------------  -------------------  ----------------------
/opt/airflow/dags/dss150p_pipeline.py                           1           0  1.07s           2026-09-21T14:19:00                      12
================================================================================
[2026-09-21T14:19:52.300+0000] {manager.py:997} INFO - 
================================================================================
DAG File Processing Stats

File Path                              PID    Runtime      # DAGs    # Errors  Last Runtime    Last Run               Last # of DB Queries
-------------------------------------  -----  ---------  --------  ----------  --------------  -------------------  ----------------------
/opt/airflow/dags/dss150p_pipeline.py                           1           0  1.06s           2026-09-21T14:19:32                      12
================================================================================
[2026-09-21T14:20:22.454+0000] {manager.py:997} INFO - 
================================================================================
DAG File Processing Stats

File Path                              PID    Runtime      # DAGs    # Errors  Last Runtime    Last Run               Last # of DB Queries
-------------------------------------  -----  ---------  --------  ----------  --------------  -------------------  ----------------------
/opt/airflow/dags/dss150p_pipeline.py                           1           0  0.75s           2026-09-21T14:20:03                      12
================================================================================
[2026-09-21T14:20:52.797+0000] {manager.py:997} INFO - 
================================================================================
DAG File Processing Stats

File Path                              PID    Runtime      # DAGs    # Errors  Last Runtime    Last Run               Last # of DB Queries
-------------------------------------  -----  ---------  --------  ----------  --------------  -------------------  ----------------------
/opt/airflow/dags/dss150p_pipeline.py                           1           0  0.30s           2026-09-21T14:20:33                      12
================================================================================
[2026-09-21T14:21:23.569+0000] {manager.py:997} INFO - 
================================================================================
DAG File Processing Stats

File Path                              PID    Runtime      # DAGs    # Errors  Last Runtime    Last Run               Last # of DB Queries
-------------------------------------  -----  ---------  --------  ----------  --------------  -------------------  ----------------------
/opt/airflow/dags/dss150p_pipeline.py                           1           0  0.31s           2026-09-21T14:21:04                      12
================================================================================
[2026-09-21T14:21:53.725+0000] {manager.py:997} INFO - 
================================================================================
DAG File Processing Stats

File Path                              PID    Runtime      # DAGs    # Errors  Last Runtime    Last Run               Last # of DB Queries
-------------------------------------  -----  ---------  --------  ----------  --------------  -------------------  ----------------------
/opt/airflow/dags/dss150p_pipeline.py                           1           0  0.58s           2026-09-21T14:21:35                      12
================================================================================
[2026-09-21T14:22:04.633+0000] {manager.py:821} INFO - Searching for files in /opt/airflow/dags
[2026-09-21T14:22:04.708+0000] {manager.py:824} INFO - There are 1 files in /opt/airflow/dags
[2026-09-21T14:22:23.913+0000] {manager.py:997} INFO - 
================================================================================
DAG File Processing Stats

File Path                              PID    Runtime      # DAGs    # Errors  Last Runtime    Last Run               Last # of DB Queries
-------------------------------------  -----  ---------  --------  ----------  --------------  -------------------  ----------------------
/opt/airflow/dags/dss150p_pipeline.py                           1           0  0.75s           2026-09-21T14:22:06                      12
================================================================================
[2026-09-21T14:22:53.937+0000] {manager.py:997} INFO - 
================================================================================
DAG File Processing Stats

File Path                              PID    Runtime      # DAGs    # Errors  Last Runtime    Last Run               Last # of DB Queries
-------------------------------------  -----  ---------  --------  ----------  --------------  -------------------  ----------------------
/opt/airflow/dags/dss150p_pipeline.py                           1           0  0.31s           2026-09-21T14:22:36                      12
================================================================================
[2026-09-21T14:23:24.102+0000] {manager.py:997} INFO - 
================================================================================
DAG File Processing Stats

File Path                              PID    Runtime      # DAGs    # Errors  Last Runtime    Last Run               Last # of DB Queries
-------------------------------------  -----  ---------  --------  ----------  --------------  -------------------  ----------------------
/opt/airflow/dags/dss150p_pipeline.py                           1           0  0.64s           2026-09-21T14:23:07                      12
================================================================================
[2026-09-21T14:23:54.416+0000] {manager.py:997} INFO - 
================================================================================
DAG File Processing Stats

File Path                              PID    Runtime      # DAGs    # Errors  Last Runtime    Last Run               Last # of DB Queries
-------------------------------------  -----  ---------  --------  ----------  --------------  -------------------  ----------------------
/opt/airflow/dags/dss150p_pipeline.py                           1           0  1.29s           2026-09-21T14:23:39                      12
================================================================================
[2026-09-21T14:24:24.873+0000] {manager.py:997} INFO - 
================================================================================
DAG File Processing Stats

File Path                              PID    Runtime      # DAGs    # Errors  Last Runtime    Last Run               Last # of DB Queries
-------------------------------------  -----  ---------  --------  ----------  --------------  -------------------  ----------------------
/opt/airflow/dags/dss150p_pipeline.py                           1           0  0.76s           2026-09-21T14:24:10                      12
================================================================================
[2026-09-21T14:24:55.006+0000] {manager.py:997} INFO - 
================================================================================
DAG File Processing Stats

File Path                              PID    Runtime      # DAGs    # Errors  Last Runtime    Last Run               Last # of DB Queries
-------------------------------------  -----  ---------  --------  ----------  --------------  -------------------  ----------------------
/opt/airflow/dags/dss150p_pipeline.py                           1           0  4.79s           2026-09-21T14:24:47                      12
================================================================================
[2026-09-21T14:25:25.998+0000] {manager.py:997} INFO - 
================================================================================
DAG File Processing Stats

File Path                              PID    Runtime      # DAGs    # Errors  Last Runtime    Last Run               Last # of DB Queries
-------------------------------------  -----  ---------  --------  ----------  --------------  -------------------  ----------------------
/opt/airflow/dags/dss150p_pipeline.py                           1           0  0.55s           2026-09-21T14:25:17                      12
================================================================================
[2026-09-21T14:25:56.591+0000] {manager.py:997} INFO - 
================================================================================
DAG File Processing Stats

File Path                              PID    Runtime      # DAGs    # Errors  Last Runtime    Last Run               Last # of DB Queries
-------------------------------------  -----  ---------  --------  ----------  --------------  -------------------  ----------------------
/opt/airflow/dags/dss150p_pipeline.py                           1           0  0.40s           2026-09-21T14:25:48                      12
================================================================================
[2026-09-21T14:26:27.145+0000] {manager.py:997} INFO - 
================================================================================
DAG File Processing Stats

File Path                              PID    Runtime      # DAGs    # Errors  Last Runtime    Last Run               Last # of DB Queries
-------------------------------------  -----  ---------  --------  ----------  --------------  -------------------  ----------------------
/opt/airflow/dags/dss150p_pipeline.py                           1           0  0.62s           2026-09-21T14:26:19                      12
================================================================================
[2026-09-21T14:26:57.146+0000] {manager.py:997} INFO - 
================================================================================
DAG File Processing Stats

File Path                              PID    Runtime      # DAGs    # Errors  Last Runtime    Last Run               Last # of DB Queries
-------------------------------------  -----  ---------  --------  ----------  --------------  -------------------  ----------------------
/opt/airflow/dags/dss150p_pipeline.py                           1           0  0.60s           2026-09-21T14:26:50                      12
================================================================================
[2026-09-21T14:27:05.107+0000] {manager.py:821} INFO - Searching for files in /opt/airflow/dags
[2026-09-21T14:27:05.161+0000] {manager.py:824} INFO - There are 1 files in /opt/airflow/dags
[2026-09-21T14:27:27.454+0000] {manager.py:997} INFO - 
================================================================================
DAG File Processing Stats

File Path                              PID    Runtime      # DAGs    # Errors  Last Runtime    Last Run               Last # of DB Queries
-------------------------------------  -----  ---------  --------  ----------  --------------  -------------------  ----------------------
/opt/airflow/dags/dss150p_pipeline.py                           1           0  0.42s           2026-09-21T14:27:21                      12
================================================================================
[2026-09-21T14:27:57.866+0000] {manager.py:997} INFO - 
================================================================================
DAG File Processing Stats

File Path                              PID    Runtime      # DAGs    # Errors  Last Runtime    Last Run               Last # of DB Queries
-------------------------------------  -----  ---------  --------  ----------  --------------  -------------------  ----------------------
/opt/airflow/dags/dss150p_pipeline.py                           1           0  0.68s           2026-09-21T14:27:52                      12
================================================================================
[2026-09-21T14:28:28.334+0000] {manager.py:997} INFO - 
================================================================================
DAG File Processing Stats

File Path                              PID    Runtime      # DAGs    # Errors  Last Runtime    Last Run               Last # of DB Queries
-------------------------------------  -----  ---------  --------  ----------  --------------  -------------------  ----------------------
/opt/airflow/dags/dss150p_pipeline.py                           1           0  0.50s           2026-09-21T14:28:22                      12
================================================================================
[2026-09-21T14:28:58.709+0000] {manager.py:997} INFO - 
================================================================================
DAG File Processing Stats

File Path                              PID    Runtime      # DAGs    # Errors  Last Runtime    Last Run               Last # of DB Queries
-------------------------------------  -----  ---------  --------  ----------  --------------  -------------------  ----------------------
/opt/airflow/dags/dss150p_pipeline.py                           1           0  1.01s           2026-09-21T14:28:54                      12
================================================================================
[2026-09-21T14:29:28.718+0000] {manager.py:997} INFO - 
================================================================================
DAG File Processing Stats

File Path                              PID    Runtime      # DAGs    # Errors  Last Runtime    Last Run               Last # of DB Queries
-------------------------------------  -----  ---------  --------  ----------  --------------  -------------------  ----------------------
/opt/airflow/dags/dss150p_pipeline.py                           1           0  1.02s           2026-09-21T14:29:26                      12
================================================================================
[2026-09-21T14:29:58.799+0000] {manager.py:997} INFO - 
================================================================================
DAG File Processing Stats

File Path                              PID    Runtime      # DAGs    # Errors  Last Runtime    Last Run               Last # of DB Queries
-------------------------------------  -----  ---------  --------  ----------  --------------  -------------------  ----------------------
/opt/airflow/dags/dss150p_pipeline.py                           1           0  0.42s           2026-09-21T14:29:57                      12
================================================================================
[2026-09-21T14:30:29.113+0000] {manager.py:997} INFO - 
================================================================================
DAG File Processing Stats

File Path                              PID    Runtime      # DAGs    # Errors  Last Runtime    Last Run               Last # of DB Queries
-------------------------------------  -----  ---------  --------  ----------  --------------  -------------------  ----------------------
/opt/airflow/dags/dss150p_pipeline.py                           1           0  0.27s           2026-09-21T14:30:28                      12
================================================================================
[2026-09-21T14:30:59.715+0000] {manager.py:997} INFO - 
================================================================================
DAG File Processing Stats

File Path                              PID    Runtime      # DAGs    # Errors  Last Runtime    Last Run               Last # of DB Queries
-------------------------------------  -----  ---------  --------  ----------  --------------  -------------------  ----------------------
/opt/airflow/dags/dss150p_pipeline.py                           1           0  0.29s           2026-09-21T14:30:58                      12
================================================================================
[2026-09-21T14:31:29.959+0000] {manager.py:997} INFO - 
================================================================================
DAG File Processing Stats

File Path                              PID    Runtime      # DAGs    # Errors  Last Runtime    Last Run               Last # of DB Queries
-------------------------------------  -----  ---------  --------  ----------  --------------  -------------------  ----------------------
/opt/airflow/dags/dss150p_pipeline.py                           1           0  0.53s           2026-09-21T14:31:29                      12
================================================================================
[2026-09-21T14:32:00.288+0000] {manager.py:997} INFO - 
================================================================================
DAG File Processing Stats

File Path                                PID  Runtime      # DAGs    # Errors  Last Runtime    Last Run               Last # of DB Queries
-------------------------------------  -----  ---------  --------  ----------  --------------  -------------------  ----------------------
/opt/airflow/dags/dss150p_pipeline.py   2234  0.01s             1           0  0.53s           2026-09-21T14:31:29                      12
================================================================================
[2026-09-21T14:32:05.378+0000] {manager.py:821} INFO - Searching for files in /opt/airflow/dags
[2026-09-21T14:32:05.434+0000] {manager.py:824} INFO - There are 1 files in /opt/airflow/dags
[2026-09-21T14:32:30.868+0000] {manager.py:997} INFO - 
================================================================================
DAG File Processing Stats

File Path                                PID  Runtime      # DAGs    # Errors  Last Runtime    Last Run               Last # of DB Queries
-------------------------------------  -----  ---------  --------  ----------  --------------  -------------------  ----------------------
/opt/airflow/dags/dss150p_pipeline.py   2239  0.01s             1           0  0.33s           2026-09-21T14:32:00                      12
================================================================================
[2026-09-21T14:33:01.650+0000] {manager.py:997} INFO - 
================================================================================
DAG File Processing Stats

File Path                                PID  Runtime      # DAGs    # Errors  Last Runtime    Last Run               Last # of DB Queries
-------------------------------------  -----  ---------  --------  ----------  --------------  -------------------  ----------------------
/opt/airflow/dags/dss150p_pipeline.py   2244  0.01s             1           0  0.39s           2026-09-21T14:32:31                      12
================================================================================
[2026-09-21T14:33:31.677+0000] {manager.py:997} INFO - 
================================================================================
DAG File Processing Stats

File Path                              PID    Runtime      # DAGs    # Errors  Last Runtime    Last Run               Last # of DB Queries
-------------------------------------  -----  ---------  --------  ----------  --------------  -------------------  ----------------------
/opt/airflow/dags/dss150p_pipeline.py                           1           0  1.17s           2026-09-21T14:33:02                      12
================================================================================
[2026-09-21T14:34:02.587+0000] {manager.py:997} INFO - 
================================================================================
DAG File Processing Stats

File Path                              PID    Runtime      # DAGs    # Errors  Last Runtime    Last Run               Last # of DB Queries
-------------------------------------  -----  ---------  --------  ----------  --------------  -------------------  ----------------------
/opt/airflow/dags/dss150p_pipeline.py                           1           0  1.15s           2026-09-21T14:33:34                      12
================================================================================
[2026-09-21T14:34:33.169+0000] {manager.py:997} INFO - 
================================================================================
DAG File Processing Stats

File Path                              PID    Runtime      # DAGs    # Errors  Last Runtime    Last Run               Last # of DB Queries
-------------------------------------  -----  ---------  --------  ----------  --------------  -------------------  ----------------------
/opt/airflow/dags/dss150p_pipeline.py                           1           0  0.74s           2026-09-21T14:34:06                      12
================================================================================
[2026-09-21T14:35:03.692+0000] {manager.py:997} INFO - 
================================================================================
DAG File Processing Stats

File Path                              PID    Runtime      # DAGs    # Errors  Last Runtime    Last Run               Last # of DB Queries
-------------------------------------  -----  ---------  --------  ----------  --------------  -------------------  ----------------------
/opt/airflow/dags/dss150p_pipeline.py                           1           0  1.88s           2026-09-21T14:34:38                      12
================================================================================
[2026-09-21T14:35:34.023+0000] {manager.py:997} INFO - 
================================================================================
DAG File Processing Stats

File Path                              PID    Runtime      # DAGs    # Errors  Last Runtime    Last Run               Last # of DB Queries
-------------------------------------  -----  ---------  --------  ----------  --------------  -------------------  ----------------------
/opt/airflow/dags/dss150p_pipeline.py                           1           0  0.80s           2026-09-21T14:35:09                      12
================================================================================
[2026-09-21T14:36:04.649+0000] {manager.py:997} INFO - 
================================================================================
DAG File Processing Stats

File Path                              PID    Runtime      # DAGs    # Errors  Last Runtime    Last Run               Last # of DB Queries
-------------------------------------  -----  ---------  --------  ----------  --------------  -------------------  ----------------------
/opt/airflow/dags/dss150p_pipeline.py                           1           0  0.42s           2026-09-21T14:35:40                      12
================================================================================
[2026-09-21T14:36:35.050+0000] {manager.py:997} INFO - 
================================================================================
DAG File Processing Stats

File Path                              PID    Runtime      # DAGs    # Errors  Last Runtime    Last Run               Last # of DB Queries
-------------------------------------  -----  ---------  --------  ----------  --------------  -------------------  ----------------------
/opt/airflow/dags/dss150p_pipeline.py                           1           0  0.84s           2026-09-21T14:36:11                      12
================================================================================
[2026-09-21T14:37:05.485+0000] {manager.py:821} INFO - Searching for files in /opt/airflow/dags
[2026-09-21T14:37:05.533+0000] {manager.py:824} INFO - There are 1 files in /opt/airflow/dags
[2026-09-21T14:37:05.568+0000] {manager.py:997} INFO - 
================================================================================
DAG File Processing Stats

File Path                              PID    Runtime      # DAGs    # Errors  Last Runtime    Last Run               Last # of DB Queries
-------------------------------------  -----  ---------  --------  ----------  --------------  -------------------  ----------------------
/opt/airflow/dags/dss150p_pipeline.py                           1           0  0.66s           2026-09-21T14:36:42                      12
================================================================================
[2026-09-21T14:37:35.738+0000] {manager.py:997} INFO - 
================================================================================
DAG File Processing Stats

File Path                              PID    Runtime      # DAGs    # Errors  Last Runtime    Last Run               Last # of DB Queries
-------------------------------------  -----  ---------  --------  ----------  --------------  -------------------  ----------------------
/opt/airflow/dags/dss150p_pipeline.py                           1           0  0.40s           2026-09-21T14:37:13                      12
================================================================================
[2026-09-21T14:38:06.696+0000] {manager.py:997} INFO - 
================================================================================
DAG File Processing Stats

File Path                              PID    Runtime      # DAGs    # Errors  Last Runtime    Last Run               Last # of DB Queries
-------------------------------------  -----  ---------  --------  ----------  --------------  -------------------  ----------------------
/opt/airflow/dags/dss150p_pipeline.py                           1           0  0.38s           2026-09-21T14:37:43                      12
================================================================================
[2026-09-21T14:38:36.995+0000] {manager.py:997} INFO - 
================================================================================
DAG File Processing Stats

File Path                              PID    Runtime      # DAGs    # Errors  Last Runtime    Last Run               Last # of DB Queries
-------------------------------------  -----  ---------  --------  ----------  --------------  -------------------  ----------------------
/opt/airflow/dags/dss150p_pipeline.py                           1           0  0.59s           2026-09-21T14:38:15                      12
================================================================================
[2026-09-21T14:39:07.587+0000] {manager.py:997} INFO - 
================================================================================
DAG File Processing Stats

File Path                              PID    Runtime      # DAGs    # Errors  Last Runtime    Last Run               Last # of DB Queries
-------------------------------------  -----  ---------  --------  ----------  --------------  -------------------  ----------------------
/opt/airflow/dags/dss150p_pipeline.py                           1           0  0.67s           2026-09-21T14:38:46                      12
================================================================================
[2026-09-21T14:39:37.730+0000] {manager.py:997} INFO - 
================================================================================
DAG File Processing Stats

File Path                              PID    Runtime      # DAGs    # Errors  Last Runtime    Last Run               Last # of DB Queries
-------------------------------------  -----  ---------  --------  ----------  --------------  -------------------  ----------------------
/opt/airflow/dags/dss150p_pipeline.py                           1           0  0.43s           2026-09-21T14:39:17                      12
================================================================================
[2026-09-21T14:40:08.666+0000] {manager.py:997} INFO - 
================================================================================
DAG File Processing Stats

File Path                              PID    Runtime      # DAGs    # Errors  Last Runtime    Last Run               Last # of DB Queries
-------------------------------------  -----  ---------  --------  ----------  --------------  -------------------  ----------------------
/opt/airflow/dags/dss150p_pipeline.py                           1           0  0.80s           2026-09-21T14:39:48                      12
================================================================================
[2026-09-21T14:40:39.203+0000] {manager.py:997} INFO - 
================================================================================
DAG File Processing Stats

File Path                              PID    Runtime      # DAGs    # Errors  Last Runtime    Last Run               Last # of DB Queries
-------------------------------------  -----  ---------  --------  ----------  --------------  -------------------  ----------------------
/opt/airflow/dags/dss150p_pipeline.py                           1           0  0.51s           2026-09-21T14:40:19                      12
================================================================================
[2026-09-21T14:41:09.749+0000] {manager.py:997} INFO - 
================================================================================
DAG File Processing Stats

File Path                              PID    Runtime      # DAGs    # Errors  Last Runtime    Last Run               Last # of DB Queries
-------------------------------------  -----  ---------  --------  ----------  --------------  -------------------  ----------------------
/opt/airflow/dags/dss150p_pipeline.py                           1           0  0.40s           2026-09-21T14:40:50                      12
================================================================================
[2026-09-21T14:41:39.840+0000] {manager.py:997} INFO - 
================================================================================
DAG File Processing Stats

File Path                              PID    Runtime      # DAGs    # Errors  Last Runtime    Last Run               Last # of DB Queries
-------------------------------------  -----  ---------  --------  ----------  --------------  -------------------  ----------------------
/opt/airflow/dags/dss150p_pipeline.py                           1           0  0.67s           2026-09-21T14:41:21                      12
================================================================================
[2026-09-21T14:42:06.028+0000] {manager.py:821} INFO - Searching for files in /opt/airflow/dags
[2026-09-21T14:42:06.080+0000] {manager.py:824} INFO - There are 1 files in /opt/airflow/dags
[2026-09-21T14:42:10.163+0000] {manager.py:997} INFO - 
================================================================================
DAG File Processing Stats

File Path                              PID    Runtime      # DAGs    # Errors  Last Runtime    Last Run               Last # of DB Queries
-------------------------------------  -----  ---------  --------  ----------  --------------  -------------------  ----------------------
/opt/airflow/dags/dss150p_pipeline.py                           1           0  0.61s           2026-09-21T14:41:52                      12
================================================================================
[2026-09-21T14:42:40.756+0000] {manager.py:997} INFO - 
================================================================================
DAG File Processing Stats

File Path                              PID    Runtime      # DAGs    # Errors  Last Runtime    Last Run               Last # of DB Queries
-------------------------------------  -----  ---------  --------  ----------  --------------  -------------------  ----------------------
/opt/airflow/dags/dss150p_pipeline.py                           1           0  0.41s           2026-09-21T14:42:23                      12
================================================================================
[2026-09-21T14:43:10.911+0000] {manager.py:997} INFO - 
================================================================================
DAG File Processing Stats

File Path                              PID    Runtime      # DAGs    # Errors  Last Runtime    Last Run               Last # of DB Queries
-------------------------------------  -----  ---------  --------  ----------  --------------  -------------------  ----------------------
/opt/airflow/dags/dss150p_pipeline.py                           1           0  2.23s           2026-09-21T14:42:56                      12
================================================================================
[2026-09-21T14:43:41.087+0000] {manager.py:997} INFO - 
================================================================================
DAG File Processing Stats

File Path                              PID    Runtime      # DAGs    # Errors  Last Runtime    Last Run               Last # of DB Queries
-------------------------------------  -----  ---------  --------  ----------  --------------  -------------------  ----------------------
/opt/airflow/dags/dss150p_pipeline.py                           1           0  2.09s           2026-09-21T14:43:29                      12
================================================================================
[2026-09-21T14:44:11.480+0000] {manager.py:997} INFO - 
================================================================================
DAG File Processing Stats

File Path                              PID    Runtime      # DAGs    # Errors  Last Runtime    Last Run               Last # of DB Queries
-------------------------------------  -----  ---------  --------  ----------  --------------  -------------------  ----------------------
/opt/airflow/dags/dss150p_pipeline.py                           1           0  0.54s           2026-09-21T14:44:00                      12
================================================================================
[2026-09-21T14:44:41.530+0000] {manager.py:997} INFO - 
================================================================================
DAG File Processing Stats

File Path                              PID    Runtime      # DAGs    # Errors  Last Runtime    Last Run               Last # of DB Queries
-------------------------------------  -----  ---------  --------  ----------  --------------  -------------------  ----------------------
/opt/airflow/dags/dss150p_pipeline.py                           1           0  1.50s           2026-09-21T14:44:31                      12
================================================================================
[2026-09-21T14:45:11.694+0000] {manager.py:997} INFO - 
================================================================================
DAG File Processing Stats

File Path                              PID    Runtime      # DAGs    # Errors  Last Runtime    Last Run               Last # of DB Queries
-------------------------------------  -----  ---------  --------  ----------  --------------  -------------------  ----------------------
/opt/airflow/dags/dss150p_pipeline.py                           1           0  0.46s           2026-09-21T14:45:02                      12
================================================================================
[2026-09-21T14:45:42.440+0000] {manager.py:997} INFO - 
================================================================================
DAG File Processing Stats

File Path                              PID    Runtime      # DAGs    # Errors  Last Runtime    Last Run               Last # of DB Queries
-------------------------------------  -----  ---------  --------  ----------  --------------  -------------------  ----------------------
/opt/airflow/dags/dss150p_pipeline.py                           1           0  0.64s           2026-09-21T14:45:33                      12
================================================================================
[2026-09-21T14:46:12.578+0000] {manager.py:997} INFO - 
================================================================================
DAG File Processing Stats

File Path                              PID    Runtime      # DAGs    # Errors  Last Runtime    Last Run               Last # of DB Queries
-------------------------------------  -----  ---------  --------  ----------  --------------  -------------------  ----------------------
/opt/airflow/dags/dss150p_pipeline.py                           1           0  1.14s           2026-09-21T14:46:05                      12
================================================================================
[2026-09-21T14:46:42.665+0000] {manager.py:997} INFO - 
================================================================================
DAG File Processing Stats

File Path                              PID    Runtime      # DAGs    # Errors  Last Runtime    Last Run               Last # of DB Queries
-------------------------------------  -----  ---------  --------  ----------  --------------  -------------------  ----------------------
/opt/airflow/dags/dss150p_pipeline.py                           1           0  0.75s           2026-09-21T14:46:36                      12
================================================================================
[2026-09-21T14:47:06.207+0000] {manager.py:821} INFO - Searching for files in /opt/airflow/dags
[2026-09-21T14:47:06.246+0000] {manager.py:824} INFO - There are 1 files in /opt/airflow/dags
[2026-09-21T14:47:12.747+0000] {manager.py:997} INFO - 
================================================================================
DAG File Processing Stats

File Path                              PID    Runtime      # DAGs    # Errors  Last Runtime    Last Run               Last # of DB Queries
-------------------------------------  -----  ---------  --------  ----------  --------------  -------------------  ----------------------
/opt/airflow/dags/dss150p_pipeline.py                           1           0  0.39s           2026-09-21T14:47:07                      12
================================================================================
[2026-09-21T14:47:42.799+0000] {manager.py:997} INFO - 
================================================================================
DAG File Processing Stats

File Path                              PID    Runtime      # DAGs    # Errors  Last Runtime    Last Run               Last # of DB Queries
-------------------------------------  -----  ---------  --------  ----------  --------------  -------------------  ----------------------
/opt/airflow/dags/dss150p_pipeline.py                           1           0  1.02s           2026-09-21T14:47:39                      12
================================================================================
[2026-09-21T14:48:13.358+0000] {manager.py:997} INFO - 
================================================================================
DAG File Processing Stats

File Path                              PID    Runtime      # DAGs    # Errors  Last Runtime    Last Run               Last # of DB Queries
-------------------------------------  -----  ---------  --------  ----------  --------------  -------------------  ----------------------
/opt/airflow/dags/dss150p_pipeline.py                           1           0  0.49s           2026-09-21T14:48:10                      12
================================================================================
[2026-09-21T14:48:43.669+0000] {manager.py:997} INFO - 
================================================================================
DAG File Processing Stats

File Path                              PID    Runtime      # DAGs    # Errors  Last Runtime    Last Run               Last # of DB Queries
-------------------------------------  -----  ---------  --------  ----------  --------------  -------------------  ----------------------
/opt/airflow/dags/dss150p_pipeline.py                           1           0  0.74s           2026-09-21T14:48:41                      12
================================================================================
[2026-09-21T14:49:13.760+0000] {manager.py:997} INFO - 
================================================================================
DAG File Processing Stats

File Path                              PID    Runtime      # DAGs    # Errors  Last Runtime    Last Run               Last # of DB Queries
-------------------------------------  -----  ---------  --------  ----------  --------------  -------------------  ----------------------
/opt/airflow/dags/dss150p_pipeline.py                           1           0  0.48s           2026-09-21T14:49:12                      12
================================================================================
[2026-09-21T14:49:44.481+0000] {manager.py:997} INFO - 
================================================================================
DAG File Processing Stats

File Path                              PID    Runtime      # DAGs    # Errors  Last Runtime    Last Run               Last # of DB Queries
-------------------------------------  -----  ---------  --------  ----------  --------------  -------------------  ----------------------
/opt/airflow/dags/dss150p_pipeline.py                           1           0  0.55s           2026-09-21T14:49:43                      12
================================================================================
[2026-09-21T14:50:14.656+0000] {manager.py:997} INFO - 
================================================================================
DAG File Processing Stats

File Path                              PID    Runtime      # DAGs    # Errors  Last Runtime    Last Run               Last # of DB Queries
-------------------------------------  -----  ---------  --------  ----------  --------------  -------------------  ----------------------
/opt/airflow/dags/dss150p_pipeline.py                           1           0  0.40s           2026-09-21T14:50:14                      12
================================================================================
[2026-09-21T14:50:44.895+0000] {manager.py:997} INFO - 
================================================================================
DAG File Processing Stats

File Path                                PID  Runtime      # DAGs    # Errors  Last Runtime    Last Run               Last # of DB Queries
-------------------------------------  -----  ---------  --------  ----------  --------------  -------------------  ----------------------
/opt/airflow/dags/dss150p_pipeline.py   2548  0.35s             1           0  0.40s           2026-09-21T14:50:14                      12
================================================================================
[2026-09-21T14:51:14.957+0000] {manager.py:997} INFO - 
================================================================================
DAG File Processing Stats

File Path                              PID    Runtime      # DAGs    # Errors  Last Runtime    Last Run               Last # of DB Queries
-------------------------------------  -----  ---------  --------  ----------  --------------  -------------------  ----------------------
/opt/airflow/dags/dss150p_pipeline.py                           1           0  0.80s           2026-09-21T14:50:45                      12
================================================================================
[2026-09-21T14:51:45.311+0000] {manager.py:997} INFO - 
================================================================================
DAG File Processing Stats

File Path                              PID    Runtime      # DAGs    # Errors  Last Runtime    Last Run               Last # of DB Queries
-------------------------------------  -----  ---------  --------  ----------  --------------  -------------------  ----------------------
/opt/airflow/dags/dss150p_pipeline.py                           1           0  0.45s           2026-09-21T14:51:16                      12
================================================================================
[2026-09-21T14:52:06.841+0000] {manager.py:821} INFO - Searching for files in /opt/airflow/dags
[2026-09-21T14:52:06.885+0000] {manager.py:824} INFO - There are 1 files in /opt/airflow/dags
[2026-09-21T14:52:16.085+0000] {manager.py:997} INFO - 
================================================================================
DAG File Processing Stats

File Path                              PID    Runtime      # DAGs    # Errors  Last Runtime    Last Run               Last # of DB Queries
-------------------------------------  -----  ---------  --------  ----------  --------------  -------------------  ----------------------
/opt/airflow/dags/dss150p_pipeline.py                           1           0  0.26s           2026-09-21T14:51:46                      12
================================================================================
[2026-09-21T14:52:46.260+0000] {manager.py:997} INFO - 
================================================================================
DAG File Processing Stats

File Path                              PID    Runtime      # DAGs    # Errors  Last Runtime    Last Run               Last # of DB Queries
-------------------------------------  -----  ---------  --------  ----------  --------------  -------------------  ----------------------
/opt/airflow/dags/dss150p_pipeline.py                           1           0  0.38s           2026-09-21T14:52:17                      12
================================================================================
[2026-09-21T14:53:16.642+0000] {manager.py:997} INFO - 
================================================================================
DAG File Processing Stats

File Path                              PID    Runtime      # DAGs    # Errors  Last Runtime    Last Run               Last # of DB Queries
-------------------------------------  -----  ---------  --------  ----------  --------------  -------------------  ----------------------
/opt/airflow/dags/dss150p_pipeline.py                           1           0  0.52s           2026-09-21T14:52:48                      12
================================================================================
[2026-09-21T14:53:46.988+0000] {manager.py:997} INFO - 
================================================================================
DAG File Processing Stats

File Path                              PID    Runtime      # DAGs    # Errors  Last Runtime    Last Run               Last # of DB Queries
-------------------------------------  -----  ---------  --------  ----------  --------------  -------------------  ----------------------
/opt/airflow/dags/dss150p_pipeline.py                           1           0  1.06s           2026-09-21T14:53:19                      12
================================================================================
[2026-09-21T14:54:16.995+0000] {manager.py:997} INFO - 
================================================================================
DAG File Processing Stats

File Path                              PID    Runtime      # DAGs    # Errors  Last Runtime    Last Run               Last # of DB Queries
-------------------------------------  -----  ---------  --------  ----------  --------------  -------------------  ----------------------
/opt/airflow/dags/dss150p_pipeline.py                           1           0  0.62s           2026-09-21T14:53:50                      12
================================================================================
[2026-09-21T14:54:47.568+0000] {manager.py:997} INFO - 
================================================================================
DAG File Processing Stats

File Path                              PID    Runtime      # DAGs    # Errors  Last Runtime    Last Run               Last # of DB Queries
-------------------------------------  -----  ---------  --------  ----------  --------------  -------------------  ----------------------
/opt/airflow/dags/dss150p_pipeline.py                           1           0  0.44s           2026-09-21T14:54:21                      12
================================================================================
[2026-09-21T14:55:18.124+0000] {manager.py:997} INFO - 
================================================================================
DAG File Processing Stats

File Path                              PID    Runtime      # DAGs    # Errors  Last Runtime    Last Run               Last # of DB Queries
-------------------------------------  -----  ---------  --------  ----------  --------------  -------------------  ----------------------
/opt/airflow/dags/dss150p_pipeline.py                           1           0  0.35s           2026-09-21T14:54:51                      12
================================================================================
[2026-09-21T14:55:48.161+0000] {manager.py:997} INFO - 
================================================================================
DAG File Processing Stats

File Path                              PID    Runtime      # DAGs    # Errors  Last Runtime    Last Run               Last # of DB Queries
-------------------------------------  -----  ---------  --------  ----------  --------------  -------------------  ----------------------
/opt/airflow/dags/dss150p_pipeline.py                           1           0  0.42s           2026-09-21T14:55:22                      12
================================================================================
[2026-09-21T14:56:18.630+0000] {manager.py:997} INFO - 
================================================================================
DAG File Processing Stats

File Path                              PID    Runtime      # DAGs    # Errors  Last Runtime    Last Run               Last # of DB Queries
-------------------------------------  -----  ---------  --------  ----------  --------------  -------------------  ----------------------
/opt/airflow/dags/dss150p_pipeline.py                           1           0  1.10s           2026-09-21T14:55:54                      12
================================================================================
[2026-09-21T14:56:48.966+0000] {manager.py:997} INFO - 
================================================================================
DAG File Processing Stats

File Path                              PID    Runtime      # DAGs    # Errors  Last Runtime    Last Run               Last # of DB Queries
-------------------------------------  -----  ---------  --------  ----------  --------------  -------------------  ----------------------
/opt/airflow/dags/dss150p_pipeline.py                           1           0  0.68s           2026-09-21T14:56:25                      12
================================================================================
[2026-09-21T14:57:07.022+0000] {manager.py:821} INFO - Searching for files in /opt/airflow/dags
[2026-09-21T14:57:07.096+0000] {manager.py:824} INFO - There are 1 files in /opt/airflow/dags
[2026-09-21T14:57:19.296+0000] {manager.py:997} INFO - 
================================================================================
DAG File Processing Stats

File Path                              PID    Runtime      # DAGs    # Errors  Last Runtime    Last Run               Last # of DB Queries
-------------------------------------  -----  ---------  --------  ----------  --------------  -------------------  ----------------------
/opt/airflow/dags/dss150p_pipeline.py                           1           0  0.36s           2026-09-21T14:56:55                      12
================================================================================
[2026-09-21T14:57:49.311+0000] {manager.py:997} INFO - 
================================================================================
DAG File Processing Stats

File Path                              PID    Runtime      # DAGs    # Errors  Last Runtime    Last Run               Last # of DB Queries
-------------------------------------  -----  ---------  --------  ----------  --------------  -------------------  ----------------------
/opt/airflow/dags/dss150p_pipeline.py                           1           0  0.64s           2026-09-21T14:57:26                      12
================================================================================
[2026-09-21T14:58:19.894+0000] {manager.py:997} INFO - 
================================================================================
DAG File Processing Stats

File Path                              PID    Runtime      # DAGs    # Errors  Last Runtime    Last Run               Last # of DB Queries
-------------------------------------  -----  ---------  --------  ----------  --------------  -------------------  ----------------------
/opt/airflow/dags/dss150p_pipeline.py                           1           0  0.58s           2026-09-21T14:57:57                      12
================================================================================
[2026-09-21T14:58:50.458+0000] {manager.py:997} INFO - 
================================================================================
DAG File Processing Stats

File Path                              PID    Runtime      # DAGs    # Errors  Last Runtime    Last Run               Last # of DB Queries
-------------------------------------  -----  ---------  --------  ----------  --------------  -------------------  ----------------------
/opt/airflow/dags/dss150p_pipeline.py                           1           0  0.37s           2026-09-21T14:58:28                      12
================================================================================
[2026-09-21T14:59:21.007+0000] {manager.py:997} INFO - 
================================================================================
DAG File Processing Stats

File Path                              PID    Runtime      # DAGs    # Errors  Last Runtime    Last Run               Last # of DB Queries
-------------------------------------  -----  ---------  --------  ----------  --------------  -------------------  ----------------------
/opt/airflow/dags/dss150p_pipeline.py                           1           0  0.64s           2026-09-21T14:58:59                      12
================================================================================
[2026-09-21T14:59:51.395+0000] {manager.py:997} INFO - 
================================================================================
DAG File Processing Stats

File Path                              PID    Runtime      # DAGs    # Errors  Last Runtime    Last Run               Last # of DB Queries
-------------------------------------  -----  ---------  --------  ----------  --------------  -------------------  ----------------------
/opt/airflow/dags/dss150p_pipeline.py                           1           0  0.63s           2026-09-21T14:59:30                      12
================================================================================
[2026-09-21T15:00:21.592+0000] {manager.py:997} INFO - 
================================================================================
DAG File Processing Stats

File Path                              PID    Runtime      # DAGs    # Errors  Last Runtime    Last Run               Last # of DB Queries
-------------------------------------  -----  ---------  --------  ----------  --------------  -------------------  ----------------------
/opt/airflow/dags/dss150p_pipeline.py                           1           0  0.51s           2026-09-21T15:00:00                      12
================================================================================
[2026-09-21T15:00:51.764+0000] {manager.py:997} INFO - 
================================================================================
DAG File Processing Stats

File Path                              PID    Runtime      # DAGs    # Errors  Last Runtime    Last Run               Last # of DB Queries
-------------------------------------  -----  ---------  --------  ----------  --------------  -------------------  ----------------------
/opt/airflow/dags/dss150p_pipeline.py                           1           0  0.44s           2026-09-21T15:00:31                      12
================================================================================
[2026-09-21T15:01:22.127+0000] {manager.py:997} INFO - 
================================================================================
DAG File Processing Stats

File Path                              PID    Runtime      # DAGs    # Errors  Last Runtime    Last Run               Last # of DB Queries
-------------------------------------  -----  ---------  --------  ----------  --------------  -------------------  ----------------------
/opt/airflow/dags/dss150p_pipeline.py                           1           0  0.96s           2026-09-21T15:01:02                      12
================================================================================
[2026-09-21T15:01:52.631+0000] {manager.py:997} INFO - 
================================================================================
DAG File Processing Stats

File Path                              PID    Runtime      # DAGs    # Errors  Last Runtime    Last Run               Last # of DB Queries
-------------------------------------  -----  ---------  --------  ----------  --------------  -------------------  ----------------------
/opt/airflow/dags/dss150p_pipeline.py                           1           0  1.24s           2026-09-21T15:01:33                      12
================================================================================
[2026-09-21T15:02:07.424+0000] {manager.py:821} INFO - Searching for files in /opt/airflow/dags
[2026-09-21T15:02:07.465+0000] {manager.py:824} INFO - There are 1 files in /opt/airflow/dags
[2026-09-21T15:02:22.649+0000] {manager.py:997} INFO - 
================================================================================
DAG File Processing Stats

File Path                              PID    Runtime      # DAGs    # Errors  Last Runtime    Last Run               Last # of DB Queries
-------------------------------------  -----  ---------  --------  ----------  --------------  -------------------  ----------------------
/opt/airflow/dags/dss150p_pipeline.py                           1           0  0.45s           2026-09-21T15:02:04                      12
================================================================================
[2026-09-21T15:02:53.349+0000] {manager.py:997} INFO - 
================================================================================
DAG File Processing Stats

File Path                              PID    Runtime      # DAGs    # Errors  Last Runtime    Last Run               Last # of DB Queries
-------------------------------------  -----  ---------  --------  ----------  --------------  -------------------  ----------------------
/opt/airflow/dags/dss150p_pipeline.py                           1           0  0.72s           2026-09-21T15:02:36                      12
================================================================================
[2026-09-21T15:03:23.731+0000] {manager.py:997} INFO - 
================================================================================
DAG File Processing Stats

File Path                              PID    Runtime      # DAGs    # Errors  Last Runtime    Last Run               Last # of DB Queries
-------------------------------------  -----  ---------  --------  ----------  --------------  -------------------  ----------------------
/opt/airflow/dags/dss150p_pipeline.py                           1           0  0.44s           2026-09-21T15:03:06                      12
================================================================================
[2026-09-21T15:03:54.907+0000] {manager.py:997} INFO - 
================================================================================
DAG File Processing Stats

File Path                              PID    Runtime      # DAGs    # Errors  Last Runtime    Last Run               Last # of DB Queries
-------------------------------------  -----  ---------  --------  ----------  --------------  -------------------  ----------------------
/opt/airflow/dags/dss150p_pipeline.py                           1           0  0.48s           2026-09-21T15:03:37                      12
================================================================================
[2026-09-21T15:04:25.271+0000] {manager.py:997} INFO - 
================================================================================
DAG File Processing Stats

File Path                              PID    Runtime      # DAGs    # Errors  Last Runtime    Last Run               Last # of DB Queries
-------------------------------------  -----  ---------  --------  ----------  --------------  -------------------  ----------------------
/opt/airflow/dags/dss150p_pipeline.py                           1           0  0.41s           2026-09-21T15:04:08                      12
================================================================================
[2026-09-21T15:04:55.982+0000] {manager.py:997} INFO - 
================================================================================
DAG File Processing Stats

File Path                              PID    Runtime      # DAGs    # Errors  Last Runtime    Last Run               Last # of DB Queries
-------------------------------------  -----  ---------  --------  ----------  --------------  -------------------  ----------------------
/opt/airflow/dags/dss150p_pipeline.py                           1           0  0.29s           2026-09-21T15:04:39                      12
================================================================================
[2026-09-21T15:05:26.048+0000] {manager.py:997} INFO - 
================================================================================
DAG File Processing Stats

File Path                              PID    Runtime      # DAGs    # Errors  Last Runtime    Last Run               Last # of DB Queries
-------------------------------------  -----  ---------  --------  ----------  --------------  -------------------  ----------------------
/opt/airflow/dags/dss150p_pipeline.py                           1           0  0.66s           2026-09-21T15:05:09                      12
================================================================================
[2026-09-21T15:05:56.670+0000] {manager.py:997} INFO - 
================================================================================
DAG File Processing Stats

File Path                              PID    Runtime      # DAGs    # Errors  Last Runtime    Last Run               Last # of DB Queries
-------------------------------------  -----  ---------  --------  ----------  --------------  -------------------  ----------------------
/opt/airflow/dags/dss150p_pipeline.py                           1           0  0.43s           2026-09-21T15:05:40                      12
================================================================================
[2026-09-21T15:06:27.453+0000] {manager.py:997} INFO - 
================================================================================
DAG File Processing Stats

File Path                              PID    Runtime      # DAGs    # Errors  Last Runtime    Last Run               Last # of DB Queries
-------------------------------------  -----  ---------  --------  ----------  --------------  -------------------  ----------------------
/opt/airflow/dags/dss150p_pipeline.py                           1           0  1.03s           2026-09-21T15:06:12                      12
================================================================================
[2026-09-21T15:06:57.818+0000] {manager.py:997} INFO - 
================================================================================
DAG File Processing Stats

File Path                              PID    Runtime      # DAGs    # Errors  Last Runtime    Last Run               Last # of DB Queries
-------------------------------------  -----  ---------  --------  ----------  --------------  -------------------  ----------------------
/opt/airflow/dags/dss150p_pipeline.py                           1           0  0.98s           2026-09-21T15:06:43                      12
================================================================================
[2026-09-21T15:07:08.022+0000] {manager.py:821} INFO - Searching for files in /opt/airflow/dags
[2026-09-21T15:07:08.080+0000] {manager.py:824} INFO - There are 1 files in /opt/airflow/dags
[2026-09-21T15:07:28.466+0000] {manager.py:997} INFO - 
================================================================================
DAG File Processing Stats

File Path                              PID    Runtime      # DAGs    # Errors  Last Runtime    Last Run               Last # of DB Queries
-------------------------------------  -----  ---------  --------  ----------  --------------  -------------------  ----------------------
/opt/airflow/dags/dss150p_pipeline.py                           1           0  1.10s           2026-09-21T15:07:17                      12
================================================================================
[2026-09-21T15:07:59.425+0000] {manager.py:997} INFO - 
================================================================================
DAG File Processing Stats

File Path                              PID    Runtime      # DAGs    # Errors  Last Runtime    Last Run               Last # of DB Queries
-------------------------------------  -----  ---------  --------  ----------  --------------  -------------------  ----------------------
/opt/airflow/dags/dss150p_pipeline.py                           1           0  0.39s           2026-09-21T15:07:48                      12
================================================================================
[2026-09-21T15:08:29.769+0000] {manager.py:997} INFO - 
================================================================================
DAG File Processing Stats

File Path                              PID    Runtime      # DAGs    # Errors  Last Runtime    Last Run               Last # of DB Queries
-------------------------------------  -----  ---------  --------  ----------  --------------  -------------------  ----------------------
/opt/airflow/dags/dss150p_pipeline.py                           1           0  0.72s           2026-09-21T15:08:20                      12
================================================================================
[2026-09-21T15:09:00.162+0000] {manager.py:997} INFO - 
================================================================================
DAG File Processing Stats

File Path                              PID    Runtime      # DAGs    # Errors  Last Runtime    Last Run               Last # of DB Queries
-------------------------------------  -----  ---------  --------  ----------  --------------  -------------------  ----------------------
/opt/airflow/dags/dss150p_pipeline.py                           1           0  0.30s           2026-09-21T15:08:51                      12
================================================================================
[2026-09-21T15:09:30.360+0000] {manager.py:997} INFO - 
================================================================================
DAG File Processing Stats

File Path                              PID    Runtime      # DAGs    # Errors  Last Runtime    Last Run               Last # of DB Queries
-------------------------------------  -----  ---------  --------  ----------  --------------  -------------------  ----------------------
/opt/airflow/dags/dss150p_pipeline.py                           1           0  0.40s           2026-09-21T15:09:22                      12
================================================================================
[2026-09-21T15:10:00.573+0000] {manager.py:997} INFO - 
================================================================================
DAG File Processing Stats

File Path                              PID    Runtime      # DAGs    # Errors  Last Runtime    Last Run               Last # of DB Queries
-------------------------------------  -----  ---------  --------  ----------  --------------  -------------------  ----------------------
/opt/airflow/dags/dss150p_pipeline.py                           1           0  0.74s           2026-09-21T15:09:53                      12
================================================================================
[2026-09-21T15:10:30.609+0000] {manager.py:997} INFO - 
================================================================================
DAG File Processing Stats

File Path                              PID    Runtime      # DAGs    # Errors  Last Runtime    Last Run               Last # of DB Queries
-------------------------------------  -----  ---------  --------  ----------  --------------  -------------------  ----------------------
/opt/airflow/dags/dss150p_pipeline.py                           1           0  0.66s           2026-09-21T15:10:24                      12
================================================================================
[2026-09-21T15:11:01.226+0000] {manager.py:997} INFO - 
================================================================================
DAG File Processing Stats

File Path                              PID    Runtime      # DAGs    # Errors  Last Runtime    Last Run               Last # of DB Queries
-------------------------------------  -----  ---------  --------  ----------  --------------  -------------------  ----------------------
/opt/airflow/dags/dss150p_pipeline.py                           1           0  0.38s           2026-09-21T15:10:55                      12
================================================================================
[2026-09-21T15:11:31.893+0000] {manager.py:997} INFO - 
================================================================================
DAG File Processing Stats

File Path                              PID    Runtime      # DAGs    # Errors  Last Runtime    Last Run               Last # of DB Queries
-------------------------------------  -----  ---------  --------  ----------  --------------  -------------------  ----------------------
/opt/airflow/dags/dss150p_pipeline.py                           1           0  0.38s           2026-09-21T15:11:26                      12
================================================================================
[2026-09-21T15:12:02.052+0000] {manager.py:997} INFO - 
================================================================================
DAG File Processing Stats

File Path                              PID    Runtime      # DAGs    # Errors  Last Runtime    Last Run               Last # of DB Queries
-------------------------------------  -----  ---------  --------  ----------  --------------  -------------------  ----------------------
/opt/airflow/dags/dss150p_pipeline.py                           1           0  0.37s           2026-09-21T15:11:56                      12
================================================================================
[2026-09-21T15:12:08.167+0000] {manager.py:821} INFO - Searching for files in /opt/airflow/dags
[2026-09-21T15:12:08.282+0000] {manager.py:824} INFO - There are 1 files in /opt/airflow/dags
[2026-09-21T15:12:32.204+0000] {manager.py:997} INFO - 
================================================================================
DAG File Processing Stats

File Path                              PID    Runtime      # DAGs    # Errors  Last Runtime    Last Run               Last # of DB Queries
-------------------------------------  -----  ---------  --------  ----------  --------------  -------------------  ----------------------
/opt/airflow/dags/dss150p_pipeline.py                           1           0  0.38s           2026-09-21T15:12:28                      12
================================================================================
[2026-09-21T15:13:02.746+0000] {manager.py:997} INFO - 
================================================================================
DAG File Processing Stats

File Path                              PID    Runtime      # DAGs    # Errors  Last Runtime    Last Run               Last # of DB Queries
-------------------------------------  -----  ---------  --------  ----------  --------------  -------------------  ----------------------
/opt/airflow/dags/dss150p_pipeline.py                           1           0  0.39s           2026-09-21T15:12:58                      12
================================================================================
[2026-09-21T15:13:32.829+0000] {manager.py:997} INFO - 
================================================================================
DAG File Processing Stats

File Path                              PID    Runtime      # DAGs    # Errors  Last Runtime    Last Run               Last # of DB Queries
-------------------------------------  -----  ---------  --------  ----------  --------------  -------------------  ----------------------
/opt/airflow/dags/dss150p_pipeline.py                           1           0  0.40s           2026-09-21T15:13:29                      12
================================================================================
[2026-09-21T15:14:03.422+0000] {manager.py:997} INFO - 
================================================================================
DAG File Processing Stats

File Path                              PID    Runtime      # DAGs    # Errors  Last Runtime    Last Run               Last # of DB Queries
-------------------------------------  -----  ---------  --------  ----------  --------------  -------------------  ----------------------
/opt/airflow/dags/dss150p_pipeline.py                           1           0  0.42s           2026-09-21T15:14:00                      12
================================================================================
[2026-09-21T15:14:34.121+0000] {manager.py:997} INFO - 
================================================================================
DAG File Processing Stats

File Path                              PID    Runtime      # DAGs    # Errors  Last Runtime    Last Run               Last # of DB Queries
-------------------------------------  -----  ---------  --------  ----------  --------------  -------------------  ----------------------
/opt/airflow/dags/dss150p_pipeline.py                           1           0  0.38s           2026-09-21T15:14:31                      12
================================================================================
[2026-09-21T15:15:04.403+0000] {manager.py:997} INFO - 
================================================================================
DAG File Processing Stats

File Path                              PID    Runtime      # DAGs    # Errors  Last Runtime    Last Run               Last # of DB Queries
-------------------------------------  -----  ---------  --------  ----------  --------------  -------------------  ----------------------
/opt/airflow/dags/dss150p_pipeline.py                           1           0  0.57s           2026-09-21T15:15:02                      12
================================================================================
[2026-09-21T15:15:34.806+0000] {manager.py:997} INFO - 
================================================================================
DAG File Processing Stats

File Path                              PID    Runtime      # DAGs    # Errors  Last Runtime    Last Run               Last # of DB Queries
-------------------------------------  -----  ---------  --------  ----------  --------------  -------------------  ----------------------
/opt/airflow/dags/dss150p_pipeline.py                           1           0  0.37s           2026-09-21T15:15:33                      12
================================================================================
[2026-09-21T15:16:04.953+0000] {manager.py:997} INFO - 
================================================================================
DAG File Processing Stats

File Path                              PID    Runtime      # DAGs    # Errors  Last Runtime    Last Run               Last # of DB Queries
-------------------------------------  -----  ---------  --------  ----------  --------------  -------------------  ----------------------
/opt/airflow/dags/dss150p_pipeline.py                           1           0  0.46s           2026-09-21T15:16:03                      12
================================================================================
[2026-09-21T15:16:35.020+0000] {manager.py:997} INFO - 
================================================================================
DAG File Processing Stats

File Path                              PID    Runtime      # DAGs    # Errors  Last Runtime    Last Run               Last # of DB Queries
-------------------------------------  -----  ---------  --------  ----------  --------------  -------------------  ----------------------
/opt/airflow/dags/dss150p_pipeline.py                           1           0  0.41s           2026-09-21T15:16:35                      12
================================================================================
[2026-09-21T15:17:05.378+0000] {manager.py:997} INFO - 
================================================================================
DAG File Processing Stats

File Path                                PID  Runtime      # DAGs    # Errors  Last Runtime    Last Run               Last # of DB Queries
-------------------------------------  -----  ---------  --------  ----------  --------------  -------------------  ----------------------
/opt/airflow/dags/dss150p_pipeline.py   2803  0.01s             1           0  0.41s           2026-09-21T15:16:35                      12
================================================================================
[2026-09-21T15:17:08.455+0000] {manager.py:821} INFO - Searching for files in /opt/airflow/dags
[2026-09-21T15:17:08.564+0000] {manager.py:824} INFO - There are 1 files in /opt/airflow/dags
[2026-09-21T15:17:36.346+0000] {manager.py:997} INFO - 
================================================================================
DAG File Processing Stats

File Path                              PID    Runtime      # DAGs    # Errors  Last Runtime    Last Run               Last # of DB Queries
-------------------------------------  -----  ---------  --------  ----------  --------------  -------------------  ----------------------
/opt/airflow/dags/dss150p_pipeline.py                           1           0  1.17s           2026-09-21T15:17:06                      12
================================================================================
[2026-09-21T15:18:06.936+0000] {manager.py:997} INFO - 
================================================================================
DAG File Processing Stats

File Path                              PID    Runtime      # DAGs    # Errors  Last Runtime    Last Run               Last # of DB Queries
-------------------------------------  -----  ---------  --------  ----------  --------------  -------------------  ----------------------
/opt/airflow/dags/dss150p_pipeline.py                           1           0  0.30s           2026-09-21T15:17:37                      12
================================================================================
[2026-09-21T15:18:37.682+0000] {manager.py:997} INFO - 
================================================================================
DAG File Processing Stats

File Path                              PID    Runtime      # DAGs    # Errors  Last Runtime    Last Run               Last # of DB Queries
-------------------------------------  -----  ---------  --------  ----------  --------------  -------------------  ----------------------
/opt/airflow/dags/dss150p_pipeline.py                           1           0  2.08s           2026-09-21T15:18:13                      12
================================================================================
[2026-09-21T15:27:34.265+0000] {manager.py:483} INFO - Processing files using up to 2 processes at a time 
[2026-09-21T15:27:34.307+0000] {manager.py:484} INFO - Process each file at most once every 30 seconds
[2026-09-21T15:27:34.320+0000] {manager.py:485} INFO - Checking for new files in /opt/airflow/dags every 300 seconds
[2026-09-21T15:27:34.329+0000] {manager.py:821} INFO - Searching for files in /opt/airflow/dags
[2026-09-21T15:27:35.209+0000] {manager.py:824} INFO - There are 1 files in /opt/airflow/dags
[2026-09-21T15:27:35.592+0000] {manager.py:997} INFO - 
================================================================================
DAG File Processing Stats

File Path                                PID  Runtime      # DAGs    # Errors  Last Runtime    Last Run      Last # of DB Queries
-------------------------------------  -----  ---------  --------  ----------  --------------  ----------  ----------------------
/opt/airflow/dags/dss150p_pipeline.py    164  0.12s             0           0                                                   0
================================================================================
[2026-09-21T15:28:06.319+0000] {manager.py:997} INFO - 
================================================================================
DAG File Processing Stats

File Path                              PID    Runtime      # DAGs    # Errors  Last Runtime    Last Run               Last # of DB Queries
-------------------------------------  -----  ---------  --------  ----------  --------------  -------------------  ----------------------
/opt/airflow/dags/dss150p_pipeline.py                           1           0  9.82s           2026-09-21T15:27:45                      12
================================================================================
[2026-09-21T15:28:36.805+0000] {manager.py:997} INFO - 
================================================================================
DAG File Processing Stats

File Path                              PID    Runtime      # DAGs    # Errors  Last Runtime    Last Run               Last # of DB Queries
-------------------------------------  -----  ---------  --------  ----------  --------------  -------------------  ----------------------
/opt/airflow/dags/dss150p_pipeline.py                           1           0  3.77s           2026-09-21T15:28:22                      12
================================================================================
[2026-09-21T15:29:07.072+0000] {manager.py:997} INFO - 
================================================================================
DAG File Processing Stats

File Path                              PID    Runtime      # DAGs    # Errors  Last Runtime    Last Run               Last # of DB Queries
-------------------------------------  -----  ---------  --------  ----------  --------------  -------------------  ----------------------
/opt/airflow/dags/dss150p_pipeline.py                           1           0  7.48s           2026-09-21T15:28:59                      12
================================================================================
[2026-09-21T15:29:37.724+0000] {manager.py:997} INFO - 
================================================================================
DAG File Processing Stats

File Path                              PID    Runtime      # DAGs    # Errors  Last Runtime    Last Run               Last # of DB Queries
-------------------------------------  -----  ---------  --------  ----------  --------------  -------------------  ----------------------
/opt/airflow/dags/dss150p_pipeline.py                           1           0  0.67s           2026-09-21T15:29:30                      12
================================================================================
[2026-09-21T15:30:07.939+0000] {manager.py:997} INFO - 
================================================================================
DAG File Processing Stats

File Path                              PID    Runtime      # DAGs    # Errors  Last Runtime    Last Run               Last # of DB Queries
-------------------------------------  -----  ---------  --------  ----------  --------------  -------------------  ----------------------
/opt/airflow/dags/dss150p_pipeline.py                           1           0  0.66s           2026-09-21T15:30:01                      12
================================================================================
[2026-09-21T15:30:38.764+0000] {manager.py:997} INFO - 
================================================================================
DAG File Processing Stats

File Path                              PID    Runtime      # DAGs    # Errors  Last Runtime    Last Run               Last # of DB Queries
-------------------------------------  -----  ---------  --------  ----------  --------------  -------------------  ----------------------
/opt/airflow/dags/dss150p_pipeline.py                           1           0  0.55s           2026-09-21T15:30:32                      12
================================================================================
[2026-09-21T15:31:09.458+0000] {manager.py:997} INFO - 
================================================================================
DAG File Processing Stats

File Path                              PID    Runtime      # DAGs    # Errors  Last Runtime    Last Run               Last # of DB Queries
-------------------------------------  -----  ---------  --------  ----------  --------------  -------------------  ----------------------
/opt/airflow/dags/dss150p_pipeline.py                           1           0  1.11s           2026-09-21T15:31:04                      12
================================================================================
[2026-09-21T15:31:39.949+0000] {manager.py:997} INFO - 
================================================================================
DAG File Processing Stats

File Path                              PID    Runtime      # DAGs    # Errors  Last Runtime    Last Run               Last # of DB Queries
-------------------------------------  -----  ---------  --------  ----------  --------------  -------------------  ----------------------
/opt/airflow/dags/dss150p_pipeline.py                           1           0  0.73s           2026-09-21T15:31:35                      12
================================================================================
[2026-09-21T15:32:09.979+0000] {manager.py:997} INFO - 
================================================================================
DAG File Processing Stats

File Path                              PID    Runtime      # DAGs    # Errors  Last Runtime    Last Run               Last # of DB Queries
-------------------------------------  -----  ---------  --------  ----------  --------------  -------------------  ----------------------
/opt/airflow/dags/dss150p_pipeline.py                           1           0  0.87s           2026-09-21T15:32:06                      12
================================================================================
[2026-09-21T15:32:34.558+0000] {manager.py:821} INFO - Searching for files in /opt/airflow/dags
[2026-09-21T15:32:34.685+0000] {manager.py:824} INFO - There are 1 files in /opt/airflow/dags
[2026-09-21T15:32:40.417+0000] {manager.py:997} INFO - 
================================================================================
DAG File Processing Stats

File Path                              PID    Runtime      # DAGs    # Errors  Last Runtime    Last Run               Last # of DB Queries
-------------------------------------  -----  ---------  --------  ----------  --------------  -------------------  ----------------------
/opt/airflow/dags/dss150p_pipeline.py                           1           0  0.58s           2026-09-21T15:32:38                      12
================================================================================
[2026-09-21T15:33:10.611+0000] {manager.py:997} INFO - 
================================================================================
DAG File Processing Stats

File Path                              PID    Runtime      # DAGs    # Errors  Last Runtime    Last Run               Last # of DB Queries
-------------------------------------  -----  ---------  --------  ----------  --------------  -------------------  ----------------------
/opt/airflow/dags/dss150p_pipeline.py                           1           0  0.51s           2026-09-21T15:33:09                      12
================================================================================
[2026-09-21T15:33:41.108+0000] {manager.py:997} INFO - 
================================================================================
DAG File Processing Stats

File Path                              PID    Runtime      # DAGs    # Errors  Last Runtime    Last Run               Last # of DB Queries
-------------------------------------  -----  ---------  --------  ----------  --------------  -------------------  ----------------------
/opt/airflow/dags/dss150p_pipeline.py                           1           0  0.47s           2026-09-21T15:33:40                      12
================================================================================
[2026-09-21T15:34:11.919+0000] {manager.py:997} INFO - 
================================================================================
DAG File Processing Stats

File Path                                PID  Runtime      # DAGs    # Errors  Last Runtime    Last Run               Last # of DB Queries
-------------------------------------  -----  ---------  --------  ----------  --------------  -------------------  ----------------------
/opt/airflow/dags/dss150p_pipeline.py    232  1.07s             1           0  0.47s           2026-09-21T15:33:40                      12
================================================================================
[2026-09-21T15:34:42.444+0000] {manager.py:997} INFO - 
================================================================================
DAG File Processing Stats

File Path                                PID  Runtime      # DAGs    # Errors  Last Runtime    Last Run               Last # of DB Queries
-------------------------------------  -----  ---------  --------  ----------  --------------  -------------------  ----------------------
/opt/airflow/dags/dss150p_pipeline.py    252  0.02s             1           0  1.16s           2026-09-21T15:34:12                      12
================================================================================
[2026-09-21T15:35:12.582+0000] {manager.py:997} INFO - 
================================================================================
DAG File Processing Stats

File Path                              PID    Runtime      # DAGs    # Errors  Last Runtime    Last Run               Last # of DB Queries
-------------------------------------  -----  ---------  --------  ----------  --------------  -------------------  ----------------------
/opt/airflow/dags/dss150p_pipeline.py                           1           0  0.47s           2026-09-21T15:34:42                      12
================================================================================
[2026-09-21T15:35:43.166+0000] {manager.py:997} INFO - 
================================================================================
DAG File Processing Stats

File Path                              PID    Runtime      # DAGs    # Errors  Last Runtime    Last Run               Last # of DB Queries
-------------------------------------  -----  ---------  --------  ----------  --------------  -------------------  ----------------------
/opt/airflow/dags/dss150p_pipeline.py                           1           0  0.60s           2026-09-21T15:35:13                      12
================================================================================
[2026-09-21T15:36:14.004+0000] {manager.py:997} INFO - 
================================================================================
DAG File Processing Stats

File Path                              PID    Runtime      # DAGs    # Errors  Last Runtime    Last Run               Last # of DB Queries
-------------------------------------  -----  ---------  --------  ----------  --------------  -------------------  ----------------------
/opt/airflow/dags/dss150p_pipeline.py                           1           0  1.48s           2026-09-21T15:35:45                      12
================================================================================
[2026-09-21T15:36:44.345+0000] {manager.py:997} INFO - 
================================================================================
DAG File Processing Stats

File Path                              PID    Runtime      # DAGs    # Errors  Last Runtime    Last Run               Last # of DB Queries
-------------------------------------  -----  ---------  --------  ----------  --------------  -------------------  ----------------------
/opt/airflow/dags/dss150p_pipeline.py                           1           0  0.85s           2026-09-21T15:36:16                      12
================================================================================
[2026-09-21T15:37:14.526+0000] {manager.py:997} INFO - 
================================================================================
DAG File Processing Stats

File Path                              PID    Runtime      # DAGs    # Errors  Last Runtime    Last Run               Last # of DB Queries
-------------------------------------  -----  ---------  --------  ----------  --------------  -------------------  ----------------------
/opt/airflow/dags/dss150p_pipeline.py                           1           0  0.38s           2026-09-21T15:36:47                      12
================================================================================
[2026-09-21T15:37:35.153+0000] {manager.py:821} INFO - Searching for files in /opt/airflow/dags
[2026-09-21T15:37:35.191+0000] {manager.py:824} INFO - There are 1 files in /opt/airflow/dags
[2026-09-21T15:37:44.665+0000] {manager.py:997} INFO - 
================================================================================
DAG File Processing Stats

File Path                              PID    Runtime      # DAGs    # Errors  Last Runtime    Last Run               Last # of DB Queries
-------------------------------------  -----  ---------  --------  ----------  --------------  -------------------  ----------------------
/opt/airflow/dags/dss150p_pipeline.py                           1           0  0.38s           2026-09-21T15:37:18                      12
================================================================================
[2026-09-21T15:38:14.745+0000] {manager.py:997} INFO - 
================================================================================
DAG File Processing Stats

File Path                              PID    Runtime      # DAGs    # Errors  Last Runtime    Last Run               Last # of DB Queries
-------------------------------------  -----  ---------  --------  ----------  --------------  -------------------  ----------------------
/opt/airflow/dags/dss150p_pipeline.py                           1           0  0.44s           2026-09-21T15:37:48                      12
================================================================================
[2026-09-21T15:38:45.760+0000] {manager.py:997} INFO - 
================================================================================
DAG File Processing Stats

File Path                              PID    Runtime      # DAGs    # Errors  Last Runtime    Last Run               Last # of DB Queries
-------------------------------------  -----  ---------  --------  ----------  --------------  -------------------  ----------------------
/opt/airflow/dags/dss150p_pipeline.py                           1           0  0.44s           2026-09-21T15:38:19                      12
================================================================================
[2026-09-21T15:39:15.936+0000] {manager.py:997} INFO - 
================================================================================
DAG File Processing Stats

File Path                              PID    Runtime      # DAGs    # Errors  Last Runtime    Last Run               Last # of DB Queries
-------------------------------------  -----  ---------  --------  ----------  --------------  -------------------  ----------------------
/opt/airflow/dags/dss150p_pipeline.py                           1           0  1.19s           2026-09-21T15:38:51                      12
================================================================================
[2026-09-21T15:39:46.432+0000] {manager.py:997} INFO - 
================================================================================
DAG File Processing Stats

File Path                              PID    Runtime      # DAGs    # Errors  Last Runtime    Last Run               Last # of DB Queries
-------------------------------------  -----  ---------  --------  ----------  --------------  -------------------  ----------------------
/opt/airflow/dags/dss150p_pipeline.py                           1           0  0.88s           2026-09-21T15:39:22                      12
================================================================================
[2026-09-21T15:40:16.603+0000] {manager.py:997} INFO - 
================================================================================
DAG File Processing Stats

File Path                              PID    Runtime      # DAGs    # Errors  Last Runtime    Last Run               Last # of DB Queries
-------------------------------------  -----  ---------  --------  ----------  --------------  -------------------  ----------------------
/opt/airflow/dags/dss150p_pipeline.py                           1           0  1.57s           2026-09-21T15:39:55                      12
================================================================================
[2026-09-21T15:40:46.911+0000] {manager.py:997} INFO - 
================================================================================
DAG File Processing Stats

File Path                              PID    Runtime      # DAGs    # Errors  Last Runtime    Last Run               Last # of DB Queries
-------------------------------------  -----  ---------  --------  ----------  --------------  -------------------  ----------------------
/opt/airflow/dags/dss150p_pipeline.py                           1           0  0.81s           2026-09-21T15:40:26                      12
================================================================================
[2026-09-21T15:41:17.239+0000] {manager.py:997} INFO - 
================================================================================
DAG File Processing Stats

File Path                              PID    Runtime      # DAGs    # Errors  Last Runtime    Last Run               Last # of DB Queries
-------------------------------------  -----  ---------  --------  ----------  --------------  -------------------  ----------------------
/opt/airflow/dags/dss150p_pipeline.py                           1           0  0.53s           2026-09-21T15:40:56                      12
================================================================================
[2026-09-21T15:41:47.270+0000] {manager.py:997} INFO - 
================================================================================
DAG File Processing Stats

File Path                              PID    Runtime      # DAGs    # Errors  Last Runtime    Last Run               Last # of DB Queries
-------------------------------------  -----  ---------  --------  ----------  --------------  -------------------  ----------------------
/opt/airflow/dags/dss150p_pipeline.py                           1           0  0.42s           2026-09-21T15:41:28                      12
================================================================================
[2026-09-21T15:42:17.463+0000] {manager.py:997} INFO - 
================================================================================
DAG File Processing Stats

File Path                              PID    Runtime      # DAGs    # Errors  Last Runtime    Last Run               Last # of DB Queries
-------------------------------------  -----  ---------  --------  ----------  --------------  -------------------  ----------------------
/opt/airflow/dags/dss150p_pipeline.py                           1           0  0.35s           2026-09-21T15:41:58                      12
================================================================================
[2026-09-21T15:42:35.806+0000] {manager.py:821} INFO - Searching for files in /opt/airflow/dags
[2026-09-21T15:42:36.231+0000] {manager.py:824} INFO - There are 1 files in /opt/airflow/dags
[2026-09-21T15:42:47.750+0000] {manager.py:997} INFO - 
================================================================================
DAG File Processing Stats

File Path                              PID    Runtime      # DAGs    # Errors  Last Runtime    Last Run               Last # of DB Queries
-------------------------------------  -----  ---------  --------  ----------  --------------  -------------------  ----------------------
/opt/airflow/dags/dss150p_pipeline.py                           1           0  0.41s           2026-09-21T15:42:29                      12
================================================================================
[2026-09-21T15:43:18.405+0000] {manager.py:997} INFO - 
================================================================================
DAG File Processing Stats

File Path                              PID    Runtime      # DAGs    # Errors  Last Runtime    Last Run               Last # of DB Queries
-------------------------------------  -----  ---------  --------  ----------  --------------  -------------------  ----------------------
/opt/airflow/dags/dss150p_pipeline.py                           1           0  7.49s           2026-09-21T15:43:12                      12
================================================================================
[2026-09-21T15:43:49.258+0000] {manager.py:997} INFO - 
================================================================================
DAG File Processing Stats

File Path                              PID    Runtime      # DAGs    # Errors  Last Runtime    Last Run               Last # of DB Queries
-------------------------------------  -----  ---------  --------  ----------  --------------  -------------------  ----------------------
/opt/airflow/dags/dss150p_pipeline.py                           1           0  0.36s           2026-09-21T15:43:43                      12
================================================================================
[2026-09-21T15:44:19.849+0000] {manager.py:997} INFO - 
================================================================================
DAG File Processing Stats

File Path                              PID    Runtime      # DAGs    # Errors  Last Runtime    Last Run               Last # of DB Queries
-------------------------------------  -----  ---------  --------  ----------  --------------  -------------------  ----------------------
/opt/airflow/dags/dss150p_pipeline.py                           1           0  0.40s           2026-09-21T15:44:13                      12
================================================================================
[2026-09-21T15:44:50.119+0000] {manager.py:997} INFO - 
================================================================================
DAG File Processing Stats

File Path                              PID    Runtime      # DAGs    # Errors  Last Runtime    Last Run               Last # of DB Queries
-------------------------------------  -----  ---------  --------  ----------  --------------  -------------------  ----------------------
/opt/airflow/dags/dss150p_pipeline.py                           1           0  0.43s           2026-09-21T15:44:45                      12
================================================================================
[2026-09-21T15:45:20.707+0000] {manager.py:997} INFO - 
================================================================================
DAG File Processing Stats

File Path                              PID    Runtime      # DAGs    # Errors  Last Runtime    Last Run               Last # of DB Queries
-------------------------------------  -----  ---------  --------  ----------  --------------  -------------------  ----------------------
/opt/airflow/dags/dss150p_pipeline.py                           1           0  1.53s           2026-09-21T15:45:16                      12
================================================================================
[2026-09-21T15:45:50.827+0000] {manager.py:997} INFO - 
================================================================================
DAG File Processing Stats

File Path                              PID    Runtime      # DAGs    # Errors  Last Runtime    Last Run               Last # of DB Queries
-------------------------------------  -----  ---------  --------  ----------  --------------  -------------------  ----------------------
/opt/airflow/dags/dss150p_pipeline.py                           1           0  1.40s           2026-09-21T15:45:48                      12
================================================================================
[2026-09-21T15:46:21.211+0000] {manager.py:997} INFO - 
================================================================================
DAG File Processing Stats

File Path                              PID    Runtime      # DAGs    # Errors  Last Runtime    Last Run               Last # of DB Queries
-------------------------------------  -----  ---------  --------  ----------  --------------  -------------------  ----------------------
/opt/airflow/dags/dss150p_pipeline.py                           1           0  0.49s           2026-09-21T15:46:19                      12
================================================================================
[2026-09-21T15:46:51.617+0000] {manager.py:997} INFO - 
================================================================================
DAG File Processing Stats

File Path                              PID    Runtime      # DAGs    # Errors  Last Runtime    Last Run               Last # of DB Queries
-------------------------------------  -----  ---------  --------  ----------  --------------  -------------------  ----------------------
/opt/airflow/dags/dss150p_pipeline.py                           1           0  0.55s           2026-09-21T15:46:50                      12
================================================================================
[2026-09-21T15:47:21.682+0000] {manager.py:997} INFO - 
================================================================================
DAG File Processing Stats

File Path                              PID    Runtime      # DAGs    # Errors  Last Runtime    Last Run               Last # of DB Queries
-------------------------------------  -----  ---------  --------  ----------  --------------  -------------------  ----------------------
/opt/airflow/dags/dss150p_pipeline.py                           1           0  0.35s           2026-09-21T15:47:20                      12
================================================================================
[2026-09-21T15:47:35.933+0000] {manager.py:821} INFO - Searching for files in /opt/airflow/dags
[2026-09-21T15:47:35.987+0000] {manager.py:824} INFO - There are 1 files in /opt/airflow/dags
[2026-09-21T15:47:52.612+0000] {manager.py:997} INFO - 
================================================================================
DAG File Processing Stats

File Path                              PID    Runtime      # DAGs    # Errors  Last Runtime    Last Run               Last # of DB Queries
-------------------------------------  -----  ---------  --------  ----------  --------------  -------------------  ----------------------
/opt/airflow/dags/dss150p_pipeline.py                           1           0  0.30s           2026-09-21T15:47:51                      12
================================================================================
[2026-09-21T15:48:22.737+0000] {manager.py:997} INFO - 
================================================================================
DAG File Processing Stats

File Path                              PID    Runtime      # DAGs    # Errors  Last Runtime    Last Run               Last # of DB Queries
-------------------------------------  -----  ---------  --------  ----------  --------------  -------------------  ----------------------
/opt/airflow/dags/dss150p_pipeline.py                           1           0  0.42s           2026-09-21T15:48:22                      12
================================================================================
[2026-09-21T15:48:53.160+0000] {manager.py:997} INFO - 
================================================================================
DAG File Processing Stats

File Path                                PID  Runtime      # DAGs    # Errors  Last Runtime    Last Run               Last # of DB Queries
-------------------------------------  -----  ---------  --------  ----------  --------------  -------------------  ----------------------
/opt/airflow/dags/dss150p_pipeline.py    478  0.02s             1           0  0.42s           2026-09-21T15:48:22                      12
================================================================================
[2026-09-21T15:49:24.005+0000] {manager.py:997} INFO - 
================================================================================
DAG File Processing Stats

File Path                                PID  Runtime      # DAGs    # Errors  Last Runtime    Last Run               Last # of DB Queries
-------------------------------------  -----  ---------  --------  ----------  --------------  -------------------  ----------------------
/opt/airflow/dags/dss150p_pipeline.py    483  0.01s             1           0  0.46s           2026-09-21T15:48:53                      12
================================================================================
[2026-09-21T15:49:54.841+0000] {manager.py:997} INFO - 
================================================================================
DAG File Processing Stats

File Path                                PID  Runtime      # DAGs    # Errors  Last Runtime    Last Run               Last # of DB Queries
-------------------------------------  -----  ---------  --------  ----------  --------------  -------------------  ----------------------
/opt/airflow/dags/dss150p_pipeline.py    488  0.02s             1           0  0.37s           2026-09-21T15:49:24                      12
================================================================================
[2026-09-21T15:50:25.744+0000] {manager.py:997} INFO - 
================================================================================
DAG File Processing Stats

File Path                                PID  Runtime      # DAGs    # Errors  Last Runtime    Last Run               Last # of DB Queries
-------------------------------------  -----  ---------  --------  ----------  --------------  -------------------  ----------------------
/opt/airflow/dags/dss150p_pipeline.py    493  0.03s             1           0  0.31s           2026-09-21T15:49:55                      12
================================================================================
[2026-09-21T15:50:56.006+0000] {manager.py:997} INFO - 
================================================================================
DAG File Processing Stats

File Path                              PID    Runtime      # DAGs    # Errors  Last Runtime    Last Run               Last # of DB Queries
-------------------------------------  -----  ---------  --------  ----------  --------------  -------------------  ----------------------
/opt/airflow/dags/dss150p_pipeline.py                           1           0  0.35s           2026-09-21T15:50:26                      12
================================================================================
[2026-09-21T15:51:26.667+0000] {manager.py:997} INFO - 
================================================================================
DAG File Processing Stats

File Path                              PID    Runtime      # DAGs    # Errors  Last Runtime    Last Run               Last # of DB Queries
-------------------------------------  -----  ---------  --------  ----------  --------------  -------------------  ----------------------
/opt/airflow/dags/dss150p_pipeline.py                           1           0  0.40s           2026-09-21T15:50:57                      12
================================================================================
[2026-09-21T15:51:56.920+0000] {manager.py:997} INFO - 
================================================================================
DAG File Processing Stats

File Path                              PID    Runtime      # DAGs    # Errors  Last Runtime    Last Run               Last # of DB Queries
-------------------------------------  -----  ---------  --------  ----------  --------------  -------------------  ----------------------
/opt/airflow/dags/dss150p_pipeline.py                           1           0  0.67s           2026-09-21T15:51:28                      12
================================================================================
[2026-09-21T15:52:26.993+0000] {manager.py:997} INFO - 
================================================================================
DAG File Processing Stats

File Path                              PID    Runtime      # DAGs    # Errors  Last Runtime    Last Run               Last # of DB Queries
-------------------------------------  -----  ---------  --------  ----------  --------------  -------------------  ----------------------
/opt/airflow/dags/dss150p_pipeline.py                           1           0  0.36s           2026-09-21T15:51:59                      12
================================================================================
[2026-09-21T15:52:36.210+0000] {manager.py:821} INFO - Searching for files in /opt/airflow/dags
[2026-09-21T15:52:36.276+0000] {manager.py:824} INFO - There are 1 files in /opt/airflow/dags
[2026-09-21T15:52:57.821+0000] {manager.py:997} INFO - 
================================================================================
DAG File Processing Stats

File Path                              PID    Runtime      # DAGs    # Errors  Last Runtime    Last Run               Last # of DB Queries
-------------------------------------  -----  ---------  --------  ----------  --------------  -------------------  ----------------------
/opt/airflow/dags/dss150p_pipeline.py                           1           0  0.30s           2026-09-21T15:52:30                      12
================================================================================
[2026-09-21T15:53:28.470+0000] {manager.py:997} INFO - 
================================================================================
DAG File Processing Stats

File Path                              PID    Runtime      # DAGs    # Errors  Last Runtime    Last Run               Last # of DB Queries
-------------------------------------  -----  ---------  --------  ----------  --------------  -------------------  ----------------------
/opt/airflow/dags/dss150p_pipeline.py                           1           0  0.30s           2026-09-21T15:53:01                      12
================================================================================
[2026-09-21T15:53:58.473+0000] {manager.py:997} INFO - 
================================================================================
DAG File Processing Stats

File Path                              PID    Runtime      # DAGs    # Errors  Last Runtime    Last Run               Last # of DB Queries
-------------------------------------  -----  ---------  --------  ----------  --------------  -------------------  ----------------------
/opt/airflow/dags/dss150p_pipeline.py                           1           0  0.39s           2026-09-21T15:53:31                      12
================================================================================
[2026-09-21T15:54:29.171+0000] {manager.py:997} INFO - 
================================================================================
DAG File Processing Stats

File Path                              PID    Runtime      # DAGs    # Errors  Last Runtime    Last Run               Last # of DB Queries
-------------------------------------  -----  ---------  --------  ----------  --------------  -------------------  ----------------------
/opt/airflow/dags/dss150p_pipeline.py                           1           0  0.30s           2026-09-21T15:54:02                      12
================================================================================
[2026-09-21T15:54:59.356+0000] {manager.py:997} INFO - 
================================================================================
DAG File Processing Stats

File Path                              PID    Runtime      # DAGs    # Errors  Last Runtime    Last Run               Last # of DB Queries
-------------------------------------  -----  ---------  --------  ----------  --------------  -------------------  ----------------------
/opt/airflow/dags/dss150p_pipeline.py                           1           0  0.40s           2026-09-21T15:54:33                      12
================================================================================
[2026-09-21T15:55:29.932+0000] {manager.py:997} INFO - 
================================================================================
DAG File Processing Stats

File Path                              PID    Runtime      # DAGs    # Errors  Last Runtime    Last Run               Last # of DB Queries
-------------------------------------  -----  ---------  --------  ----------  --------------  -------------------  ----------------------
/opt/airflow/dags/dss150p_pipeline.py                           1           0  0.33s           2026-09-21T15:55:04                      12
================================================================================
[2026-09-21T15:56:00.736+0000] {manager.py:997} INFO - 
================================================================================
DAG File Processing Stats

File Path                              PID    Runtime      # DAGs    # Errors  Last Runtime    Last Run               Last # of DB Queries
-------------------------------------  -----  ---------  --------  ----------  --------------  -------------------  ----------------------
/opt/airflow/dags/dss150p_pipeline.py                           1           0  0.30s           2026-09-21T15:55:35                      12
================================================================================
[2026-09-21T15:56:30.792+0000] {manager.py:997} INFO - 
================================================================================
DAG File Processing Stats

File Path                              PID    Runtime      # DAGs    # Errors  Last Runtime    Last Run               Last # of DB Queries
-------------------------------------  -----  ---------  --------  ----------  --------------  -------------------  ----------------------
/opt/airflow/dags/dss150p_pipeline.py                           1           0  0.31s           2026-09-21T15:56:06                      12
================================================================================
[2026-09-21T15:57:01.496+0000] {manager.py:997} INFO - 
================================================================================
DAG File Processing Stats

File Path                              PID    Runtime      # DAGs    # Errors  Last Runtime    Last Run               Last # of DB Queries
-------------------------------------  -----  ---------  --------  ----------  --------------  -------------------  ----------------------
/opt/airflow/dags/dss150p_pipeline.py                           1           0  0.58s           2026-09-21T15:56:37                      12
================================================================================
[2026-09-21T15:57:31.719+0000] {manager.py:997} INFO - 
================================================================================
DAG File Processing Stats

File Path                              PID    Runtime      # DAGs    # Errors  Last Runtime    Last Run               Last # of DB Queries
-------------------------------------  -----  ---------  --------  ----------  --------------  -------------------  ----------------------
/opt/airflow/dags/dss150p_pipeline.py                           1           0  0.92s           2026-09-21T15:57:08                      12
================================================================================
[2026-09-21T15:57:36.569+0000] {manager.py:821} INFO - Searching for files in /opt/airflow/dags
[2026-09-21T15:57:36.711+0000] {manager.py:824} INFO - There are 1 files in /opt/airflow/dags
[2026-09-21T15:58:01.845+0000] {manager.py:997} INFO - 
================================================================================
DAG File Processing Stats

File Path                              PID    Runtime      # DAGs    # Errors  Last Runtime    Last Run               Last # of DB Queries
-------------------------------------  -----  ---------  --------  ----------  --------------  -------------------  ----------------------
/opt/airflow/dags/dss150p_pipeline.py                           1           0  0.49s           2026-09-21T15:57:40                      12
================================================================================
[2026-09-21T15:58:32.143+0000] {manager.py:997} INFO - 
================================================================================
DAG File Processing Stats

File Path                              PID    Runtime      # DAGs    # Errors  Last Runtime    Last Run               Last # of DB Queries
-------------------------------------  -----  ---------  --------  ----------  --------------  -------------------  ----------------------
/opt/airflow/dags/dss150p_pipeline.py                           1           0  0.93s           2026-09-21T15:58:11                      12
================================================================================
[2026-09-21T15:59:02.217+0000] {manager.py:997} INFO - 
================================================================================
DAG File Processing Stats

File Path                              PID    Runtime      # DAGs    # Errors  Last Runtime    Last Run               Last # of DB Queries
-------------------------------------  -----  ---------  --------  ----------  --------------  -------------------  ----------------------
/opt/airflow/dags/dss150p_pipeline.py                           1           0  0.31s           2026-09-21T15:58:42                      12
================================================================================
[2026-09-21T15:59:32.264+0000] {manager.py:997} INFO - 
================================================================================
DAG File Processing Stats

File Path                              PID    Runtime      # DAGs    # Errors  Last Runtime    Last Run               Last # of DB Queries
-------------------------------------  -----  ---------  --------  ----------  --------------  -------------------  ----------------------
/opt/airflow/dags/dss150p_pipeline.py                           1           0  0.42s           2026-09-21T15:59:12                      12
================================================================================
[2026-09-21T16:00:03.027+0000] {manager.py:997} INFO - 
================================================================================
DAG File Processing Stats

File Path                              PID    Runtime      # DAGs    # Errors  Last Runtime    Last Run               Last # of DB Queries
-------------------------------------  -----  ---------  --------  ----------  --------------  -------------------  ----------------------
/opt/airflow/dags/dss150p_pipeline.py                           1           0  0.27s           2026-09-21T15:59:43                      12
================================================================================
[2026-09-21T16:00:33.126+0000] {manager.py:997} INFO - 
================================================================================
DAG File Processing Stats

File Path                              PID    Runtime      # DAGs    # Errors  Last Runtime    Last Run               Last # of DB Queries
-------------------------------------  -----  ---------  --------  ----------  --------------  -------------------  ----------------------
/opt/airflow/dags/dss150p_pipeline.py                           1           0  0.35s           2026-09-21T16:00:14                      12
================================================================================
[2026-09-21T16:01:03.927+0000] {manager.py:997} INFO - 
================================================================================
DAG File Processing Stats

File Path                              PID    Runtime      # DAGs    # Errors  Last Runtime    Last Run               Last # of DB Queries
-------------------------------------  -----  ---------  --------  ----------  --------------  -------------------  ----------------------
/opt/airflow/dags/dss150p_pipeline.py                           1           0  0.57s           2026-09-21T16:00:45                      12
================================================================================
